  0
SECTION
  2
HEADER
  9
$ACADVER
  1
AC1009
  9
$INSBASE
 10
0.0
 20
0.0
 30
0.0
  9
$EXTMIN
 10
-215.9000000012698877
 20
-349.788750807367478
 30
0.0
  9
$EXTMAX
 10
339.1314830808993861
 20
279.4000030403799997
 30
0.0
  9
$LIMMIN
 10
0.0
 20
0.0
  9
$LIMMAX
 10
12.0
 20
9.0
  9
$ORTHOMODE
 70
     0
  9
$REGENMODE
 70
     1
  9
$FILLMODE
 70
     1
  9
$QTEXTMODE
 70
     0
  9
$MIRRTEXT
 70
     0
  9
$DRAGMODE
 70
     2
  9
$LTSCALE
 40
1.0
  9
$OSMODE
 70
  4095
  9
$ATTMODE
 70
     1
  9
$TEXTSIZE
 40
0.2
  9
$TRACEWID
 40
0.05
  9
$TEXTSTYLE
  7
STANDARD
  9
$CLAYER
  8
0
  9
$CELTYPE
  6
BYLAYER
  9
$CECOLOR
 62
   256
  9
$DIMSCALE
 40
1.0
  9
$DIMASZ
 40
0.18
  9
$DIMEXO
 40
0.0625
  9
$DIMDLI
 40
0.38
  9
$DIMRND
 40
0.0
  9
$DIMDLE
 40
0.0
  9
$DIMEXE
 40
0.18
  9
$DIMTP
 40
0.0
  9
$DIMTM
 40
0.0
  9
$DIMTXT
 40
0.18
  9
$DIMCEN
 40
0.09
  9
$DIMTSZ
 40
0.0
  9
$DIMTOL
 70
     0
  9
$DIMLIM
 70
     0
  9
$DIMTIH
 70
     1
  9
$DIMTOH
 70
     1
  9
$DIMSE1
 70
     0
  9
$DIMSE2
 70
     0
  9
$DIMTAD
 70
     0
  9
$DIMZIN
 70
     0
  9
$DIMBLK
  1

  9
$DIMASO
 70
     1
  9
$DIMSHO
 70
     1
  9
$DIMPOST
  1

  9
$DIMAPOST
  1

  9
$DIMALT
 70
     0
  9
$DIMALTD
 70
     2
  9
$DIMALTF
 40
25.3999999999999986
  9
$DIMLFAC
 40
1.0
  9
$DIMTOFL
 70
     0
  9
$DIMTVP
 40
0.0
  9
$DIMTIX
 70
     0
  9
$DIMSOXD
 70
     0
  9
$DIMSAH
 70
     0
  9
$DIMBLK1
  1

  9
$DIMBLK2
  1

  9
$DIMSTYLE
  2
STANDARD
  9
$DIMCLRD
 70
     0
  9
$DIMCLRE
 70
     0
  9
$DIMCLRT
 70
     0
  9
$DIMTFAC
 40
1.0
  9
$DIMGAP
 40
0.09
  9
$LUNITS
 70
     2
  9
$LUPREC
 70
     4
  9
$SKETCHINC
 40
0.1
  9
$FILLETRAD
 40
0.0
  9
$AUNITS
 70
     0
  9
$AUPREC
 70
     0
  9
$MENU
  1
.
  9
$ELEVATION
 40
0.0
  9
$PELEVATION
 40
0.0
  9
$THICKNESS
 40
0.0
  9
$LIMCHECK
 70
     0
  9
$BLIPMODE
 70
     0
  9
$CHAMFERA
 40
0.0
  9
$CHAMFERB
 40
0.0
  9
$SKPOLY
 70
     0
  9
$TDCREATE
 40
2460845.7137731481343508
  9
$TDUPDATE
 40
2460845.7222337969578803
  9
$TDINDWG
 40
0.0084606481
  9
$TDUSRTIMER
 40
0.0084606481
  9
$USRTIMER
 70
     1
  9
$ANGBASE
 50
0.0
  9
$ANGDIR
 70
     0
  9
$PDMODE
 70
     0
  9
$PDSIZE
 40
0.0
  9
$PLINEWID
 40
0.0
  9
$COORDS
 70
     1
  9
$SPLFRAME
 70
     0
  9
$SPLINETYPE
 70
     6
  9
$SPLINESEGS
 70
     8
  9
$ATTDIA
 70
     1
  9
$ATTREQ
 70
     1
  9
$HANDLING
 70
     1
  9
$HANDSEED
  5
5B9C
  9
$SURFTAB1
 70
     6
  9
$SURFTAB2
 70
     6
  9
$SURFTYPE
 70
     6
  9
$SURFU
 70
     6
  9
$SURFV
 70
     6
  9
$UCSNAME
  2

  9
$UCSORG
 10
0.0
 20
0.0
 30
0.0
  9
$UCSXDIR
 10
1.0
 20
0.0
 30
0.0
  9
$UCSYDIR
 10
0.0
 20
1.0
 30
0.0
  9
$PUCSNAME
  2

  9
$PUCSORG
 10
0.0
 20
0.0
 30
0.0
  9
$PUCSXDIR
 10
1.0
 20
0.0
 30
0.0
  9
$PUCSYDIR
 10
0.0
 20
1.0
 30
0.0
  9
$USERI1
 70
     0
  9
$USERI2
 70
     0
  9
$USERI3
 70
     0
  9
$USERI4
 70
     0
  9
$USERI5
 70
     0
  9
$USERR1
 40
0.0
  9
$USERR2
 40
0.0
  9
$USERR3
 40
0.0
  9
$USERR4
 40
0.0
  9
$USERR5
 40
0.0
  9
$WORLDVIEW
 70
     1
  9
$SHADEDGE
 70
     3
  9
$SHADEDIF
 70
    70
  9
$TILEMODE
 70
     1
  9
$MAXACTVP
 70
    64
  9
$PLIMCHECK
 70
     0
  9
$PEXTMIN
 10
0.0
 20
0.0
 30
0.0
  9
$PEXTMAX
 10
0.0
 20
0.0
 30
0.0
  9
$PLIMMIN
 10
0.0
 20
0.0
  9
$PLIMMAX
 10
12.0
 20
9.0
  9
$UNITMODE
 70
     0
  9
$VISRETAIN
 70
     1
  9
$PLINEGEN
 70
     0
  9
$PSLTSCALE
 70
     1
  0
ENDSEC
  0
SECTION
  2
TABLES
  0
TABLE
  2
VPORT
 70
     1
  0
VPORT
  2
*ACTIVE
 70
     0
 10
0.0
 20
0.0
 11
1.0
 21
1.0
 12
-106.2633065012393985
 22
-211.6847579261456929
 13
0.0
 23
0.0
 14
0.5
 24
0.5
 15
0.5
 25
0.5
 16
0.0
 26
0.0
 36
1.0
 17
0.0
 27
0.0
 37
0.0
 40
1511.8995283146009569
 41
1.7587034813925559
 42
50.0
 43
0.0
 44
0.0
 50
0.0
 51
0.0
 71
     0
 72
  1000
 73
     1
 74
     3
 75
     0
 76
     1
 77
     0
 78
     0
  0
ENDTAB
  0
TABLE
  2
LTYPE
 70
     1
  0
LTYPE
  2
CONTINUOUS
 70
     0
  3
Solid line
 72
    65
 73
     0
 40
0.0
  0
ENDTAB
  0
TABLE
  2
LAYER
 70
    26
  0
LAYER
  2
0
 70
     0
 62
     7
  6
CONTINUOUS
  0
LAYER
  2
_G01-IND-3GEN_DRILLS
 70
     0
 62
    40
  6
CONTINUOUS
  0
LAYER
  2
_G01-IND-3GEN_OUTLINE
 70
     0
 62
     4
  6
CONTINUOUS
  0
LAYER
  2
1_0_PALLET
 70
     0
 62
    53
  6
CONTINUOUS
  0
LAYER
  2
DEFPOINTS
 70
     0
 62
     7
  6
CONTINUOUS
  0
ENDTAB
  0
TABLE
  2
STYLE
 70
     5
  0
STYLE
  2
STANDARD
 70
     0
 40
0.0
 41
1.0
 50
0.0
 71
     0
 42
0.2
  3
txt
  4

  0
STYLE
  2
MtXpl_Century_Gothic
 70
     0
 40
0.0
 41
1.0
 50
0.0
 71
     0
 42
0.2
  3
txt
  4

  0
ENDTAB
  0
TABLE
  2
VIEW
 70
     0
  0
ENDTAB
  0
TABLE
  2
UCS
 70
     0
  0
ENDTAB
  0
TABLE
  2
APPID
 70
    13
  0
APPID
  2
ACAD
 70
     0
  0
APPID
  2
ACADANNOPO
 70
     0
  0
APPID
  2
ACADANNOTATIVE
 70
     0
  0
APPID
  2
ACAD_DSTYLE_DIMJAG
 70
     0
  0
APPID
  2
ACAD_DSTYLE_DIMTALN
 70
     0
  0
APPID
  2
ACAD_MLEADERVER
 70
     0
  0
APPID
  2
ACAD_NAV_VCDISPLAY
 70
     0
  0
APPID
  2
ACAECLAYERSTANDARD
 70
     0
  0
APPID
  2
ACCMTRANSPARENCY
 70
     0
  0
APPID
  2
ACLAYERTOOLS
 70
     0
  0
APPID
  2
ACAD_PSEXT
 70
     0
  0
APPID
  2
ACAD_TC
 70
     0
  0
APPID
  2
ACAD_DSTYLE_DIMRADIAL_EXTENSION
 70
     0
  0
ENDTAB
  0
TABLE
  2
DIMSTYLE
 70
     2
  0
DIMSTYLE
  2
STANDARD
 70
     0
  3

  4

  5

  6

  7

 40
1.0
 41
0.18
 42
0.0625
 43
0.38
 44
0.18
 45
0.0
 46
0.0
 47
0.0
 48
0.0
140
0.18
141
0.09
142
0.0
143
25.3999999999999986
144
1.0
145
0.0
146
1.0
147
0.09
 71
     0
 72
     0
 73
     1
 74
     1
 75
     0
 76
     0
 77
     0
 78
     0
170
     0
171
     2
172
     0
173
     0
174
     0
175
     0
176
     0
177
     0
178
     0
  0
ENDTAB
  0
ENDSEC
  0
SECTION
  2
BLOCKS
  0
BLOCK
  8
0
  2
$MODEL_SPACE
 70
     0
 10
0.0
 20
0.0
 30
0.0
  3
$MODEL_SPACE
  1

  0
ENDBLK
  5
21
  8
0
  0
BLOCK
 67
     1
  8
0
  2
$PAPER_SPACE
 70
     0
 10
0.0
 20
0.0
 30
0.0
  3
$PAPER_SPACE
  1

  0
ENDBLK
  5
5B
 67
     1
  8
0
  0
BLOCK
  8
0
  2
ROUND_6
 70
     0
 10
0.0
 20
0.0
 30
0.0
  3
ROUND_6
  1

  0
CIRCLE
  5
274
  8
0
 10
0.0
 20
0.0
 30
0.0
 40
0.005
  0
ENDBLK
  5
275
  8
0
  0
BLOCK
  8
0
  2
ROUND_8
 70
     0
 10
0.0
 20
0.0
 30
0.0
  3
ROUND_8
  1

  0
CIRCLE
  5
278
  8
0
 10
0.0
 20
0.0
 30
0.0
 40
0.025
  0
ENDBLK
  5
279
  8
0
  0
BLOCK
  8
0
  2
ROUND_99
 70
     0
 10
0.0
 20
0.0
 30
0.0
  3
ROUND_99
  1

  0
CIRCLE
  5
27C
  8
0
 10
0.0
 20
0.0
 30
0.0
 40
0.006
  0
ENDBLK
  5
27D
  8
0
  0
BLOCK
  8
0
  2
ROUND_112
 70
     0
 10
0.0
 20
0.0
 30
0.0
  3
ROUND_112
  1

  0
CIRCLE
  5
280
  8
0
 10
0.0
 20
0.0
 30
0.0
 40
0.0325
  0
ENDBLK
  5
281
  8
0
  0
BLOCK
  8
0
  2
ROUND_118
 70
     0
 10
0.0
 20
0.0
 30
0.0
  3
ROUND_118
  1

  0
CIRCLE
  5
284
  8
0
 10
0.0
 20
0.0
 30
0.0
 40
0.0275
  0
ENDBLK
  5
285
  8
0
  0
BLOCK
  8
0
  2
ROUND_122
 70
     0
 10
0.0
 20
0.0
 30
0.0
  3
ROUND_122
  1

  0
CIRCLE
  5
288
  8
0
 10
0.0
 20
0.0
 30
0.0
 40
0.0375
  0
ENDBLK
  5
289
  8
0
  0
BLOCK
  8
0
  2
ROUND_139
 70
     0
 10
0.0
 20
0.0
 30
0.0
  3
ROUND_139
  1

  0
CIRCLE
  5
28C
  8
0
 10
0.0
 20
0.0
 30
0.0
 40
0.0225
  0
ENDBLK
  5
28D
  8
0
  0
BLOCK
  8
0
  2
ROUND_146
 70
     0
 10
0.0
 20
0.0
 30
0.0
  3
ROUND_146
  1

  0
CIRCLE
  5
290
  8
0
 10
0.0
 20
0.0
 30
0.0
 40
0.0625
  0
ENDBLK
  5
291
  8
0
  0
BLOCK
  8
0
  2
ROUND_147
 70
     0
 10
0.0
 20
0.0
 30
0.0
  3
ROUND_147
  1

  0
CIRCLE
  5
294
  8
0
 10
0.0
 20
0.0
 30
0.0
 40
0.031
  0
ENDBLK
  5
295
  8
0
  0
BLOCK
  8
0
  2
ROUND_148
 70
     0
 10
0.0
 20
0.0
 30
0.0
  3
ROUND_148
  1

  0
CIRCLE
  5
298
  8
0
 10
0.0
 20
0.0
 30
0.0
 40
0.0175
  0
ENDBLK
  5
299
  8
0
  0
BLOCK
  8
0
  2
ROUND_237
 70
     0
 10
0.0
 20
0.0
 30
0.0
  3
ROUND_237
  1

  0
CIRCLE
  5
29C
  8
0
 10
0.0
 20
0.0
 30
0.0
 40
0.014
  0
ENDBLK
  5
29D
  8
0
  0
BLOCK
  8
0
  2
ROUND_238
 70
     0
 10
0.0
 20
0.0
 30
0.0
  3
ROUND_238
  1

  0
CIRCLE
  5
2A0
  8
0
 10
0.0
 20
0.0
 30
0.0
 40
0.078
  0
ENDBLK
  5
2A1
  8
0
  0
BLOCK
  8
0
  2
ROUND_239
 70
     0
 10
0.0
 20
0.0
 30
0.0
  3
ROUND_239
  1

  0
CIRCLE
  5
2A4
  8
0
 10
0.0
 20
0.0
 30
0.0
 40
0.023
  0
ENDBLK
  5
2A5
  8
0
  0
BLOCK
  8
0
  2
ROUND_240
 70
     0
 10
0.0
 20
0.0
 30
0.0
  3
ROUND_240
  1

  0
CIRCLE
  5
2A8
  8
0
 10
0.0
 20
0.0
 30
0.0
 40
0.0935
  0
ENDBLK
  5
2A9
  8
0
  0
BLOCK
  8
0
  2
ROUND_241
 70
     0
 10
0.0
 20
0.0
 30
0.0
  3
ROUND_241
  1

  0
CIRCLE
  5
2AC
  8
0
 10
0.0
 20
0.0
 30
0.0
 40
0.021
  0
ENDBLK
  5
2AD
  8
0
  0
BLOCK
  8
0
  2
ROUND_242
 70
     0
 10
0.0
 20
0.0
 30
0.0
  3
ROUND_242
  1

  0
CIRCLE
  5
2B0
  8
0
 10
0.0
 20
0.0
 30
0.0
 40
0.0335
  0
ENDBLK
  5
2B1
  8
0
  0
BLOCK
  8
0
  2
ROUND_243
 70
     0
 10
0.0
 20
0.0
 30
0.0
  3
ROUND_243
  1

  0
CIRCLE
  5
2B4
  8
0
 10
0.0
 20
0.0
 30
0.0
 40
0.0345
  0
ENDBLK
  5
2B5
  8
0
  0
BLOCK
  8
0
  2
ROUND_244
 70
     0
 10
0.0
 20
0.0
 30
0.0
  3
ROUND_244
  1

  0
CIRCLE
  5
2B8
  8
0
 10
0.0
 20
0.0
 30
0.0
 40
0.0315
  0
ENDBLK
  5
2B9
  8
0
  0
BLOCK
  8
0
  2
ROUND_245
 70
     0
 10
0.0
 20
0.0
 30
0.0
  3
ROUND_245
  1

  0
CIRCLE
  5
2BC
  8
0
 10
0.0
 20
0.0
 30
0.0
 40
0.0235
  0
ENDBLK
  5
2BD
  8
0
  0
BLOCK
  8
0
  2
*D23
 70
     1
 10
0.0
 20
0.0
 30
0.0
  3
*D23
  1

  0
LINE
  5
3927
  8
0
 62
     0
 10
90.8675000407881441
 20
-225.1709999592119971
 30
0.0
 11
232.2001200405007069
 21
-225.1709999592119971
 31
0.0
  0
LINE
  5
3928
  8
0
 62
     0
 10
193.0263021221701933
 20
-279.40000911860011
 30
0.0
 11
232.2001200405007069
 21
-279.40000911860011
 31
0.0
  0
LINE
  5
3929
  8
0
 62
     0
 10
232.0201200405005864
 20
-230.1709999592119971
 30
0.0
 11
232.0201200405005864
 21
-248.3503476494107929
 31
0.0
  0
LINE
  5
392A
  8
0
 62
     0
 10
232.0201200405005864
 20
-274.40000911860011
 30
0.0
 11
232.0201200405005864
 21
-256.2206614284011721
 31
0.0
  0
SOLID
  5
392B
  8
0
 62
     0
 10
231.1867867071673004
 20
-230.1709999592119971
 30
0.0
 11
232.853453373833986
 21
-230.1709999592119971
 31
0.0
 12
232.0201200405005864
 22
-225.1709999592119971
 32
0.0
 13
232.0201200405005864
 23
-225.1709999592119971
 33
0.0
  0
SOLID
  5
392C
  8
0
 62
     0
 10
231.1867867071673004
 20
-274.40000911860011
 30
0.0
 11
232.853453373833986
 21
-274.40000911860011
 31
0.0
 12
232.0201200405005864
 22
-279.40000911860011
 32
0.0
 13
232.0201200405005864
 23
-279.40000911860011
 33
0.0
  0
INSERT
  5
392D
  8
0
  2
*U46
 10
0.0
 20
0.0
 30
0.0
  0
POINT
  5
392E
  8
DEFPOINTS
 62
     0
 10
90.8050000407881157
 20
-225.1709999592119971
 30
0.0
  0
POINT
  5
392F
  8
DEFPOINTS
 62
     0
 10
192.9638021221701933
 20
-279.40000911860011
 30
0.0
  0
POINT
  5
3930
  8
DEFPOINTS
 62
     0
 10
232.0201200405005864
 20
-279.40000911860011
 30
0.0
  0
ENDBLK
  5
3592
  8
0
  0
BLOCK
  8
0
  2
*D24
 70
     1
 10
0.0
 20
0.0
 30
0.0
  3
*D24
  1

  0
LINE
  5
394F
  8
0
 62
     0
 10
193.0263021221701933
 20
-279.40000911860011
 30
0.0
 11
276.3449307244832767
 21
-279.40000911860011
 31
0.0
  0
LINE
  5
3950
  8
0
 62
     0
 10
90.8675019986142303
 20
4.8260000407880117
 30
0.0
 11
276.3449307244832198
 21
4.826000040788041
 31
0.0
  0
LINE
  5
3951
  8
0
 62
     0
 10
276.1649307244833267
 20
-274.40000911860011
 30
0.0
 11
276.1649307244833267
 21
-141.2221614284011935
 31
0.0
  0
LINE
  5
3952
  8
0
 62
     0
 10
276.164930724483213
 20
-0.173999959211959
 30
0.0
 11
276.1649307244833267
 21
-133.3518476494107858
 31
0.0
  0
SOLID
  5
3953
  8
0
 62
     0
 10
275.3315973911500123
 20
-274.40000911860011
 30
0.0
 11
276.9982640578165842
 21
-274.40000911860011
 31
0.0
 12
276.1649307244833267
 22
-279.40000911860011
 32
0.0
 13
276.1649307244833267
 23
-279.40000911860011
 33
0.0
  0
SOLID
  5
3954
  8
0
 62
     0
 10
275.3315973911498986
 20
-0.1739999592119592
 30
0.0
 11
276.9982640578165274
 21
-0.1739999592119588
 31
0.0
 12
276.164930724483213
 22
4.826000040788041
 32
0.0
 13
276.164930724483213
 23
4.826000040788041
 33
0.0
  0
INSERT
  5
3955
  8
0
  2
*U48
 10
0.0
 20
0.0
 30
0.0
  0
POINT
  5
3956
  8
DEFPOINTS
 62
     0
 10
192.9638021221701933
 20
-279.40000911860011
 30
0.0
  0
POINT
  5
3957
  8
DEFPOINTS
 62
     0
 10
90.8050019986142445
 20
4.8260000407880117
 30
0.0
  0
POINT
  5
3958
  8
DEFPOINTS
 62
     0
 10
276.164930724483213
 20
4.826000040788041
 30
0.0
  0
ENDBLK
  5
35AC
  8
0
  0
BLOCK
  8
0
  2
*D25
 70
     1
 10
0.0
 20
0.0
 30
0.0
  3
*D25
  1

  0
LINE
  5
3945
  8
0
 62
     0
 10
193.0263021221701933
 20
279.4000030403799997
 30
0.0
 11
315.9090274192350876
 21
279.4000030403799997
 31
0.0
  0
LINE
  5
3946
  8
0
 62
     0
 10
193.0263021221701933
 20
-279.40000911860011
 30
0.0
 11
315.9090274192352013
 21
-279.40000911860011
 31
0.0
  0
LINE
  5
3947
  8
0
 62
     0
 10
315.7290274192350807
 20
274.4000030403801134
 30
0.0
 11
315.7290274192351944
 21
82.9172548509548051
 31
0.0
  0
LINE
  5
3948
  8
0
 62
     0
 10
315.7290274192351944
 20
-274.40000911860011
 30
0.0
 11
315.7290274192351944
 21
75.046941071964369
 31
0.0
  0
SOLID
  5
3949
  8
0
 62
     0
 10
314.8956940859018232
 20
274.4000030403801134
 30
0.0
 11
316.5623607525683951
 21
274.4000030403801134
 31
0.0
 12
315.7290274192350807
 22
279.4000030403799997
 32
0.0
 13
315.7290274192350807
 23
279.4000030403799997
 33
0.0
  0
SOLID
  5
394A
  8
0
 62
     0
 10
314.89569408590188
 20
-274.40000911860011
 30
0.0
 11
316.5623607525685088
 21
-274.40000911860011
 31
0.0
 12
315.7290274192351944
 22
-279.40000911860011
 32
0.0
 13
315.7290274192351944
 23
-279.40000911860011
 33
0.0
  0
INSERT
  5
394B
  8
0
  2
*U47
 10
0.0
 20
0.0
 30
0.0
  0
POINT
  5
394C
  8
DEFPOINTS
 62
     0
 10
192.9638021221701933
 20
279.4000030403799997
 30
0.0
  0
POINT
  5
394D
  8
DEFPOINTS
 62
     0
 10
192.9638021221701933
 20
-279.40000911860011
 30
0.0
  0
POINT
  5
394E
  8
DEFPOINTS
 62
     0
 10
315.7290274192351944
 20
-279.40000911860011
 30
0.0
  0
ENDBLK
  5
35C6
  8
0
  0
BLOCK
  8
0
  2
*D26
 70
     1
 10
0.0
 20
0.0
 30
0.0
  3
*D26
  1

  0
LINE
  5
3963
  8
0
 62
     0
 10
215.9000121577099094
 20
-256.5262990830598824
 30
0.0
 11
215.9000121577099094
 21
-311.4351400864205743
 31
0.0
  0
LINE
  5
3964
  8
0
 62
     0
 10
121.2850000407881055
 20
35.2435000407880494
 30
0.0
 11
121.2850000407881055
 21
-311.4351400864205743
 31
0.0
  0
LINE
  5
3965
  8
0
 62
     0
 10
210.9000121577099094
 20
-311.2551400864206244
 30
0.0
 11
187.1056848633930088
 21
-311.2551400864206244
 31
0.0
  0
LINE
  5
3966
  8
0
 62
     0
 10
126.2850000407881055
 20
-311.2551400864206244
 30
0.0
 11
150.5327789970901051
 21
-311.2551400864206244
 31
0.0
  0
SOLID
  5
3967
  8
0
 62
     0
 10
210.9000121577099094
 20
-310.42180675308731
 30
0.0
 11
210.9000121577099094
 21
-312.0884734197538819
 31
0.0
 12
215.9000121577099094
 22
-311.2551400864206244
 32
0.0
 13
215.9000121577099094
 23
-311.2551400864206244
 33
0.0
  0
SOLID
  5
3968
  8
0
 62
     0
 10
126.2850000407881055
 20
-310.42180675308731
 30
0.0
 11
126.2850000407881055
 21
-312.0884734197538819
 31
0.0
 12
121.2850000407881055
 22
-311.2551400864206244
 32
0.0
 13
121.2850000407881055
 23
-311.2551400864206244
 33
0.0
  0
INSERT
  5
3969
  8
0
  2
*U50
 10
0.0
 20
0.0
 30
0.0
  0
POINT
  5
396A
  8
DEFPOINTS
 62
     0
 10
215.9000121577099094
 20
-256.4637990830599961
 30
0.0
  0
POINT
  5
396B
  8
DEFPOINTS
 62
     0
 10
121.2850000407881055
 20
35.3060000407880494
 30
0.0
  0
POINT
  5
396C
  8
DEFPOINTS
 62
     0
 10
121.2850000407881055
 20
-311.2551400864206244
 30
0.0
  0
ENDBLK
  5
35E0
  8
0
  0
BLOCK
  8
0
  2
*D27
 70
     1
 10
0.0
 20
0.0
 30
0.0
  3
*D27
  1

  0
LINE
  5
3959
  8
0
 62
     0
 10
215.9000121577099094
 20
-256.5262990830598824
 30
0.0
 11
215.9000121577099094
 21
-346.0253674512965745
 31
0.0
  0
LINE
  5
395A
  8
0
 62
     0
 10
-215.9000000012698877
 20
-279.4625091185999963
 30
0.0
 11
-215.9000000012698877
 21
-346.0253674512965745
 31
0.0
  0
LINE
  5
395B
  8
0
 62
     0
 10
210.9000121577099094
 20
-345.8453674512966245
 30
0.0
 11
23.0688601027766182
 21
-345.8453674512966245
 31
0.0
  0
LINE
  5
395C
  8
0
 62
     0
 10
-210.9000000012698877
 20
-345.8453674512966245
 30
0.0
 11
-23.0688479463366214
 21
-345.8453674512966245
 31
0.0
  0
SOLID
  5
395D
  8
0
 62
     0
 10
210.9000121577099094
 20
-345.0120341179633101
 30
0.0
 11
210.9000121577099094
 21
-346.6787007846299957
 31
0.0
 12
215.9000121577099094
 22
-345.8453674512966245
 32
0.0
 13
215.9000121577099094
 23
-345.8453674512966245
 33
0.0
  0
SOLID
  5
395E
  8
0
 62
     0
 10
-210.9000000012698877
 20
-345.0120341179633101
 30
0.0
 11
-210.9000000012698877
 21
-346.6787007846299957
 31
0.0
 12
-215.9000000012698877
 22
-345.8453674512966245
 32
0.0
 13
-215.9000000012698877
 23
-345.8453674512966245
 33
0.0
  0
INSERT
  5
395F
  8
0
  2
*U49
 10
0.0
 20
0.0
 30
0.0
  0
POINT
  5
3960
  8
DEFPOINTS
 62
     0
 10
215.9000121577099094
 20
-256.4637990830599961
 30
0.0
  0
POINT
  5
3961
  8
DEFPOINTS
 62
     0
 10
-215.9000000012698877
 20
-279.4000091185999963
 30
0.0
  0
POINT
  5
3962
  8
DEFPOINTS
 62
     0
 10
-215.9000000012698877
 20
-345.8453674512966245
 30
0.0
  0
ENDBLK
  5
35FA
  8
0
  0
BLOCK
  8
0
  2
*U28
 70
     1
 10
0.0
 20
0.0
 30
0.0
  3
*U28
  1

  0
TEXT
  5
4AC7
  8
0
 10
2.2931751058079408
 20
20.3875252616938987
 30
0.0
 40
0.2
  1
MAQIM
  7
MtXpl_Century_Gothic
  0
ENDBLK
  5
4ACA
  8
0
  0
BLOCK
  8
0
  2
*U29
 70
     1
 10
0.0
 20
0.0
 30
0.0
  3
*U29
  1

  0
TEXT
  5
4ACC
  8
0
 10
13.03068738693635
 20
20.3467649516880016
 30
0.0
 40
0.2
  1
RICOCEL ES 3261A
  7
MtXpl_Century_Gothic
  0
ENDBLK
  5
4ACE
  8
0
  0
BLOCK
  8
0
  2
*U30
 70
     1
 10
0.0
 20
0.0
 30
0.0
  3
*U30
  1

  0
TEXT
  5
4AD0
  8
0
 10
8.8736651768281725
 20
20.36206373803536
 30
0.0
 40
0.2
  1
0PL1211890 REV A
  7
MtXpl_Century_Gothic
  0
ENDBLK
  5
4AD2
  8
0
  0
BLOCK
  8
0
  2
*U31
 70
     1
 10
0.0
 20
0.0
 30
0.0
  3
*U31
  1

  0
TEXT
  5
4AD4
  8
0
 10
7.7199142156014284
 20
1.785497112905063
 30
0.0
 40
0.2
  1
MODELO: 9301-005368- 01-50
  7
MtXpl_Century_Gothic
  0
TEXT
  5
4AD5
  8
0
 10
8.8265763502037391
 20
1.4471331881373311
 30
0.0
 40
0.2
  1
/ AED+/ZOLL
  7
MtXpl_Century_Gothic
  0
ENDBLK
  5
4AD7
  8
0
  0
BLOCK
  8
0
  2
*U32
 70
     1
 10
0.0
 20
0.0
 30
0.0
  3
*U32
  1

  0
TEXT
  5
4AD9
  8
0
 10
13.9546559223165101
 20
19.3870946862427083
 30
0.0
 40
0.5
  1
01
  7
MtXpl_Century_Gothic
  0
ENDBLK
  5
4ADB
  8
0
  0
BLOCK
  8
0
  2
*U33
 70
     1
 10
0.0
 20
0.0
 30
0.0
  3
*U33
  1

  0
TEXT
  5
4B4C
  8
0
 10
1.6940050437032661
 20
15.0747839550814504
 30
0.0
 40
0.2
  1
SEGUNDO LADO
  7
MtXpl_Century_Gothic
  0
TEXT
  5
4B4D
  8
0
 10
1.672794982520398
 20
14.7364200303137203
 30
0.0
 40
0.2
  1
BOTTOM
  7
MtXpl_Century_Gothic
  0
ENDBLK
  5
4B4F
  8
0
  0
BLOCK
  8
0
  2
*U34
 70
     1
 10
0.0
 20
0.0
 30
0.0
  3
*U34
  1

  0
TEXT
  5
4C76
  8
0
 10
2.4427250986986389
 20
20.0500406554005188
 30
0.0
 40
0.2
  1
23-25
  7
MtXpl_Century_Gothic
  0
ENDBLK
  5
4C78
  8
0
  0
BLOCK
  8
0
  2
*U35
 70
     1
 10
0.0
 20
0.0
 30
0.0
  3
*U35
  1

  0
TEXT
  5
4C7A
  8
0
 10
8.6631023679721082
 20
20.0213492625222784
 30
0.0
 40
0.2
  1
www.maqim.com.mx
  7
MtXpl_Century_Gothic
  0
ENDBLK
  5
4C7C
  8
0
  0
BLOCK
  8
0
  2
*U36
 70
     1
 10
0.0
 20
0.0
 30
0.0
  3
*U36
  1

  0
TEXT
  5
4C7E
  8
0
 10
13.8486126438805108
 20
20.0106520905943697
 30
0.0
 40
0.2
  1
/ 8MM
  7
MtXpl_Century_Gothic
  0
ENDBLK
  5
4C80
  8
0
  0
BLOCK
  8
0
  2
*U37
 70
     1
 10
0.0
 20
0.0
 30
0.0
  3
*U37
  1

  0
TEXT
  5
4CB2
  8
1_0_PALLET
 62
     7
 10
-157.6533545639181
 20
238.4431325284249965
 30
0.0
 40
5.0800000000000001
  1
MAQIM
  7
MtXpl_Century_Gothic
  0
ENDBLK
  5
4CB4
  8
0
  0
BLOCK
  8
0
  2
*U38
 70
     1
 10
0.0
 20
0.0
 30
0.0
  3
*U38
  1

  0
TEXT
  5
4CB6
  8
1_0_PALLET
 62
     7
 10
115.079463637790397
 20
237.4078206542750991
 30
0.0
 40
5.0800000000000001
  1
RICOCEL ES
  7
MtXpl_Century_Gothic
  0
TEXT
  5
4CB7
  8
1_0_PALLET
 62
     7
 10
115.1283084372466021
 20
228.8133769651747116
 30
0.0
 40
5.0800000000000001
  1
3261A
  7
MtXpl_Century_Gothic
  0
ENDBLK
  5
4CB9
  8
0
  0
BLOCK
  8
0
  2
*U39
 70
     1
 10
0.0
 20
0.0
 30
0.0
  3
*U39
  1

  0
TEXT
  5
4CBB
  8
1_0_PALLET
 62
     7
 10
9.4910989164063047
 20
237.796409827497996
 30
0.0
 40
5.0800000000000001
  1
0PL1211890 REV A
  7
MtXpl_Century_Gothic
  0
ENDBLK
  5
4CBD
  8
0
  0
BLOCK
  8
0
  2
*U40
 70
     1
 10
0.0
 20
0.0
 30
0.0
  3
*U40
  1

  0
TEXT
  5
4CBF
  8
1_0_PALLET
 62
     7
 10
-19.8141754919549093
 20
-234.0483824508114026
 30
0.0
 40
5.0800000000000001
  1
MODELO: 9301-005368- 01-50
  7
MtXpl_Century_Gothic
  0
TEXT
  5
4CC0
  8
1_0_PALLET
 62
     7
 10
8.2950418295950517
 20
-242.6428261399117048
 30
0.0
 40
5.0800000000000001
  1
/ AED+/ZOLL
  7
MtXpl_Century_Gothic
  0
ENDBLK
  5
4CC2
  8
0
  0
BLOCK
  8
0
  2
*U41
 70
     1
 10
0.0
 20
0.0
 30
0.0
  3
*U41
  1

  0
TEXT
  5
4CC4
  8
1_0_PALLET
 62
     7
 10
138.5482604255693957
 20
213.0321959119648056
 30
0.0
 40
12.6999999999999993
  1
01
  7
MtXpl_Century_Gothic
  0
ENDBLK
  5
4CC6
  8
0
  0
BLOCK
  8
0
  2
*U42
 70
     1
 10
0.0
 20
0.0
 30
0.0
  3
*U42
  1

  0
TEXT
  5
4D37
  8
1_0_PALLET
 62
     7
 10
-172.872271891206907
 20
103.4995033404689053
 30
0.0
 40
5.0800000000000001
  1
SEGUNDO LADO
  7
MtXpl_Century_Gothic
  0
TEXT
  5
4D38
  8
1_0_PALLET
 62
     7
 10
-173.411007445251812
 20
94.9050596513685178
 30
0.0
 40
5.0800000000000001
  1
BOTTOM
  7
MtXpl_Century_Gothic
  0
ENDBLK
  5
4D3A
  8
0
  0
BLOCK
  8
0
  2
*U43
 70
     1
 10
0.0
 20
0.0
 30
0.0
  3
*U43
  1

  0
TEXT
  5
4E61
  8
1_0_PALLET
 62
     7
 10
-153.8547824943244109
 20
229.8710235285732892
 30
0.0
 40
5.0800000000000001
  1
23-25
  7
MtXpl_Century_Gothic
  0
ENDBLK
  5
4E63
  8
0
  0
BLOCK
  8
0
  2
*U44
 70
     1
 10
0.0
 20
0.0
 30
0.0
  3
*U44
  1

  0
TEXT
  5
4E65
  8
1_0_PALLET
 62
     7
 10
4.1427996965472564
 20
229.1422621494660063
 30
0.0
 40
5.0800000000000001
  1
www.maqim.com.mx
  7
MtXpl_Century_Gothic
  0
ENDBLK
  5
4E67
  8
0
  0
BLOCK
  8
0
  2
*U45
 70
     1
 10
0.0
 20
0.0
 30
0.0
  3
*U45
  1

  0
TEXT
  5
4E69
  8
1_0_PALLET
 62
     7
 10
135.8547575638999945
 20
228.8705539824970003
 30
0.0
 40
5.0800000000000001
  1
/ 8MM
  7
MtXpl_Century_Gothic
  0
ENDBLK
  5
4E6B
  8
0
  0
BLOCK
  8
0
  2
*U46
 70
     1
 10
0.0
 20
0.0
 30
0.0
  3
*U46
  1

  0
TEXT
  5
5B89
  8
0
 62
     0
 10
213.475781704893393
 20
-254.4526259577326925
 30
0.0
 40
6.0
  1
54 [2.135]
  0
ENDBLK
  5
5B8B
  8
0
  0
BLOCK
  8
0
  2
*U47
 70
     1
 10
0.0
 20
0.0
 30
0.0
  3
*U47
  1

  0
TEXT
  5
5B8D
  8
0
 62
     0
 10
292.5230246907220817
 20
76.8149765426327349
 30
0.0
 40
6.0
  1
559 [22.000]
  0
ENDBLK
  5
5B8F
  8
0
  0
BLOCK
  8
0
  2
*U48
 70
     1
 10
0.0
 20
0.0
 30
0.0
  3
*U48
  1

  0
TEXT
  5
5B91
  8
0
 62
     0
 10
253.0100876139784134
 20
-139.4541259577327992
 30
0.0
 40
6.0
  1
284 [11.190]
  0
ENDBLK
  5
5B93
  8
0
  0
BLOCK
  8
0
  2
*U49
 70
     1
 10
0.0
 20
0.0
 30
0.0
  3
*U49
  1

  0
TEXT
  5
5B95
  8
0
 62
     0
 10
-23.085259951793649
 20
-348.0124888701233203
 30
0.0
 40
6.0
  1
432 [17.000]
  0
ENDBLK
  5
5B97
  8
0
  0
BLOCK
  8
0
  2
*U50
 70
     1
 10
0.0
 20
0.0
 30
0.0
  3
*U50
  1

  0
TEXT
  5
5B99
  8
0
 62
     0
 10
150.2748935946345057
 20
-313.4222615052473202
 30
0.0
 40
6.0
  1
95 [3.725]
  0
ENDBLK
  5
5B9B
  8
0
  0
ENDSEC
  0
SECTION
  2
ENTITIES
  0
INSERT
  5
CA2
  8
_G01-IND-3GEN_DRILLS
  6
CONTINUOUS
  2
ROUND_6
 10
-37.2049064992119227
 20
107.4059320407880023
 30
0.0
 41
-25.3999999999999986
 42
25.3999999999999986
 43
25.3999999999999986
 50
270.0
  0
INSERT
  5
CA3
  8
_G01-IND-3GEN_DRILLS
  6
CONTINUOUS
  2
ROUND_6
 10
-46.2048834192119031
 20
106.4260000407879971
 30
0.0
 41
-25.3999999999999986
 42
25.3999999999999986
 43
25.3999999999999986
 50
270.0
  0
INSERT
  5
CA4
  8
_G01-IND-3GEN_DRILLS
  6
CONTINUOUS
  2
ROUND_6
 10
-37.2049064992119227
 20
112.4059220407879991
 30
0.0
 41
-25.3999999999999986
 42
25.3999999999999986
 43
25.3999999999999986
 50
270.0
  0
INSERT
  5
CA5
  8
_G01-IND-3GEN_DRILLS
  6
CONTINUOUS
  2
ROUND_6
 10
-37.2049064992119227
 20
102.4059420407880054
 30
0.0
 41
-25.3999999999999986
 42
25.3999999999999986
 43
25.3999999999999986
 50
270.0
  0
INSERT
  5
CA6
  8
_G01-IND-3GEN_DRILLS
  6
CONTINUOUS
  2
ROUND_6
 10
-35.2049079592119227
 20
108.4059300407879931
 30
0.0
 41
-25.3999999999999986
 42
25.3999999999999986
 43
25.3999999999999986
 50
270.0
  0
INSERT
  5
CA7
  8
_G01-IND-3GEN_DRILLS
  6
CONTINUOUS
  2
ROUND_6
 10
-41.2048934192119134
 20
100.4059435007879983
 30
0.0
 41
-25.3999999999999986
 42
25.3999999999999986
 43
25.3999999999999986
 50
270.0
  0
INSERT
  5
CA8
  8
_G01-IND-3GEN_DRILLS
  6
CONTINUOUS
  2
ROUND_6
 10
-42.2046399592119101
 20
112.4064300407879955
 30
0.0
 41
-25.3999999999999986
 42
25.3999999999999986
 43
25.3999999999999986
 50
270.0
  0
INSERT
  5
CA9
  8
_G01-IND-3GEN_DRILLS
  6
CONTINUOUS
  2
ROUND_6
 10
-38.2049019592119095
 20
113.4059200407880041
 30
0.0
 41
-25.3999999999999986
 42
25.3999999999999986
 43
25.3999999999999986
 50
270.0
  0
INSERT
  5
CAA
  8
_G01-IND-3GEN_DRILLS
  6
CONTINUOUS
  2
ROUND_6
 10
-35.2049079592119227
 20
104.4059380407880013
 30
0.0
 41
-25.3999999999999986
 42
25.3999999999999986
 43
25.3999999999999986
 50
270.0
  0
INSERT
  5
CAB
  8
_G01-IND-3GEN_DRILLS
  6
CONTINUOUS
  2
ROUND_6
 10
-38.2049019592119095
 20
108.4059300407879931
 30
0.0
 41
-25.3999999999999986
 42
25.3999999999999986
 43
25.3999999999999986
 50
270.0
  0
INSERT
  5
CAC
  8
_G01-IND-3GEN_DRILLS
  6
CONTINUOUS
  2
ROUND_6
 10
-40.2048979592118982
 20
108.4059300407879931
 30
0.0
 41
-25.3999999999999986
 42
25.3999999999999986
 43
25.3999999999999986
 50
270.0
  0
INSERT
  5
CAD
  8
_G01-IND-3GEN_DRILLS
  6
CONTINUOUS
  2
ROUND_6
 10
-38.2049019592119095
 20
104.4059380407880013
 30
0.0
 41
-25.3999999999999986
 42
25.3999999999999986
 43
25.3999999999999986
 50
270.0
  0
INSERT
  5
CAE
  8
_G01-IND-3GEN_DRILLS
  6
CONTINUOUS
  2
ROUND_6
 10
-40.2048979592118982
 20
104.4059380407880013
 30
0.0
 41
-25.3999999999999986
 42
25.3999999999999986
 43
25.3999999999999986
 50
270.0
  0
INSERT
  5
CAF
  8
_G01-IND-3GEN_DRILLS
  6
CONTINUOUS
  2
ROUND_6
 10
-37.2049064992119227
 20
105.4059335007879952
 30
0.0
 41
-25.3999999999999986
 42
25.3999999999999986
 43
25.3999999999999986
 50
270.0
  0
INSERT
  5
CB0
  8
_G01-IND-3GEN_DRILLS
  6
CONTINUOUS
  2
ROUND_6
 10
-40.2048979592118982
 20
105.4059335007879952
 30
0.0
 41
-25.3999999999999986
 42
25.3999999999999986
 43
25.3999999999999986
 50
270.0
  0
INSERT
  5
CB1
  8
_G01-IND-3GEN_DRILLS
  6
CONTINUOUS
  2
ROUND_6
 10
-40.2048979592118982
 20
107.4059320407880023
 30
0.0
 41
-25.3999999999999986
 42
25.3999999999999986
 43
25.3999999999999986
 50
270.0
  0
INSERT
  5
CB2
  8
_G01-IND-3GEN_DRILLS
  6
CONTINUOUS
  2
ROUND_6
 10
-36.2049034192119095
 20
103.4059400407879963
 30
0.0
 41
-25.3999999999999986
 42
25.3999999999999986
 43
25.3999999999999986
 50
270.0
  0
INSERT
  5
CB3
  8
_G01-IND-3GEN_DRILLS
  6
CONTINUOUS
  2
ROUND_6
 10
-36.2049034192119095
 20
109.4059280407879982
 30
0.0
 41
-25.3999999999999986
 42
25.3999999999999986
 43
25.3999999999999986
 50
270.0
  0
INSERT
  5
CB4
  8
_G01-IND-3GEN_DRILLS
  6
CONTINUOUS
  2
ROUND_6
 10
-41.2048934192119134
 20
108.4059300407879931
 30
0.0
 41
-25.3999999999999986
 42
25.3999999999999986
 43
25.3999999999999986
 50
270.0
  0
INSERT
  5
CB5
  8
_G01-IND-3GEN_DRILLS
  6
CONTINUOUS
  2
ROUND_6
 10
-37.2049064992119227
 20
108.4059300407879931
 30
0.0
 41
-25.3999999999999986
 42
25.3999999999999986
 43
25.3999999999999986
 50
270.0
  0
INSERT
  5
CB6
  8
_G01-IND-3GEN_DRILLS
  6
CONTINUOUS
  2
ROUND_6
 10
-41.2048934192119134
 20
104.4059380407880013
 30
0.0
 41
-25.3999999999999986
 42
25.3999999999999986
 43
25.3999999999999986
 50
270.0
  0
INSERT
  5
CB7
  8
_G01-IND-3GEN_DRILLS
  6
CONTINUOUS
  2
ROUND_6
 10
-37.2049064992119227
 20
104.4059380407880013
 30
0.0
 41
-25.3999999999999986
 42
25.3999999999999986
 43
25.3999999999999986
 50
270.0
  0
INSERT
  5
CB8
  8
_G01-IND-3GEN_DRILLS
  6
CONTINUOUS
  2
ROUND_6
 10
-41.2048934192119134
 20
107.4059320407880023
 30
0.0
 41
-25.3999999999999986
 42
25.3999999999999986
 43
25.3999999999999986
 50
270.0
  0
INSERT
  5
CB9
  8
_G01-IND-3GEN_DRILLS
  6
CONTINUOUS
  2
ROUND_6
 10
-41.2048934192119134
 20
105.4059335007879952
 30
0.0
 41
-25.3999999999999986
 42
25.3999999999999986
 43
25.3999999999999986
 50
270.0
  0
INSERT
  5
CBA
  8
_G01-IND-3GEN_DRILLS
  6
CONTINUOUS
  2
ROUND_6
 10
-38.2049019592119095
 20
107.4059320407880023
 30
0.0
 41
-25.3999999999999986
 42
25.3999999999999986
 43
25.3999999999999986
 50
270.0
  0
INSERT
  5
CBB
  8
_G01-IND-3GEN_DRILLS
  6
CONTINUOUS
  2
ROUND_6
 10
-38.2049019592119095
 20
105.4059335007879952
 30
0.0
 41
-25.3999999999999986
 42
25.3999999999999986
 43
25.3999999999999986
 50
270.0
  0
INSERT
  5
CBC
  8
_G01-IND-3GEN_DRILLS
  6
CONTINUOUS
  2
ROUND_6
 10
-42.2048964992119267
 20
109.4059280407879982
 30
0.0
 41
-25.3999999999999986
 42
25.3999999999999986
 43
25.3999999999999986
 50
270.0
  0
INSERT
  5
CBD
  8
_G01-IND-3GEN_DRILLS
  6
CONTINUOUS
  2
ROUND_6
 10
-42.2048964992119267
 20
103.4059400407879963
 30
0.0
 41
-25.3999999999999986
 42
25.3999999999999986
 43
25.3999999999999986
 50
270.0
  0
INSERT
  5
CBE
  8
_G01-IND-3GEN_DRILLS
  6
CONTINUOUS
  2
ROUND_6
 10
-33.2049119592119268
 20
111.4059265807880053
 30
0.0
 41
-25.3999999999999986
 42
25.3999999999999986
 43
25.3999999999999986
 50
270.0
  0
INSERT
  5
CBF
  8
_G01-IND-3GEN_DRILLS
  6
CONTINUOUS
  2
ROUND_6
 10
-38.2049019592119095
 20
109.4059280407879982
 30
0.0
 41
-25.3999999999999986
 42
25.3999999999999986
 43
25.3999999999999986
 50
270.0
  0
INSERT
  5
CC0
  8
_G01-IND-3GEN_DRILLS
  6
CONTINUOUS
  2
ROUND_6
 10
-40.2048979592118982
 20
109.4059280407879982
 30
0.0
 41
-25.3999999999999986
 42
25.3999999999999986
 43
25.3999999999999986
 50
270.0
  0
INSERT
  5
CC1
  8
_G01-IND-3GEN_DRILLS
  6
CONTINUOUS
  2
ROUND_6
 10
-36.2049034192119095
 20
107.4059320407880023
 30
0.0
 41
-25.3999999999999986
 42
25.3999999999999986
 43
25.3999999999999986
 50
270.0
  0
INSERT
  5
CC2
  8
_G01-IND-3GEN_DRILLS
  6
CONTINUOUS
  2
ROUND_6
 10
-36.2049034192119095
 20
105.4059335007879952
 30
0.0
 41
-25.3999999999999986
 42
25.3999999999999986
 43
25.3999999999999986
 50
270.0
  0
INSERT
  5
CC3
  8
_G01-IND-3GEN_DRILLS
  6
CONTINUOUS
  2
ROUND_6
 10
-36.2049034192119095
 20
104.4059380407880013
 30
0.0
 41
-25.3999999999999986
 42
25.3999999999999986
 43
25.3999999999999986
 50
270.0
  0
INSERT
  5
CC4
  8
_G01-IND-3GEN_DRILLS
  6
CONTINUOUS
  2
ROUND_6
 10
-37.2049064992119227
 20
103.4059400407879963
 30
0.0
 41
-25.3999999999999986
 42
25.3999999999999986
 43
25.3999999999999986
 50
270.0
  0
INSERT
  5
CC5
  8
_G01-IND-3GEN_DRILLS
  6
CONTINUOUS
  2
ROUND_6
 10
-38.2049019592119095
 20
103.4059400407879963
 30
0.0
 41
-25.3999999999999986
 42
25.3999999999999986
 43
25.3999999999999986
 50
270.0
  0
INSERT
  5
CC6
  8
_G01-IND-3GEN_DRILLS
  6
CONTINUOUS
  2
ROUND_6
 10
-40.2048979592118982
 20
103.4059400407879963
 30
0.0
 41
-25.3999999999999986
 42
25.3999999999999986
 43
25.3999999999999986
 50
270.0
  0
INSERT
  5
CC7
  8
_G01-IND-3GEN_DRILLS
  6
CONTINUOUS
  2
ROUND_6
 10
-41.2048934192119134
 20
109.4059280407879982
 30
0.0
 41
-25.3999999999999986
 42
25.3999999999999986
 43
25.3999999999999986
 50
270.0
  0
INSERT
  5
CC8
  8
_G01-IND-3GEN_DRILLS
  6
CONTINUOUS
  2
ROUND_6
 10
-41.2048934192119134
 20
103.4059400407879963
 30
0.0
 41
-25.3999999999999986
 42
25.3999999999999986
 43
25.3999999999999986
 50
270.0
  0
INSERT
  5
CC9
  8
_G01-IND-3GEN_DRILLS
  6
CONTINUOUS
  2
ROUND_6
 10
-36.2049034192119095
 20
108.4059300407879931
 30
0.0
 41
-25.3999999999999986
 42
25.3999999999999986
 43
25.3999999999999986
 50
270.0
  0
INSERT
  5
CCA
  8
_G01-IND-3GEN_DRILLS
  6
CONTINUOUS
  2
ROUND_6
 10
-36.2049034192119095
 20
102.4059420407880054
 30
0.0
 41
-25.3999999999999986
 42
25.3999999999999986
 43
25.3999999999999986
 50
270.0
  0
INSERT
  5
CCB
  8
_G01-IND-3GEN_DRILLS
  6
CONTINUOUS
  2
ROUND_6
 10
-42.2048964992119267
 20
104.4059380407880013
 30
0.0
 41
-25.3999999999999986
 42
25.3999999999999986
 43
25.3999999999999986
 50
270.0
  0
INSERT
  5
CCC
  8
_G01-IND-3GEN_DRILLS
  6
CONTINUOUS
  2
ROUND_6
 10
-42.2048964992119267
 20
108.4059300407879931
 30
0.0
 41
-25.3999999999999986
 42
25.3999999999999986
 43
25.3999999999999986
 50
270.0
  0
INSERT
  5
CCD
  8
_G01-IND-3GEN_DRILLS
  6
CONTINUOUS
  2
ROUND_6
 10
-42.2048964992119267
 20
107.4059320407880023
 30
0.0
 41
-25.3999999999999986
 42
25.3999999999999986
 43
25.3999999999999986
 50
270.0
  0
INSERT
  5
CCE
  8
_G01-IND-3GEN_DRILLS
  6
CONTINUOUS
  2
ROUND_6
 10
-42.2048964992119267
 20
105.4059335007879952
 30
0.0
 41
-25.3999999999999986
 42
25.3999999999999986
 43
25.3999999999999986
 50
270.0
  0
INSERT
  5
CCF
  8
_G01-IND-3GEN_DRILLS
  6
CONTINUOUS
  2
ROUND_6
 10
-32.2049164992119117
 20
113.4059200407880041
 30
0.0
 41
-25.3999999999999986
 42
25.3999999999999986
 43
25.3999999999999986
 50
270.0
  0
INSERT
  5
CD0
  8
_G01-IND-3GEN_DRILLS
  6
CONTINUOUS
  2
ROUND_6
 10
-33.2049119592119268
 20
113.4059200407880041
 30
0.0
 41
-25.3999999999999986
 42
25.3999999999999986
 43
25.3999999999999986
 50
270.0
  0
INSERT
  5
CD1
  8
_G01-IND-3GEN_DRILLS
  6
CONTINUOUS
  2
ROUND_6
 10
-45.2048879592119093
 20
98.4059500407880279
 30
0.0
 41
-25.3999999999999986
 42
25.3999999999999986
 43
25.3999999999999986
 50
270.0
  0
INSERT
  5
CD2
  8
_G01-IND-3GEN_DRILLS
  6
CONTINUOUS
  2
ROUND_6
 10
-46.2048834192119031
 20
100.4059435007879983
 30
0.0
 41
-25.3999999999999986
 42
25.3999999999999986
 43
25.3999999999999986
 50
270.0
  0
INSERT
  5
CD3
  8
_G01-IND-3GEN_DRILLS
  6
CONTINUOUS
  2
ROUND_6
 10
-32.2049164992119117
 20
100.4059435007879983
 30
0.0
 41
-25.3999999999999986
 42
25.3999999999999986
 43
25.3999999999999986
 50
270.0
  0
INSERT
  5
CD4
  8
_G01-IND-3GEN_DRILLS
  6
CONTINUOUS
  2
ROUND_6
 10
-31.2049134192118984
 20
107.4059320407880023
 30
0.0
 41
-25.3999999999999986
 42
25.3999999999999986
 43
25.3999999999999986
 50
270.0
  0
INSERT
  5
CD5
  8
_G01-IND-3GEN_DRILLS
  6
CONTINUOUS
  2
ROUND_6
 10
-44.2048899592119184
 20
113.4059200407880041
 30
0.0
 41
-25.3999999999999986
 42
25.3999999999999986
 43
25.3999999999999986
 50
270.0
  0
INSERT
  5
CD6
  8
_G01-IND-3GEN_DRILLS
  6
CONTINUOUS
  2
ROUND_6
 10
-46.2048834192119031
 20
102.4059420407880054
 30
0.0
 41
-25.3999999999999986
 42
25.3999999999999986
 43
25.3999999999999986
 50
270.0
  0
INSERT
  5
CD7
  8
_G01-IND-3GEN_DRILLS
  6
CONTINUOUS
  2
ROUND_6
 10
-32.2049164992119117
 20
108.4059300407879931
 30
0.0
 41
-25.3999999999999986
 42
25.3999999999999986
 43
25.3999999999999986
 50
270.0
  0
INSERT
  5
CD8
  8
_G01-IND-3GEN_DRILLS
  6
CONTINUOUS
  2
ROUND_6
 10
-46.2048834192119031
 20
107.4059320407880023
 30
0.0
 41
-25.3999999999999986
 42
25.3999999999999986
 43
25.3999999999999986
 50
270.0
  0
INSERT
  5
CD9
  8
_G01-IND-3GEN_DRILLS
  6
CONTINUOUS
  2
ROUND_6
 10
-33.2049119592119268
 20
101.4059465807879974
 30
0.0
 41
-25.3999999999999986
 42
25.3999999999999986
 43
25.3999999999999986
 50
270.0
  0
INSERT
  5
CDA
  8
_G01-IND-3GEN_DRILLS
  6
CONTINUOUS
  2
ROUND_6
 10
-44.2048899592119184
 20
98.4059500407880279
 30
0.0
 41
-25.3999999999999986
 42
25.3999999999999986
 43
25.3999999999999986
 50
270.0
  0
INSERT
  5
CDB
  8
_G01-IND-3GEN_DRILLS
  6
CONTINUOUS
  2
ROUND_6
 10
-44.2048899592119184
 20
99.4059480407879903
 30
0.0
 41
-25.3999999999999986
 42
25.3999999999999986
 43
25.3999999999999986
 50
270.0
  0
INSERT
  5
CDC
  8
_G01-IND-3GEN_DRILLS
  6
CONTINUOUS
  2
ROUND_6
 10
-45.2048879592119093
 20
100.4059435007879983
 30
0.0
 41
-25.3999999999999986
 42
25.3999999999999986
 43
25.3999999999999986
 50
270.0
  0
INSERT
  5
CDD
  8
_G01-IND-3GEN_DRILLS
  6
CONTINUOUS
  2
ROUND_6
 10
-44.2048899592119184
 20
109.4059280407879982
 30
0.0
 41
-25.3999999999999986
 42
25.3999999999999986
 43
25.3999999999999986
 50
270.0
  0
INSERT
  5
CDE
  8
_G01-IND-3GEN_DRILLS
  6
CONTINUOUS
  2
ROUND_6
 10
-32.2049164992119117
 20
107.4059320407880023
 30
0.0
 41
-25.3999999999999986
 42
25.3999999999999986
 43
25.3999999999999986
 50
270.0
  0
INSERT
  5
CDF
  8
_G01-IND-3GEN_DRILLS
  6
CONTINUOUS
  2
ROUND_6
 10
-33.2049119592119268
 20
100.4059435007879983
 30
0.0
 41
-25.3999999999999986
 42
25.3999999999999986
 43
25.3999999999999986
 50
270.0
  0
INSERT
  5
CE0
  8
_G01-IND-3GEN_DRILLS
  6
CONTINUOUS
  2
ROUND_6
 10
-32.2049164992119117
 20
99.4059480407879903
 30
0.0
 41
-25.3999999999999986
 42
25.3999999999999986
 43
25.3999999999999986
 50
270.0
  0
INSERT
  5
CE1
  8
_G01-IND-3GEN_DRILLS
  6
CONTINUOUS
  2
ROUND_6
 10
-33.2049119592119268
 20
104.4059380407880013
 30
0.0
 41
-25.3999999999999986
 42
25.3999999999999986
 43
25.3999999999999986
 50
270.0
  0
INSERT
  5
CE2
  8
_G01-IND-3GEN_DRILLS
  6
CONTINUOUS
  2
ROUND_6
 10
-33.2049119592119268
 20
105.4059335007879952
 30
0.0
 41
-25.3999999999999986
 42
25.3999999999999986
 43
25.3999999999999986
 50
270.0
  0
INSERT
  5
CE3
  8
_G01-IND-3GEN_DRILLS
  6
CONTINUOUS
  2
ROUND_6
 10
-34.2049099592119319
 20
100.4059435007879983
 30
0.0
 41
-25.3999999999999986
 42
25.3999999999999986
 43
25.3999999999999986
 50
270.0
  0
INSERT
  5
CE4
  8
_G01-IND-3GEN_DRILLS
  6
CONTINUOUS
  2
ROUND_6
 10
-31.2049134192118984
 20
105.4059335007879952
 30
0.0
 41
-25.3999999999999986
 42
25.3999999999999986
 43
25.3999999999999986
 50
270.0
  0
INSERT
  5
CE5
  8
_G01-IND-3GEN_DRILLS
  6
CONTINUOUS
  2
ROUND_6
 10
-32.2049164992119117
 20
104.4059380407880013
 30
0.0
 41
-25.3999999999999986
 42
25.3999999999999986
 43
25.3999999999999986
 50
270.0
  0
INSERT
  5
CE6
  8
_G01-IND-3GEN_DRILLS
  6
CONTINUOUS
  2
ROUND_6
 10
-32.2049164992119117
 20
103.4059400407879963
 30
0.0
 41
-25.3999999999999986
 42
25.3999999999999986
 43
25.3999999999999986
 50
270.0
  0
INSERT
  5
CE7
  8
_G01-IND-3GEN_DRILLS
  6
CONTINUOUS
  2
ROUND_6
 10
-42.2048964992118982
 20
99.4059480407879903
 30
0.0
 41
-25.3999999999999986
 42
25.3999999999999986
 43
25.3999999999999986
 50
270.0
  0
INSERT
  5
CE8
  8
_G01-IND-3GEN_DRILLS
  6
CONTINUOUS
  2
ROUND_6
 10
-43.2048919592118921
 20
99.4059480407879903
 30
0.0
 41
-25.3999999999999986
 42
25.3999999999999986
 43
25.3999999999999986
 50
270.0
  0
INSERT
  5
CE9
  8
_G01-IND-3GEN_DRILLS
  6
CONTINUOUS
  2
ROUND_6
 10
-43.2048919592118921
 20
98.4059500407880279
 30
0.0
 41
-25.3999999999999986
 42
25.3999999999999986
 43
25.3999999999999986
 50
270.0
  0
INSERT
  5
CEA
  8
_G01-IND-3GEN_DRILLS
  6
CONTINUOUS
  2
ROUND_6
 10
-45.2048879592119093
 20
107.4059320407880023
 30
0.0
 41
-25.3999999999999986
 42
25.3999999999999986
 43
25.3999999999999986
 50
270.0
  0
INSERT
  5
CEB
  8
_G01-IND-3GEN_DRILLS
  6
CONTINUOUS
  2
ROUND_6
 10
-45.2048879592119093
 20
102.4059420407880054
 30
0.0
 41
-25.3999999999999986
 42
25.3999999999999986
 43
25.3999999999999986
 50
270.0
  0
INSERT
  5
CEC
  8
_G01-IND-3GEN_DRILLS
  6
CONTINUOUS
  2
ROUND_6
 10
-45.2048879592119093
 20
105.4059335007879952
 30
0.0
 41
-25.3999999999999986
 42
25.3999999999999986
 43
25.3999999999999986
 50
270.0
  0
INSERT
  5
CED
  8
_G01-IND-3GEN_DRILLS
  6
CONTINUOUS
  2
ROUND_6
 10
-36.2049034192119095
 20
113.4059200407880041
 30
0.0
 41
-25.3999999999999986
 42
25.3999999999999986
 43
25.3999999999999986
 50
270.0
  0
INSERT
  5
CEE
  8
_G01-IND-3GEN_DRILLS
  6
CONTINUOUS
  2
ROUND_6
 10
-33.2049119592119268
 20
103.4059400407879963
 30
0.0
 41
-25.3999999999999986
 42
25.3999999999999986
 43
25.3999999999999986
 50
270.0
  0
INSERT
  5
CEF
  8
_G01-IND-3GEN_DRILLS
  6
CONTINUOUS
  2
ROUND_6
 10
-35.2049079592119227
 20
103.4059400407879963
 30
0.0
 41
-25.3999999999999986
 42
25.3999999999999986
 43
25.3999999999999986
 50
270.0
  0
INSERT
  5
CF0
  8
_G01-IND-3GEN_DRILLS
  6
CONTINUOUS
  2
ROUND_6
 10
-35.2049079592119227
 20
109.4059280407879982
 30
0.0
 41
-25.3999999999999986
 42
25.3999999999999986
 43
25.3999999999999986
 50
270.0
  0
INSERT
  5
CF1
  8
_G01-IND-3GEN_DRILLS
  6
CONTINUOUS
  2
ROUND_6
 10
-40.2048979592118982
 20
111.4059265807880053
 30
0.0
 41
-25.3999999999999986
 42
25.3999999999999986
 43
25.3999999999999986
 50
270.0
  0
INSERT
  5
CF2
  8
_G01-IND-3GEN_DRILLS
  6
CONTINUOUS
  2
ROUND_6
 10
-44.2048899592119184
 20
101.4059465807879974
 30
0.0
 41
-25.3999999999999986
 42
25.3999999999999986
 43
25.3999999999999986
 50
270.0
  0
INSERT
  5
CF3
  8
_G01-IND-3GEN_DRILLS
  6
CONTINUOUS
  2
ROUND_6
 10
-40.2054034192118976
 20
99.4059480407879903
 30
0.0
 41
-25.3999999999999986
 42
25.3999999999999986
 43
25.3999999999999986
 50
270.0
  0
INSERT
  5
CF4
  8
_G01-IND-3GEN_DRILLS
  6
CONTINUOUS
  2
ROUND_6
 10
-40.2048979592118982
 20
112.4064300407879955
 30
0.0
 41
-25.3999999999999986
 42
25.3999999999999986
 43
25.3999999999999986
 50
270.0
  0
INSERT
  5
CF5
  8
_G01-IND-3GEN_DRILLS
  6
CONTINUOUS
  2
ROUND_6
 10
-44.2048899592119184
 20
107.4059320407880023
 30
0.0
 41
-25.3999999999999986
 42
25.3999999999999986
 43
25.3999999999999986
 50
270.0
  0
INSERT
  5
CF6
  8
_G01-IND-3GEN_DRILLS
  6
CONTINUOUS
  2
ROUND_6
 10
-45.2272399592119001
 20
104.4059380407880013
 30
0.0
 41
-25.3999999999999986
 42
25.3999999999999986
 43
25.3999999999999986
 50
270.0
  0
INSERT
  5
CF7
  8
_G01-IND-3GEN_DRILLS
  6
CONTINUOUS
  2
ROUND_6
 10
-45.1888834192118978
 20
111.4059265807880053
 30
0.0
 41
-25.3999999999999986
 42
25.3999999999999986
 43
25.3999999999999986
 50
270.0
  0
INSERT
  5
CF8
  8
_G01-IND-3GEN_DRILLS
  6
CONTINUOUS
  2
ROUND_6
 10
-44.1794899592119066
 20
104.4059380407880013
 30
0.0
 41
-25.3999999999999986
 42
25.3999999999999986
 43
25.3999999999999986
 50
270.0
  0
INSERT
  5
CF9
  8
_G01-IND-3GEN_DRILLS
  6
CONTINUOUS
  2
ROUND_6
 10
-37.2049064992119227
 20
110.3805235007880015
 30
0.0
 41
-25.3999999999999986
 42
25.3999999999999986
 43
25.3999999999999986
 50
270.0
  0
INSERT
  5
CFA
  8
_G01-IND-3GEN_DRILLS
  6
CONTINUOUS
  2
ROUND_6
 10
-34.191447959211942
 20
113.4059200407880041
 30
0.0
 41
-25.3999999999999986
 42
25.3999999999999986
 43
25.3999999999999986
 50
270.0
  0
INSERT
  5
CFB
  8
_G01-IND-3GEN_DRILLS
  6
CONTINUOUS
  2
ROUND_6
 10
-33.1795119592119221
 20
112.4018580407879995
 30
0.0
 41
-25.3999999999999986
 42
25.3999999999999986
 43
25.3999999999999986
 50
270.0
  0
INSERT
  5
CFC
  8
_G01-IND-3GEN_DRILLS
  6
CONTINUOUS
  2
ROUND_6
 10
-45.2048879592119093
 20
101.4107700407879946
 30
0.0
 41
-25.3999999999999986
 42
25.3999999999999986
 43
25.3999999999999986
 50
270.0
  0
INSERT
  5
CFD
  8
_G01-IND-3GEN_DRILLS
  6
CONTINUOUS
  2
ROUND_6
 10
-43.2048919592118921
 20
100.4295680407879985
 30
0.0
 41
-25.3999999999999986
 42
25.3999999999999986
 43
25.3999999999999986
 50
270.0
  0
INSERT
  5
CFE
  8
_G01-IND-3GEN_DRILLS
  6
CONTINUOUS
  2
ROUND_6
 10
-46.2048834192119031
 20
111.4059265807880053
 30
0.0
 41
-25.3999999999999986
 42
25.3999999999999986
 43
25.3999999999999986
 50
270.0
  0
INSERT
  5
CFF
  8
_G01-IND-3GEN_DRILLS
  6
CONTINUOUS
  2
ROUND_6
 10
-46.2048834192119031
 20
99.4059480407879903
 30
0.0
 41
-25.3999999999999986
 42
25.3999999999999986
 43
25.3999999999999986
 50
270.0
  0
INSERT
  5
D00
  8
_G01-IND-3GEN_DRILLS
  6
CONTINUOUS
  2
ROUND_6
 10
-41.2048934192118992
 20
99.4059480407879903
 30
0.0
 41
-25.3999999999999986
 42
25.3999999999999986
 43
25.3999999999999986
 50
270.0
  0
INSERT
  5
D01
  8
_G01-IND-3GEN_DRILLS
  6
CONTINUOUS
  2
ROUND_6
 10
-32.2049164992119117
 20
102.4059420407880054
 30
0.0
 41
-25.3999999999999986
 42
25.3999999999999986
 43
25.3999999999999986
 50
270.0
  0
INSERT
  5
D02
  8
_G01-IND-3GEN_DRILLS
  6
CONTINUOUS
  2
ROUND_6
 10
-33.2049119592119268
 20
102.4059420407880054
 30
0.0
 41
-25.3999999999999986
 42
25.3999999999999986
 43
25.3999999999999986
 50
270.0
  0
INSERT
  5
D03
  8
_G01-IND-3GEN_DRILLS
  6
CONTINUOUS
  2
ROUND_6
 10
-32.2049164992119117
 20
109.4059280407879982
 30
0.0
 41
-25.3999999999999986
 42
25.3999999999999986
 43
25.3999999999999986
 50
270.0
  0
INSERT
  5
D04
  8
_G01-IND-3GEN_DRILLS
  6
CONTINUOUS
  2
ROUND_99
 10
-31.1149999592119109
 20
127.6350000407880003
 30
0.0
 41
-25.3999999999999986
 42
25.3999999999999986
 43
25.3999999999999986
 50
270.0
  0
INSERT
  5
D05
  8
_G01-IND-3GEN_DRILLS
  6
CONTINUOUS
  2
ROUND_99
 10
-31.1149999592119109
 20
125.349000040787999
 30
0.0
 41
-25.3999999999999986
 42
25.3999999999999986
 43
25.3999999999999986
 50
270.0
  0
INSERT
  5
D06
  8
_G01-IND-3GEN_DRILLS
  6
CONTINUOUS
  2
ROUND_99
 10
-31.1149999592119109
 20
123.3170000407880025
 30
0.0
 41
-25.3999999999999986
 42
25.3999999999999986
 43
25.3999999999999986
 50
270.0
  0
INSERT
  5
D07
  8
_G01-IND-3GEN_DRILLS
  6
CONTINUOUS
  2
ROUND_99
 10
-31.1149999592119109
 20
121.0310000407880011
 30
0.0
 41
-25.3999999999999986
 42
25.3999999999999986
 43
25.3999999999999986
 50
270.0
  0
INSERT
  5
D08
  8
_G01-IND-3GEN_DRILLS
  6
CONTINUOUS
  2
ROUND_99
 10
-28.1939999592119186
 20
121.0310000407880011
 30
0.0
 41
-25.3999999999999986
 42
25.3999999999999986
 43
25.3999999999999986
 50
270.0
  0
INSERT
  5
D09
  8
_G01-IND-3GEN_DRILLS
  6
CONTINUOUS
  2
ROUND_99
 10
-25.780999959211929
 20
121.0310000407880011
 30
0.0
 41
-25.3999999999999986
 42
25.3999999999999986
 43
25.3999999999999986
 50
270.0
  0
INSERT
  5
D0A
  8
_G01-IND-3GEN_DRILLS
  6
CONTINUOUS
  2
ROUND_99
 10
-22.9869999592119214
 20
121.0310000407880011
 30
0.0
 41
-25.3999999999999986
 42
25.3999999999999986
 43
25.3999999999999986
 50
270.0
  0
INSERT
  5
D0B
  8
_G01-IND-3GEN_DRILLS
  6
CONTINUOUS
  2
ROUND_99
 10
-20.3199999592119305
 20
121.0310000407880011
 30
0.0
 41
-25.3999999999999986
 42
25.3999999999999986
 43
25.3999999999999986
 50
270.0
  0
INSERT
  5
D0C
  8
_G01-IND-3GEN_DRILLS
  6
CONTINUOUS
  2
ROUND_99
 10
-17.1449999592119298
 20
121.0310000407880011
 30
0.0
 41
-25.3999999999999986
 42
25.3999999999999986
 43
25.3999999999999986
 50
270.0
  0
INSERT
  5
D0D
  8
_G01-IND-3GEN_DRILLS
  6
CONTINUOUS
  2
ROUND_99
 10
-13.8429999592119106
 20
121.0310000407880011
 30
0.0
 41
-25.3999999999999986
 42
25.3999999999999986
 43
25.3999999999999986
 50
270.0
  0
INSERT
  5
D0E
  8
_G01-IND-3GEN_DRILLS
  6
CONTINUOUS
  2
ROUND_99
 10
-31.1149999592119109
 20
129.6670000407879968
 30
0.0
 41
-25.3999999999999986
 42
25.3999999999999986
 43
25.3999999999999986
 50
270.0
  0
INSERT
  5
D0F
  8
_G01-IND-3GEN_DRILLS
  6
CONTINUOUS
  2
ROUND_99
 10
-31.1149999592119286
 20
132.4610000407880079
 30
0.0
 41
-25.3999999999999986
 42
25.3999999999999986
 43
25.3999999999999986
 50
270.0
  0
INSERT
  5
D10
  8
_G01-IND-3GEN_DRILLS
  6
CONTINUOUS
  2
ROUND_99
 10
-31.1149999592119286
 20
134.4930000407879902
 30
0.0
 41
-25.3999999999999986
 42
25.3999999999999986
 43
25.3999999999999986
 50
270.0
  0
INSERT
  5
D11
  8
_G01-IND-3GEN_DRILLS
  6
CONTINUOUS
  2
ROUND_99
 10
-31.1149999592119286
 20
136.6520000407880104
 30
0.0
 41
-25.3999999999999986
 42
25.3999999999999986
 43
25.3999999999999986
 50
270.0
  0
INSERT
  5
D12
  8
_G01-IND-3GEN_DRILLS
  6
CONTINUOUS
  2
ROUND_99
 10
-31.1149999592119286
 20
149.0980000407880084
 30
0.0
 41
-25.3999999999999986
 42
25.3999999999999986
 43
25.3999999999999986
 50
270.0
  0
INSERT
  5
D13
  8
_G01-IND-3GEN_DRILLS
  6
CONTINUOUS
  2
ROUND_99
 10
-25.2729999592119192
 20
149.0980000407880084
 30
0.0
 41
-25.3999999999999986
 42
25.3999999999999986
 43
25.3999999999999986
 50
270.0
  0
INSERT
  5
D14
  8
_G01-IND-3GEN_DRILLS
  6
CONTINUOUS
  2
ROUND_99
 10
-7.5590399592119377
 20
149.0980000407880084
 30
0.0
 41
-25.3999999999999986
 42
25.3999999999999986
 43
25.3999999999999986
 50
270.0
  0
INSERT
  5
D15
  8
_G01-IND-3GEN_DRILLS
  6
CONTINUOUS
  2
ROUND_99
 10
-19.0499999592119096
 20
149.0980000407880084
 30
0.0
 41
-25.3999999999999986
 42
25.3999999999999986
 43
25.3999999999999986
 50
270.0
  0
INSERT
  5
D16
  8
_G01-IND-3GEN_DRILLS
  6
CONTINUOUS
  2
ROUND_99
 10
-22.0979999592119185
 20
149.0980000407880084
 30
0.0
 41
-25.3999999999999986
 42
25.3999999999999986
 43
25.3999999999999986
 50
270.0
  0
INSERT
  5
D17
  8
_G01-IND-3GEN_DRILLS
  6
CONTINUOUS
  2
ROUND_99
 10
-65.0239999592119204
 20
122.9360000407880023
 30
0.0
 41
-25.3999999999999986
 42
25.3999999999999986
 43
25.3999999999999986
 50
270.0
  0
INSERT
  5
D18
  8
_G01-IND-3GEN_DRILLS
  6
CONTINUOUS
  2
ROUND_99
 10
-62.6109999592119095
 20
120.5230000407880055
 30
0.0
 41
-25.3999999999999986
 42
25.3999999999999986
 43
25.3999999999999986
 50
270.0
  0
INSERT
  5
D19
  8
_G01-IND-3GEN_DRILLS
  6
CONTINUOUS
  2
ROUND_99
 10
-61.2139999592119111
 20
126.2380000407879947
 30
0.0
 41
-25.3999999999999986
 42
25.3999999999999986
 43
25.3999999999999986
 50
270.0
  0
INSERT
  5
D1A
  8
_G01-IND-3GEN_DRILLS
  6
CONTINUOUS
  2
ROUND_99
 10
-5.2069999592119149
 20
149.0980000407880084
 30
0.0
 41
-25.3999999999999986
 42
25.3999999999999986
 43
25.3999999999999986
 50
270.0
  0
INSERT
  5
D1B
  8
_G01-IND-3GEN_DRILLS
  6
CONTINUOUS
  2
ROUND_99
 10
-52.1969999592119009
 20
119.126000040788
 30
0.0
 41
-25.3999999999999986
 42
25.3999999999999986
 43
25.3999999999999986
 50
270.0
  0
INSERT
  5
D1C
  8
_G01-IND-3GEN_DRILLS
  6
CONTINUOUS
  2
ROUND_99
 10
-40.3859999592119294
 20
151.5110000407879909
 30
0.0
 41
-25.3999999999999986
 42
25.3999999999999986
 43
25.3999999999999986
 50
270.0
  0
INSERT
  5
D1D
  8
_G01-IND-3GEN_DRILLS
  6
CONTINUOUS
  2
ROUND_99
 10
-66.2939999592119165
 20
127.0000000407879952
 30
0.0
 41
-25.3999999999999986
 42
25.3999999999999986
 43
25.3999999999999986
 50
270.0
  0
INSERT
  5
D1E
  8
_G01-IND-3GEN_DRILLS
  6
CONTINUOUS
  2
ROUND_99
 10
-56.8959999592119203
 20
125.349000040787999
 30
0.0
 41
-25.3999999999999986
 42
25.3999999999999986
 43
25.3999999999999986
 50
270.0
  0
INSERT
  5
D1F
  8
_G01-IND-3GEN_DRILLS
  6
CONTINUOUS
  2
ROUND_99
 10
-49.1489999592119204
 20
149.6060000407879045
 30
0.0
 41
-25.3999999999999986
 42
25.3999999999999986
 43
25.3999999999999986
 50
270.0
  0
INSERT
  5
D20
  8
_G01-IND-3GEN_DRILLS
  6
CONTINUOUS
  2
ROUND_99
 10
-58.6739999592119332
 20
146.6850000407879975
 30
0.0
 41
-25.3999999999999986
 42
25.3999999999999986
 43
25.3999999999999986
 50
270.0
  0
INSERT
  5
D21
  8
_G01-IND-3GEN_DRILLS
  6
CONTINUOUS
  2
ROUND_99
 10
-39.4969999592119265
 20
143.8910000407879863
 30
0.0
 41
-25.3999999999999986
 42
25.3999999999999986
 43
25.3999999999999986
 50
270.0
  0
INSERT
  5
D22
  8
_G01-IND-3GEN_DRILLS
  6
CONTINUOUS
  2
ROUND_99
 10
-11.3029999592119204
 20
113.7920000407879968
 30
0.0
 41
-25.3999999999999986
 42
25.3999999999999986
 43
25.3999999999999986
 50
270.0
  0
INSERT
  5
D23
  8
_G01-IND-3GEN_DRILLS
  6
CONTINUOUS
  2
ROUND_99
 10
-35.940999959211922
 20
154.0510000407880113
 30
0.0
 41
-25.3999999999999986
 42
25.3999999999999986
 43
25.3999999999999986
 50
270.0
  0
INSERT
  5
D24
  8
_G01-IND-3GEN_DRILLS
  6
CONTINUOUS
  2
ROUND_99
 10
-37.46499995921193
 20
164.9730000407880084
 30
0.0
 41
-25.3999999999999986
 42
25.3999999999999986
 43
25.3999999999999986
 50
270.0
  0
INSERT
  5
D25
  8
_G01-IND-3GEN_DRILLS
  6
CONTINUOUS
  2
ROUND_99
 10
-45.9739999592119233
 20
162.1790000407881109
 30
0.0
 41
-25.3999999999999986
 42
25.3999999999999986
 43
25.3999999999999986
 50
270.0
  0
INSERT
  5
D26
  8
_G01-IND-3GEN_DRILLS
  6
CONTINUOUS
  2
ROUND_99
 10
-44.7039999592118988
 20
123.0630000407879976
 30
0.0
 41
-25.3999999999999986
 42
25.3999999999999986
 43
25.3999999999999986
 50
270.0
  0
INSERT
  5
D27
  8
_G01-IND-3GEN_DRILLS
  6
CONTINUOUS
  2
ROUND_99
 10
-39.4969999592119265
 20
140.7160000407880034
 30
0.0
 41
-25.3999999999999986
 42
25.3999999999999986
 43
25.3999999999999986
 50
270.0
  0
INSERT
  5
D28
  8
_G01-IND-3GEN_DRILLS
  6
CONTINUOUS
  2
ROUND_99
 10
-54.9909999592119334
 20
163.8300000407880077
 30
0.0
 41
-25.3999999999999986
 42
25.3999999999999986
 43
25.3999999999999986
 50
270.0
  0
INSERT
  5
D29
  8
_G01-IND-3GEN_DRILLS
  6
CONTINUOUS
  2
ROUND_99
 10
-20.1929999592119103
 20
109.8550000407879992
 30
0.0
 41
-25.3999999999999986
 42
25.3999999999999986
 43
25.3999999999999986
 50
270.0
  0
INSERT
  5
D2A
  8
_G01-IND-3GEN_DRILLS
  6
CONTINUOUS
  2
ROUND_99
 10
-70.865999959211905
 20
129.1590000407879018
 30
0.0
 41
-25.3999999999999986
 42
25.3999999999999986
 43
25.3999999999999986
 50
270.0
  0
INSERT
  5
D2B
  8
_G01-IND-3GEN_DRILLS
  6
CONTINUOUS
  2
ROUND_99
 10
-35.940999959211922
 20
149.6060000407879897
 30
0.0
 41
-25.3999999999999986
 42
25.3999999999999986
 43
25.3999999999999986
 50
270.0
  0
INSERT
  5
D2C
  8
_G01-IND-3GEN_DRILLS
  6
CONTINUOUS
  2
ROUND_99
 10
-67.6909999592119078
 20
120.1420000407880053
 30
0.0
 41
-25.3999999999999986
 42
25.3999999999999986
 43
25.3999999999999986
 50
270.0
  0
INSERT
  5
D2D
  8
_G01-IND-3GEN_DRILLS
  6
CONTINUOUS
  2
ROUND_99
 10
-57.149999959211911
 20
127.3810000407879954
 30
0.0
 41
-25.3999999999999986
 42
25.3999999999999986
 43
25.3999999999999986
 50
270.0
  0
INSERT
  5
D2E
  8
_G01-IND-3GEN_DRILLS
  6
CONTINUOUS
  2
ROUND_99
 10
-49.1489999592119204
 20
144.6530000407879015
 30
0.0
 41
-25.3999999999999986
 42
25.3999999999999986
 43
25.3999999999999986
 50
270.0
  0
INSERT
  5
D2F
  8
_G01-IND-3GEN_DRILLS
  6
CONTINUOUS
  2
ROUND_99
 10
-72.3899999592119059
 20
126.1110000407879994
 30
0.0
 41
-25.3999999999999986
 42
25.3999999999999986
 43
25.3999999999999986
 50
270.0
  0
INSERT
  5
D30
  8
_G01-IND-3GEN_DRILLS
  6
CONTINUOUS
  2
ROUND_99
 10
-20.1929999592119103
 20
101.3460000407879988
 30
0.0
 41
-25.3999999999999986
 42
25.3999999999999986
 43
25.3999999999999986
 50
270.0
  0
INSERT
  5
D31
  8
_G01-IND-3GEN_DRILLS
  6
CONTINUOUS
  2
ROUND_99
 10
-39.3699999592119312
 20
128.7780000407879015
 30
0.0
 41
-25.3999999999999986
 42
25.3999999999999986
 43
25.3999999999999986
 50
270.0
  0
INSERT
  5
D32
  8
_G01-IND-3GEN_DRILLS
  6
CONTINUOUS
  2
ROUND_99
 10
-39.2429999592119074
 20
120.5230000407880055
 30
0.0
 41
-25.3999999999999986
 42
25.3999999999999986
 43
25.3999999999999986
 50
270.0
  0
INSERT
  5
D33
  8
_G01-IND-3GEN_DRILLS
  6
CONTINUOUS
  2
ROUND_99
 10
-50.2919999592119211
 20
131.1910000407879977
 30
0.0
 41
-25.3999999999999986
 42
25.3999999999999986
 43
25.3999999999999986
 50
270.0
  0
INSERT
  5
D34
  8
_G01-IND-3GEN_DRILLS
  6
CONTINUOUS
  2
ROUND_99
 10
-50.2919999592119211
 20
133.7310000407879045
 30
0.0
 41
-25.3999999999999986
 42
25.3999999999999986
 43
25.3999999999999986
 50
270.0
  0
INSERT
  5
D35
  8
_G01-IND-3GEN_DRILLS
  6
CONTINUOUS
  2
ROUND_99
 10
-45.9739999592119233
 20
164.5920000407880082
 30
0.0
 41
-25.3999999999999986
 42
25.3999999999999986
 43
25.3999999999999986
 50
270.0
  0
INSERT
  5
D36
  8
_G01-IND-3GEN_DRILLS
  6
CONTINUOUS
  2
ROUND_99
 10
-14.3509999592119204
 20
101.3460000407879988
 30
0.0
 41
-25.3999999999999986
 42
25.3999999999999986
 43
25.3999999999999986
 50
270.0
  0
INSERT
  5
D37
  8
_G01-IND-3GEN_DRILLS
  6
CONTINUOUS
  2
ROUND_99
 10
-53.8479999592119398
 20
165.8620000407879047
 30
0.0
 41
-25.3999999999999986
 42
25.3999999999999986
 43
25.3999999999999986
 50
270.0
  0
INSERT
  5
D38
  8
_G01-IND-3GEN_DRILLS
  6
CONTINUOUS
  2
ROUND_99
 10
-56.2609999592119294
 20
165.8620000407879047
 30
0.0
 41
-25.3999999999999986
 42
25.3999999999999986
 43
25.3999999999999986
 50
270.0
  0
INSERT
  5
D39
  8
_G01-IND-3GEN_DRILLS
  6
CONTINUOUS
  2
ROUND_99
 10
-35.940999959211922
 20
156.8450000407879941
 30
0.0
 41
-25.3999999999999986
 42
25.3999999999999986
 43
25.3999999999999986
 50
270.0
  0
INSERT
  5
D3A
  8
_G01-IND-3GEN_DRILLS
  6
CONTINUOUS
  2
ROUND_99
 10
-64.5159999592119107
 20
131.8260000407881023
 30
0.0
 41
-25.3999999999999986
 42
25.3999999999999986
 43
25.3999999999999986
 50
270.0
  0
INSERT
  5
D3B
  8
_G01-IND-3GEN_DRILLS
  6
CONTINUOUS
  2
ROUND_99
 10
-64.5159999592119107
 20
129.9210000407879875
 30
0.0
 41
-25.3999999999999986
 42
25.3999999999999986
 43
25.3999999999999986
 50
270.0
  0
INSERT
  5
D3C
  8
_G01-IND-3GEN_DRILLS
  6
CONTINUOUS
  2
ROUND_99
 10
-54.6099999592119119
 20
135.6360000407879909
 30
0.0
 41
-25.3999999999999986
 42
25.3999999999999986
 43
25.3999999999999986
 50
270.0
  0
INSERT
  5
D3D
  8
_G01-IND-3GEN_DRILLS
  6
CONTINUOUS
  2
ROUND_99
 10
-53.8479999592119398
 20
155.8290000407880029
 30
0.0
 41
-25.3999999999999986
 42
25.3999999999999986
 43
25.3999999999999986
 50
270.0
  0
INSERT
  5
D3E
  8
_G01-IND-3GEN_DRILLS
  6
CONTINUOUS
  2
ROUND_99
 10
-40.0049999592119079
 20
129.9210000407879875
 30
0.0
 41
-25.3999999999999986
 42
25.3999999999999986
 43
25.3999999999999986
 50
270.0
  0
INSERT
  5
D3F
  8
_G01-IND-3GEN_DRILLS
  6
CONTINUOUS
  2
ROUND_99
 10
-44.4499999592119082
 20
156.5910000407880034
 30
0.0
 41
-25.3999999999999986
 42
25.3999999999999986
 43
25.3999999999999986
 50
270.0
  0
INSERT
  5
D40
  8
_G01-IND-3GEN_DRILLS
  6
CONTINUOUS
  2
ROUND_99
 10
-63.7539999592119031
 20
126.619000040787995
 30
0.0
 41
-25.3999999999999986
 42
25.3999999999999986
 43
25.3999999999999986
 50
270.0
  0
INSERT
  5
D41
  8
_G01-IND-3GEN_DRILLS
  6
CONTINUOUS
  2
ROUND_99
 10
-57.0229999592118872
 20
31.2420000407880494
 30
0.0
 41
-25.3999999999999986
 42
25.3999999999999986
 43
25.3999999999999986
 50
270.0
  0
INSERT
  5
D42
  8
_G01-IND-3GEN_DRILLS
  6
CONTINUOUS
  2
ROUND_99
 10
-58.2929999592119117
 20
70.1040000407879802
 30
0.0
 41
-25.3999999999999986
 42
25.3999999999999986
 43
25.3999999999999986
 50
270.0
  0
INSERT
  5
D43
  8
_G01-IND-3GEN_DRILLS
  6
CONTINUOUS
  2
ROUND_99
 10
-58.2929999592119117
 20
72.2630000407880004
 30
0.0
 41
-25.3999999999999986
 42
25.3999999999999986
 43
25.3999999999999986
 50
270.0
  0
INSERT
  5
D44
  8
_G01-IND-3GEN_DRILLS
  6
CONTINUOUS
  2
ROUND_99
 10
-12.3189999592119008
 20
27.5590000407880602
 30
0.0
 41
-25.3999999999999986
 42
25.3999999999999986
 43
25.3999999999999986
 50
270.0
  0
INSERT
  5
D45
  8
_G01-IND-3GEN_DRILLS
  6
CONTINUOUS
  2
ROUND_99
 10
-67.1829999592118838
 20
39.4970000407880306
 30
0.0
 41
-25.3999999999999986
 42
25.3999999999999986
 43
25.3999999999999986
 50
270.0
  0
INSERT
  5
D46
  8
_G01-IND-3GEN_DRILLS
  6
CONTINUOUS
  2
ROUND_99
 10
41.5290000407880768
 20
20.3200000407880594
 30
0.0
 41
-25.3999999999999986
 42
25.3999999999999986
 43
25.3999999999999986
 50
270.0
  0
INSERT
  5
D47
  8
_G01-IND-3GEN_DRILLS
  6
CONTINUOUS
  2
ROUND_99
 10
29.9720000407880818
 20
32.2580000407880334
 30
0.0
 41
-25.3999999999999986
 42
25.3999999999999986
 43
25.3999999999999986
 50
270.0
  0
INSERT
  5
D48
  8
_G01-IND-3GEN_DRILLS
  6
CONTINUOUS
  2
ROUND_99
 10
56.6420000407880906
 20
38.4810000407880466
 30
0.0
 41
-25.3999999999999986
 42
25.3999999999999986
 43
25.3999999999999986
 50
270.0
  0
INSERT
  5
D49
  8
_G01-IND-3GEN_DRILLS
  6
CONTINUOUS
  2
ROUND_99
 10
-67.5639999592119125
 20
27.9400000407879894
 30
0.0
 41
-25.3999999999999986
 42
25.3999999999999986
 43
25.3999999999999986
 50
270.0
  0
INSERT
  5
D4A
  8
_G01-IND-3GEN_DRILLS
  6
CONTINUOUS
  2
ROUND_99
 10
-11.4299999592118908
 20
21.5900000407880803
 30
0.0
 41
-25.3999999999999986
 42
25.3999999999999986
 43
25.3999999999999986
 50
270.0
  0
INSERT
  5
D4B
  8
_G01-IND-3GEN_DRILLS
  6
CONTINUOUS
  2
ROUND_99
 10
-72.5169999592119154
 20
39.8780000407880522
 30
0.0
 41
-25.3999999999999986
 42
25.3999999999999986
 43
25.3999999999999986
 50
270.0
  0
INSERT
  5
D4C
  8
_G01-IND-3GEN_DRILLS
  6
CONTINUOUS
  2
ROUND_99
 10
-72.5169999592119154
 20
40.894000040788022
 30
0.0
 41
-25.3999999999999986
 42
25.3999999999999986
 43
25.3999999999999986
 50
270.0
  0
INSERT
  5
D4D
  8
_G01-IND-3GEN_DRILLS
  6
CONTINUOUS
  2
ROUND_99
 10
-68.3259999592118987
 20
67.1830000407880306
 30
0.0
 41
-25.3999999999999986
 42
25.3999999999999986
 43
25.3999999999999986
 50
270.0
  0
INSERT
  5
D4E
  8
_G01-IND-3GEN_DRILLS
  6
CONTINUOUS
  2
ROUND_99
 10
81.7880000407880914
 20
46.3550000407880205
 30
0.0
 41
-25.3999999999999986
 42
25.3999999999999986
 43
25.3999999999999986
 50
270.0
  0
INSERT
  5
D4F
  8
_G01-IND-3GEN_DRILLS
  6
CONTINUOUS
  2
ROUND_99
 10
-50.926999959211912
 20
74.2950000407880538
 30
0.0
 41
-25.3999999999999986
 42
25.3999999999999986
 43
25.3999999999999986
 50
270.0
  0
INSERT
  5
D50
  8
_G01-IND-3GEN_DRILLS
  6
CONTINUOUS
  2
ROUND_99
 10
-2.031999959211916
 20
86.2330000407880277
 30
0.0
 41
-25.3999999999999986
 42
25.3999999999999986
 43
25.3999999999999986
 50
270.0
  0
INSERT
  5
D51
  8
_G01-IND-3GEN_DRILLS
  6
CONTINUOUS
  2
ROUND_99
 10
99.6950000407880594
 20
15.1130000407880996
 30
0.0
 41
-25.3999999999999986
 42
25.3999999999999986
 43
25.3999999999999986
 50
270.0
  0
INSERT
  5
D52
  8
_G01-IND-3GEN_DRILLS
  6
CONTINUOUS
  2
ROUND_99
 10
-70.7389999592119096
 20
55.4990000407879975
 30
0.0
 41
-25.3999999999999986
 42
25.3999999999999986
 43
25.3999999999999986
 50
270.0
  0
INSERT
  5
D53
  8
_G01-IND-3GEN_DRILLS
  6
CONTINUOUS
  2
ROUND_99
 10
-58.4199999592119283
 20
96.9010000407879772
 30
0.0
 41
-25.3999999999999986
 42
25.3999999999999986
 43
25.3999999999999986
 50
270.0
  0
INSERT
  5
D54
  8
_G01-IND-3GEN_DRILLS
  6
CONTINUOUS
  2
ROUND_99
 10
-77.4699999592119326
 20
124.4600000407880032
 30
0.0
 41
-25.3999999999999986
 42
25.3999999999999986
 43
25.3999999999999986
 50
270.0
  0
INSERT
  5
D55
  8
_G01-IND-3GEN_DRILLS
  6
CONTINUOUS
  2
ROUND_99
 10
-26.2889999592118997
 20
35.8140000407880521
 30
0.0
 41
-25.3999999999999986
 42
25.3999999999999986
 43
25.3999999999999986
 50
270.0
  0
INSERT
  5
D56
  8
_G01-IND-3GEN_DRILLS
  6
CONTINUOUS
  2
ROUND_99
 10
-72.0089999592119057
 20
91.9480000407880169
 30
0.0
 41
-25.3999999999999986
 42
25.3999999999999986
 43
25.3999999999999986
 50
270.0
  0
INSERT
  5
D57
  8
_G01-IND-3GEN_DRILLS
  6
CONTINUOUS
  2
ROUND_99
 10
-51.9429999592119103
 20
46.863000040788009
 30
0.0
 41
-25.3999999999999986
 42
25.3999999999999986
 43
25.3999999999999986
 50
270.0
  0
INSERT
  5
D58
  8
_G01-IND-3GEN_DRILLS
  6
CONTINUOUS
  2
ROUND_99
 10
-65.1509999592119158
 20
111.633000040788005
 30
0.0
 41
-25.3999999999999986
 42
25.3999999999999986
 43
25.3999999999999986
 50
270.0
  0
INSERT
  5
D59
  8
_G01-IND-3GEN_DRILLS
  6
CONTINUOUS
  2
ROUND_99
 10
-65.1509999592119158
 20
109.6010000407879943
 30
0.0
 41
-25.3999999999999986
 42
25.3999999999999986
 43
25.3999999999999986
 50
270.0
  0
INSERT
  5
D5A
  8
_G01-IND-3GEN_DRILLS
  6
CONTINUOUS
  2
ROUND_99
 10
-65.1509999592119158
 20
107.6960000407879932
 30
0.0
 41
-25.3999999999999986
 42
25.3999999999999986
 43
25.3999999999999986
 50
270.0
  0
INSERT
  5
D5B
  8
_G01-IND-3GEN_DRILLS
  6
CONTINUOUS
  2
ROUND_99
 10
60.5790000407880669
 20
73.660000040788006
 30
0.0
 41
-25.3999999999999986
 42
25.3999999999999986
 43
25.3999999999999986
 50
270.0
  0
INSERT
  5
D5C
  8
_G01-IND-3GEN_DRILLS
  6
CONTINUOUS
  2
ROUND_99
 10
-76.8349999592119133
 20
83.9470000407880264
 30
0.0
 41
-25.3999999999999986
 42
25.3999999999999986
 43
25.3999999999999986
 50
270.0
  0
INSERT
  5
D5D
  8
_G01-IND-3GEN_DRILLS
  6
CONTINUOUS
  2
ROUND_99
 10
-72.2629999592119248
 20
88.5190000407880149
 30
0.0
 41
-25.3999999999999986
 42
25.3999999999999986
 43
25.3999999999999986
 50
270.0
  0
INSERT
  5
D5E
  8
_G01-IND-3GEN_DRILLS
  6
CONTINUOUS
  2
ROUND_99
 10
-10.6679999592119099
 20
53.7210000407879988
 30
0.0
 41
-25.3999999999999986
 42
25.3999999999999986
 43
25.3999999999999986
 50
270.0
  0
INSERT
  5
D5F
  8
_G01-IND-3GEN_DRILLS
  6
CONTINUOUS
  2
ROUND_99
 10
-56.8959999592119203
 20
100.3300000407879935
 30
0.0
 41
-25.3999999999999986
 42
25.3999999999999986
 43
25.3999999999999986
 50
270.0
  0
INSERT
  5
D60
  8
_G01-IND-3GEN_DRILLS
  6
CONTINUOUS
  2
ROUND_99
 10
-33.6549999592119207
 20
70.9930000407879902
 30
0.0
 41
-25.3999999999999986
 42
25.3999999999999986
 43
25.3999999999999986
 50
270.0
  0
INSERT
  5
D61
  8
_G01-IND-3GEN_DRILLS
  6
CONTINUOUS
  2
ROUND_99
 10
-84.5819999592119132
 20
121.6660000407880062
 30
0.0
 41
-25.3999999999999986
 42
25.3999999999999986
 43
25.3999999999999986
 50
270.0
  0
INSERT
  5
D62
  8
_G01-IND-3GEN_DRILLS
  6
CONTINUOUS
  2
ROUND_99
 10
-10.6679999592119099
 20
50.8000000407880421
 30
0.0
 41
-25.3999999999999986
 42
25.3999999999999986
 43
25.3999999999999986
 50
270.0
  0
INSERT
  5
D63
  8
_G01-IND-3GEN_DRILLS
  6
CONTINUOUS
  2
ROUND_99
 10
57.2770000407881028
 20
26.7970000407880313
 30
0.0
 41
-25.3999999999999986
 42
25.3999999999999986
 43
25.3999999999999986
 50
270.0
  0
INSERT
  5
D64
  8
_G01-IND-3GEN_DRILLS
  6
CONTINUOUS
  2
ROUND_99
 10
-10.5409999592118897
 20
77.8510000407880227
 30
0.0
 41
-25.3999999999999986
 42
25.3999999999999986
 43
25.3999999999999986
 50
270.0
  0
INSERT
  5
D65
  8
_G01-IND-3GEN_DRILLS
  6
CONTINUOUS
  2
ROUND_99
 10
-29.9719999592119102
 20
35.8140000407880521
 30
0.0
 41
-25.3999999999999986
 42
25.3999999999999986
 43
25.3999999999999986
 50
270.0
  0
INSERT
  5
D66
  8
_G01-IND-3GEN_DRILLS
  6
CONTINUOUS
  2
ROUND_99
 10
-81.406999959211916
 20
90.4240000407880018
 30
0.0
 41
-25.3999999999999986
 42
25.3999999999999986
 43
25.3999999999999986
 50
270.0
  0
INSERT
  5
D67
  8
_G01-IND-3GEN_DRILLS
  6
CONTINUOUS
  2
ROUND_99
 10
-42.2909999592119092
 20
85.8520000407880133
 30
0.0
 41
-25.3999999999999986
 42
25.3999999999999986
 43
25.3999999999999986
 50
270.0
  0
INSERT
  5
D68
  8
_G01-IND-3GEN_DRILLS
  6
CONTINUOUS
  2
ROUND_99
 10
75.0570000407881253
 20
19.812000040788071
 30
0.0
 41
-25.3999999999999986
 42
25.3999999999999986
 43
25.3999999999999986
 50
270.0
  0
INSERT
  5
D69
  8
_G01-IND-3GEN_DRILLS
  6
CONTINUOUS
  2
ROUND_99
 10
-32.7659999592118893
 20
35.8140000407880521
 30
0.0
 41
-25.3999999999999986
 42
25.3999999999999986
 43
25.3999999999999986
 50
270.0
  0
INSERT
  5
D6A
  8
_G01-IND-3GEN_DRILLS
  6
CONTINUOUS
  2
ROUND_99
 10
-72.2629999592119106
 20
79.7560000407880523
 30
0.0
 41
-25.3999999999999986
 42
25.3999999999999986
 43
25.3999999999999986
 50
270.0
  0
INSERT
  5
D6B
  8
_G01-IND-3GEN_DRILLS
  6
CONTINUOUS
  2
ROUND_99
 10
-75.1839999592119028
 20
130.5560000407878931
 30
0.0
 41
-25.3999999999999986
 42
25.3999999999999986
 43
25.3999999999999986
 50
270.0
  0
INSERT
  5
D6C
  8
_G01-IND-3GEN_DRILLS
  6
CONTINUOUS
  2
ROUND_99
 10
-72.2629999592119106
 20
78.4860000407880278
 30
0.0
 41
-25.3999999999999986
 42
25.3999999999999986
 43
25.3999999999999986
 50
270.0
  0
INSERT
  5
D6D
  8
_G01-IND-3GEN_DRILLS
  6
CONTINUOUS
  2
ROUND_99
 10
-9.9059999592119272
 20
211.8360000407880079
 30
0.0
 41
-25.3999999999999986
 42
25.3999999999999986
 43
25.3999999999999986
 50
270.0
  0
INSERT
  5
D6E
  8
_G01-IND-3GEN_DRILLS
  6
CONTINUOUS
  2
ROUND_99
 10
-12.8269999592119301
 20
194.0560000407880068
 30
0.0
 41
-25.3999999999999986
 42
25.3999999999999986
 43
25.3999999999999986
 50
270.0
  0
INSERT
  5
D6F
  8
_G01-IND-3GEN_DRILLS
  6
CONTINUOUS
  2
ROUND_99
 10
-18.7959999592119402
 20
194.0560000407880068
 30
0.0
 41
-25.3999999999999986
 42
25.3999999999999986
 43
25.3999999999999986
 50
270.0
  0
INSERT
  5
D70
  8
_G01-IND-3GEN_DRILLS
  6
CONTINUOUS
  2
ROUND_99
 10
-8.0009999592119474
 20
211.8360000407880079
 30
0.0
 41
-25.3999999999999986
 42
25.3999999999999986
 43
25.3999999999999986
 50
270.0
  0
INSERT
  5
D71
  8
_G01-IND-3GEN_DRILLS
  6
CONTINUOUS
  2
ROUND_99
 10
-61.7219999592118995
 20
56.0070000407879931
 30
0.0
 41
-25.3999999999999986
 42
25.3999999999999986
 43
25.3999999999999986
 50
270.0
  0
INSERT
  5
D72
  8
_G01-IND-3GEN_DRILLS
  6
CONTINUOUS
  2
ROUND_99
 10
-40.2589999592119128
 20
70.9930000407879902
 30
0.0
 41
-25.3999999999999986
 42
25.3999999999999986
 43
25.3999999999999986
 50
270.0
  0
INSERT
  5
D73
  8
_G01-IND-3GEN_DRILLS
  6
CONTINUOUS
  2
ROUND_99
 10
34.9250000407880918
 20
17.3990000407880103
 30
0.0
 41
-25.3999999999999986
 42
25.3999999999999986
 43
25.3999999999999986
 50
270.0
  0
INSERT
  5
D74
  8
_G01-IND-3GEN_DRILLS
  6
CONTINUOUS
  2
ROUND_99
 10
-58.2929999592119117
 20
81.5340000407880154
 30
0.0
 41
-25.3999999999999986
 42
25.3999999999999986
 43
25.3999999999999986
 50
270.0
  0
INSERT
  5
D75
  8
_G01-IND-3GEN_DRILLS
  6
CONTINUOUS
  2
ROUND_99
 10
-77.3429999592118946
 20
127.0000000407879952
 30
0.0
 41
-25.3999999999999986
 42
25.3999999999999986
 43
25.3999999999999986
 50
270.0
  0
INSERT
  5
D76
  8
_G01-IND-3GEN_DRILLS
  6
CONTINUOUS
  2
ROUND_99
 10
-6.2229999592118936
 20
37.8460000407879988
 30
0.0
 41
-25.3999999999999986
 42
25.3999999999999986
 43
25.3999999999999986
 50
270.0
  0
INSERT
  5
D77
  8
_G01-IND-3GEN_DRILLS
  6
CONTINUOUS
  2
ROUND_99
 10
-84.5819999592119132
 20
102.4890000407879995
 30
0.0
 41
-25.3999999999999986
 42
25.3999999999999986
 43
25.3999999999999986
 50
270.0
  0
INSERT
  5
D78
  8
_G01-IND-3GEN_DRILLS
  6
CONTINUOUS
  2
ROUND_99
 10
62.1030000407880891
 20
29.0830000407880291
 30
0.0
 41
-25.3999999999999986
 42
25.3999999999999986
 43
25.3999999999999986
 50
270.0
  0
INSERT
  5
D79
  8
_G01-IND-3GEN_DRILLS
  6
CONTINUOUS
  2
ROUND_99
 10
-5.9689999592118994
 20
99.8220000407880264
 30
0.0
 41
-25.3999999999999986
 42
25.3999999999999986
 43
25.3999999999999986
 50
270.0
  0
INSERT
  5
D7A
  8
_G01-IND-3GEN_DRILLS
  6
CONTINUOUS
  2
ROUND_99
 10
84.8360000407881216
 20
14.9860000407880296
 30
0.0
 41
-25.3999999999999986
 42
25.3999999999999986
 43
25.3999999999999986
 50
270.0
  0
INSERT
  5
D7B
  8
_G01-IND-3GEN_DRILLS
  6
CONTINUOUS
  2
ROUND_99
 10
-81.2799999592118922
 20
80.3910000407880148
 30
0.0
 41
-25.3999999999999986
 42
25.3999999999999986
 43
25.3999999999999986
 50
270.0
  0
INSERT
  5
D7C
  8
_G01-IND-3GEN_DRILLS
  6
CONTINUOUS
  2
ROUND_99
 10
-72.2629999592119248
 20
115.1890000407880024
 30
0.0
 41
-25.3999999999999986
 42
25.3999999999999986
 43
25.3999999999999986
 50
270.0
  0
INSERT
  5
D7D
  8
_G01-IND-3GEN_DRILLS
  6
CONTINUOUS
  2
ROUND_99
 10
-80.6449999592119013
 20
58.1660000407880133
 30
0.0
 41
-25.3999999999999986
 42
25.3999999999999986
 43
25.3999999999999986
 50
270.0
  0
INSERT
  5
D7E
  8
_G01-IND-3GEN_DRILLS
  6
CONTINUOUS
  2
ROUND_99
 10
-30.9879999592119013
 20
48.7680000407879817
 30
0.0
 41
-25.3999999999999986
 42
25.3999999999999986
 43
25.3999999999999986
 50
270.0
  0
INSERT
  5
D7F
  8
_G01-IND-3GEN_DRILLS
  6
CONTINUOUS
  2
ROUND_99
 10
-29.3369999592119015
 20
48.7680000407880385
 30
0.0
 41
-25.3999999999999986
 42
25.3999999999999986
 43
25.3999999999999986
 50
270.0
  0
INSERT
  5
D80
  8
_G01-IND-3GEN_DRILLS
  6
CONTINUOUS
  2
ROUND_99
 10
-67.3099999592119218
 20
88.0110000407880193
 30
0.0
 41
-25.3999999999999986
 42
25.3999999999999986
 43
25.3999999999999986
 50
270.0
  0
INSERT
  5
D81
  8
_G01-IND-3GEN_DRILLS
  6
CONTINUOUS
  2
ROUND_99
 10
-76.4539999592118988
 20
92.4560000407879983
 30
0.0
 41
-25.3999999999999986
 42
25.3999999999999986
 43
25.3999999999999986
 50
270.0
  0
INSERT
  5
D82
  8
_G01-IND-3GEN_DRILLS
  6
CONTINUOUS
  2
ROUND_99
 10
-36.1949999592119127
 20
52.1970000407880335
 30
0.0
 41
-25.3999999999999986
 42
25.3999999999999986
 43
25.3999999999999986
 50
270.0
  0
INSERT
  5
D83
  8
_G01-IND-3GEN_DRILLS
  6
CONTINUOUS
  2
ROUND_99
 10
-67.1829999592118838
 20
48.1330000407880192
 30
0.0
 41
-25.3999999999999986
 42
25.3999999999999986
 43
25.3999999999999986
 50
270.0
  0
INSERT
  5
D84
  8
_G01-IND-3GEN_DRILLS
  6
CONTINUOUS
  2
ROUND_99
 10
-15.2399999592119002
 20
75.3110000407880307
 30
0.0
 41
-25.3999999999999986
 42
25.3999999999999986
 43
25.3999999999999986
 50
270.0
  0
INSERT
  5
D85
  8
_G01-IND-3GEN_DRILLS
  6
CONTINUOUS
  2
ROUND_99
 10
-10.6679999592119099
 20
67.6910000407880119
 30
0.0
 41
-25.3999999999999986
 42
25.3999999999999986
 43
25.3999999999999986
 50
270.0
  0
INSERT
  5
D86
  8
_G01-IND-3GEN_DRILLS
  6
CONTINUOUS
  2
ROUND_99
 10
-10.6679999592119099
 20
75.3110000407880307
 30
0.0
 41
-25.3999999999999986
 42
25.3999999999999986
 43
25.3999999999999986
 50
270.0
  0
INSERT
  5
D87
  8
_G01-IND-3GEN_DRILLS
  6
CONTINUOUS
  2
ROUND_99
 10
-25.0189999592119392
 20
193.9290000407881109
 30
0.0
 41
-25.3999999999999986
 42
25.3999999999999986
 43
25.3999999999999986
 50
270.0
  0
INSERT
  5
D88
  8
_G01-IND-3GEN_DRILLS
  6
CONTINUOUS
  2
ROUND_99
 10
-17.7799999592118887
 20
51.9430000407880428
 30
0.0
 41
-25.3999999999999986
 42
25.3999999999999986
 43
25.3999999999999986
 50
270.0
  0
INSERT
  5
D89
  8
_G01-IND-3GEN_DRILLS
  6
CONTINUOUS
  2
ROUND_99
 10
105.5370000407880013
 20
34.0360000407880321
 30
0.0
 41
-25.3999999999999986
 42
25.3999999999999986
 43
25.3999999999999986
 50
270.0
  0
INSERT
  5
D8A
  8
_G01-IND-3GEN_DRILLS
  6
CONTINUOUS
  2
ROUND_99
 10
55.8800000407881114
 20
27.43200004078804
 30
0.0
 41
-25.3999999999999986
 42
25.3999999999999986
 43
25.3999999999999986
 50
270.0
  0
INSERT
  5
D8B
  8
_G01-IND-3GEN_DRILLS
  6
CONTINUOUS
  2
ROUND_99
 10
-67.1829999592118838
 20
43.0530000407880422
 30
0.0
 41
-25.3999999999999986
 42
25.3999999999999986
 43
25.3999999999999986
 50
270.0
  0
INSERT
  5
D8C
  8
_G01-IND-3GEN_DRILLS
  6
CONTINUOUS
  2
ROUND_99
 10
-17.7799999592118887
 20
49.276000040788027
 30
0.0
 41
-25.3999999999999986
 42
25.3999999999999986
 43
25.3999999999999986
 50
270.0
  0
INSERT
  5
D8D
  8
_G01-IND-3GEN_DRILLS
  6
CONTINUOUS
  2
ROUND_99
 10
-74.1679999592119117
 20
50.6730000407880183
 30
0.0
 41
-25.3999999999999986
 42
25.3999999999999986
 43
25.3999999999999986
 50
270.0
  0
INSERT
  5
D8E
  8
_G01-IND-3GEN_DRILLS
  6
CONTINUOUS
  2
ROUND_99
 10
-49.9109999592119067
 20
109.8550000407879992
 30
0.0
 41
-25.3999999999999986
 42
25.3999999999999986
 43
25.3999999999999986
 50
270.0
  0
INSERT
  5
D8F
  8
_G01-IND-3GEN_DRILLS
  6
CONTINUOUS
  2
ROUND_99
 10
88.7730000407880624
 20
14.0970000407880303
 30
0.0
 41
-25.3999999999999986
 42
25.3999999999999986
 43
25.3999999999999986
 50
270.0
  0
INSERT
  5
D90
  8
_G01-IND-3GEN_DRILLS
  6
CONTINUOUS
  2
ROUND_99
 10
-85.9789999592119045
 20
123.1900000407878935
 30
0.0
 41
-25.3999999999999986
 42
25.3999999999999986
 43
25.3999999999999986
 50
270.0
  0
INSERT
  5
D91
  8
_G01-IND-3GEN_DRILLS
  6
CONTINUOUS
  2
ROUND_99
 10
-85.9789999592119045
 20
125.7300000407879992
 30
0.0
 41
-25.3999999999999986
 42
25.3999999999999986
 43
25.3999999999999986
 50
270.0
  0
INSERT
  5
D92
  8
_G01-IND-3GEN_DRILLS
  6
CONTINUOUS
  2
ROUND_99
 10
-11.6839999592119295
 20
200.2790000407881053
 30
0.0
 41
-25.3999999999999986
 42
25.3999999999999986
 43
25.3999999999999986
 50
270.0
  0
INSERT
  5
D93
  8
_G01-IND-3GEN_DRILLS
  6
CONTINUOUS
  2
ROUND_99
 10
-48.2599999592119175
 20
47.3710000407879974
 30
0.0
 41
-25.3999999999999986
 42
25.3999999999999986
 43
25.3999999999999986
 50
270.0
  0
INSERT
  5
D94
  8
_G01-IND-3GEN_DRILLS
  6
CONTINUOUS
  2
ROUND_99
 10
-37.3379999592119134
 20
70.9930000407879902
 30
0.0
 41
-25.3999999999999986
 42
25.3999999999999986
 43
25.3999999999999986
 50
270.0
  0
INSERT
  5
D95
  8
_G01-IND-3GEN_DRILLS
  6
CONTINUOUS
  2
ROUND_99
 10
-52.7049999592118965
 20
49.1490000407880032
 30
0.0
 41
-25.3999999999999986
 42
25.3999999999999986
 43
25.3999999999999986
 50
270.0
  0
INSERT
  5
D96
  8
_G01-IND-3GEN_DRILLS
  6
CONTINUOUS
  2
ROUND_99
 10
92.329000040788074
 20
19.9390000407880414
 30
0.0
 41
-25.3999999999999986
 42
25.3999999999999986
 43
25.3999999999999986
 50
270.0
  0
INSERT
  5
D97
  8
_G01-IND-3GEN_DRILLS
  6
CONTINUOUS
  2
ROUND_99
 10
55.499000040788097
 20
23.4950000407880601
 30
0.0
 41
-25.3999999999999986
 42
25.3999999999999986
 43
25.3999999999999986
 50
270.0
  0
INSERT
  5
D98
  8
_G01-IND-3GEN_DRILLS
  6
CONTINUOUS
  2
ROUND_99
 10
-67.5639999592119125
 20
103.2510000407879005
 30
0.0
 41
-25.3999999999999986
 42
25.3999999999999986
 43
25.3999999999999986
 50
270.0
  0
INSERT
  5
D99
  8
_G01-IND-3GEN_DRILLS
  6
CONTINUOUS
  2
ROUND_99
 10
-61.2139999592119111
 20
64.6430000407879959
 30
0.0
 41
-25.3999999999999986
 42
25.3999999999999986
 43
25.3999999999999986
 50
270.0
  0
INSERT
  5
D9A
  8
_G01-IND-3GEN_DRILLS
  6
CONTINUOUS
  2
ROUND_99
 10
-48.6409999592119107
 20
70.7390000407880422
 30
0.0
 41
-25.3999999999999986
 42
25.3999999999999986
 43
25.3999999999999986
 50
270.0
  0
INSERT
  5
D9B
  8
_G01-IND-3GEN_DRILLS
  6
CONTINUOUS
  2
ROUND_99
 10
-45.4659999592119135
 20
85.979000040788037
 30
0.0
 41
-25.3999999999999986
 42
25.3999999999999986
 43
25.3999999999999986
 50
270.0
  0
INSERT
  5
D9C
  8
_G01-IND-3GEN_DRILLS
  6
CONTINUOUS
  2
ROUND_99
 10
-8.2549999592119416
 20
200.2790000407881053
 30
0.0
 41
-25.3999999999999986
 42
25.3999999999999986
 43
25.3999999999999986
 50
270.0
  0
INSERT
  5
D9D
  8
_G01-IND-3GEN_DRILLS
  6
CONTINUOUS
  2
ROUND_99
 10
80.6450000407880481
 20
50.0380000407880132
 30
0.0
 41
-25.3999999999999986
 42
25.3999999999999986
 43
25.3999999999999986
 50
270.0
  0
INSERT
  5
D9E
  8
_G01-IND-3GEN_DRILLS
  6
CONTINUOUS
  2
ROUND_99
 10
-10.6679999592119099
 20
70.2310000407880466
 30
0.0
 41
-25.3999999999999986
 42
25.3999999999999986
 43
25.3999999999999986
 50
270.0
  0
INSERT
  5
D9F
  8
_G01-IND-3GEN_DRILLS
  6
CONTINUOUS
  2
ROUND_99
 10
-85.9789999592119045
 20
93.9800000407879992
 30
0.0
 41
-25.3999999999999986
 42
25.3999999999999986
 43
25.3999999999999986
 50
270.0
  0
INSERT
  5
DA0
  8
_G01-IND-3GEN_DRILLS
  6
CONTINUOUS
  2
ROUND_99
 10
-49.2759999592119016
 20
48.3870000407879672
 30
0.0
 41
-25.3999999999999986
 42
25.3999999999999986
 43
25.3999999999999986
 50
270.0
  0
INSERT
  5
DA1
  8
_G01-IND-3GEN_DRILLS
  6
CONTINUOUS
  2
ROUND_99
 10
-24.0029999592119516
 20
200.2790000407881053
 30
0.0
 41
-25.3999999999999986
 42
25.3999999999999986
 43
25.3999999999999986
 50
270.0
  0
INSERT
  5
DA2
  8
_G01-IND-3GEN_DRILLS
  6
CONTINUOUS
  2
ROUND_99
 10
-16.3829999592119187
 20
200.2790000407881053
 30
0.0
 41
-25.3999999999999986
 42
25.3999999999999986
 43
25.3999999999999986
 50
270.0
  0
INSERT
  5
DA3
  8
_G01-IND-3GEN_DRILLS
  6
CONTINUOUS
  2
ROUND_99
 10
31.1150000407880789
 20
14.8590000407880591
 30
0.0
 41
-25.3999999999999986
 42
25.3999999999999986
 43
25.3999999999999986
 50
270.0
  0
INSERT
  5
DA4
  8
_G01-IND-3GEN_DRILLS
  6
CONTINUOUS
  2
ROUND_99
 10
103.6320000407880997
 20
42.4180000407880726
 30
0.0
 41
-25.3999999999999986
 42
25.3999999999999986
 43
25.3999999999999986
 50
270.0
  0
INSERT
  5
DA5
  8
_G01-IND-3GEN_DRILLS
  6
CONTINUOUS
  2
ROUND_99
 10
-45.2119999592118873
 20
33.9090000407880083
 30
0.0
 41
-25.3999999999999986
 42
25.3999999999999986
 43
25.3999999999999986
 50
270.0
  0
INSERT
  5
DA6
  8
_G01-IND-3GEN_DRILLS
  6
CONTINUOUS
  2
ROUND_99
 10
-43.4339999592118815
 20
33.9090000407880083
 30
0.0
 41
-25.3999999999999986
 42
25.3999999999999986
 43
25.3999999999999986
 50
270.0
  0
INSERT
  5
DA7
  8
_G01-IND-3GEN_DRILLS
  6
CONTINUOUS
  2
ROUND_99
 10
-43.3069999592118933
 20
31.2420000407880494
 30
0.0
 41
-25.3999999999999986
 42
25.3999999999999986
 43
25.3999999999999986
 50
270.0
  0
INSERT
  5
DA8
  8
_G01-IND-3GEN_DRILLS
  6
CONTINUOUS
  2
ROUND_99
 10
-41.655999959211897
 20
31.6230000407880212
 30
0.0
 41
-25.3999999999999986
 42
25.3999999999999986
 43
25.3999999999999986
 50
270.0
  0
INSERT
  5
DA9
  8
_G01-IND-3GEN_DRILLS
  6
CONTINUOUS
  2
ROUND_99
 10
-39.2429999592119074
 20
31.6230000407880212
 30
0.0
 41
-25.3999999999999986
 42
25.3999999999999986
 43
25.3999999999999986
 50
270.0
  0
INSERT
  5
DAA
  8
_G01-IND-3GEN_DRILLS
  6
CONTINUOUS
  2
ROUND_99
 10
-46.6089999592118787
 20
33.7820000407879917
 30
0.0
 41
-25.3999999999999986
 42
25.3999999999999986
 43
25.3999999999999986
 50
270.0
  0
INSERT
  5
DAB
  8
_G01-IND-3GEN_DRILLS
  6
CONTINUOUS
  2
ROUND_99
 10
-47.4979999592118887
 20
34.9250000407880421
 30
0.0
 41
-25.3999999999999986
 42
25.3999999999999986
 43
25.3999999999999986
 50
270.0
  0
INSERT
  5
DAC
  8
_G01-IND-3GEN_DRILLS
  6
CONTINUOUS
  2
ROUND_99
 10
-49.2759999592119016
 20
34.9250000407880421
 30
0.0
 41
-25.3999999999999986
 42
25.3999999999999986
 43
25.3999999999999986
 50
270.0
  0
INSERT
  5
DAD
  8
_G01-IND-3GEN_DRILLS
  6
CONTINUOUS
  2
ROUND_99
 10
-51.1809999592119027
 20
34.7980000407880183
 30
0.0
 41
-25.3999999999999986
 42
25.3999999999999986
 43
25.3999999999999986
 50
270.0
  0
INSERT
  5
DAE
  8
_G01-IND-3GEN_DRILLS
  6
CONTINUOUS
  2
ROUND_99
 10
-54.2289999592118974
 20
87.3760000407879858
 30
0.0
 41
-25.3999999999999986
 42
25.3999999999999986
 43
25.3999999999999986
 50
270.0
  0
INSERT
  5
DAF
  8
_G01-IND-3GEN_DRILLS
  6
CONTINUOUS
  2
ROUND_99
 10
-71.2469999592119052
 20
85.9790000407879802
 30
0.0
 41
-25.3999999999999986
 42
25.3999999999999986
 43
25.3999999999999986
 50
270.0
  0
INSERT
  5
DB0
  8
_G01-IND-3GEN_DRILLS
  6
CONTINUOUS
  2
ROUND_99
 10
-81.6609999592119067
 20
100.7110000407879937
 30
0.0
 41
-25.3999999999999986
 42
25.3999999999999986
 43
25.3999999999999986
 50
270.0
  0
INSERT
  5
DB1
  8
_G01-IND-3GEN_DRILLS
  6
CONTINUOUS
  2
ROUND_99
 10
-85.9789999592119045
 20
106.4260000407879971
 30
0.0
 41
-25.3999999999999986
 42
25.3999999999999986
 43
25.3999999999999986
 50
270.0
  0
INSERT
  5
DB2
  8
_G01-IND-3GEN_DRILLS
  6
CONTINUOUS
  2
ROUND_99
 10
20.1930000407880783
 20
49.9110000407880321
 30
0.0
 41
-25.3999999999999986
 42
25.3999999999999986
 43
25.3999999999999986
 50
270.0
  0
INSERT
  5
DB3
  8
_G01-IND-3GEN_DRILLS
  6
CONTINUOUS
  2
ROUND_99
 10
20.1930000407880783
 20
48.1330000407880192
 30
0.0
 41
-25.3999999999999986
 42
25.3999999999999986
 43
25.3999999999999986
 50
270.0
  0
INSERT
  5
DB4
  8
_G01-IND-3GEN_DRILLS
  6
CONTINUOUS
  2
ROUND_99
 10
2.0320000407880872
 20
149.4790000407880086
 30
0.0
 41
-25.3999999999999986
 42
25.3999999999999986
 43
25.3999999999999986
 50
270.0
  0
INSERT
  5
DB5
  8
_G01-IND-3GEN_DRILLS
  6
CONTINUOUS
  2
ROUND_99
 10
97.1550000407881242
 20
20.4470000407880299
 30
0.0
 41
-25.3999999999999986
 42
25.3999999999999986
 43
25.3999999999999986
 50
270.0
  0
INSERT
  5
DB6
  8
_G01-IND-3GEN_DRILLS
  6
CONTINUOUS
  2
ROUND_99
 10
-75.6919999592119268
 20
103.2510000407879005
 30
0.0
 41
-25.3999999999999986
 42
25.3999999999999986
 43
25.3999999999999986
 50
270.0
  0
INSERT
  5
DB7
  8
_G01-IND-3GEN_DRILLS
  6
CONTINUOUS
  2
ROUND_99
 10
-27.1779999592119204
 20
112.5220000407880008
 30
0.0
 41
-25.3999999999999986
 42
25.3999999999999986
 43
25.3999999999999986
 50
270.0
  0
INSERT
  5
DB8
  8
_G01-IND-3GEN_DRILLS
  6
CONTINUOUS
  2
ROUND_99
 10
-56.3879999592119034
 20
54.8640000407880422
 30
0.0
 41
-25.3999999999999986
 42
25.3999999999999986
 43
25.3999999999999986
 50
270.0
  0
INSERT
  5
DB9
  8
_G01-IND-3GEN_DRILLS
  6
CONTINUOUS
  2
ROUND_99
 10
0.7620000407881143
 20
18.7960000407880017
 30
0.0
 41
-25.3999999999999986
 42
25.3999999999999986
 43
25.3999999999999986
 50
270.0
  0
INSERT
  5
DBA
  8
_G01-IND-3GEN_DRILLS
  6
CONTINUOUS
  2
ROUND_99
 10
93.0910000407881029
 20
45.9740000407880487
 30
0.0
 41
-25.3999999999999986
 42
25.3999999999999986
 43
25.3999999999999986
 50
270.0
  0
INSERT
  5
DBB
  8
_G01-IND-3GEN_DRILLS
  6
CONTINUOUS
  2
ROUND_99
 10
-56.260999959211901
 20
120.396000040787996
 30
0.0
 41
-25.3999999999999986
 42
25.3999999999999986
 43
25.3999999999999986
 50
270.0
  0
INSERT
  5
DBC
  8
_G01-IND-3GEN_DRILLS
  6
CONTINUOUS
  2
ROUND_99
 10
-19.1769999592119511
 20
200.2790000407881053
 30
0.0
 41
-25.3999999999999986
 42
25.3999999999999986
 43
25.3999999999999986
 50
270.0
  0
INSERT
  5
DBD
  8
_G01-IND-3GEN_DRILLS
  6
CONTINUOUS
  2
ROUND_99
 10
56.0070000407880926
 20
25.1460000407880884
 30
0.0
 41
-25.3999999999999986
 42
25.3999999999999986
 43
25.3999999999999986
 50
270.0
  0
INSERT
  5
DBE
  8
_G01-IND-3GEN_DRILLS
  6
CONTINUOUS
  2
ROUND_99
 10
-4.6989999592119274
 20
200.2790000407881053
 30
0.0
 41
-25.3999999999999986
 42
25.3999999999999986
 43
25.3999999999999986
 50
270.0
  0
INSERT
  5
DBF
  8
_G01-IND-3GEN_DRILLS
  6
CONTINUOUS
  2
ROUND_99
 10
-30.8609999592119095
 20
59.817000040788038
 30
0.0
 41
-25.3999999999999986
 42
25.3999999999999986
 43
25.3999999999999986
 50
270.0
  0
INSERT
  5
DC0
  8
_G01-IND-3GEN_DRILLS
  6
CONTINUOUS
  2
ROUND_99
 10
-75.8189999592119221
 20
118.8720000407879951
 30
0.0
 41
-25.3999999999999986
 42
25.3999999999999986
 43
25.3999999999999986
 50
270.0
  0
INSERT
  5
DC1
  8
_G01-IND-3GEN_DRILLS
  6
CONTINUOUS
  2
ROUND_99
 10
-54.1019999592119092
 20
67.3100000407879975
 30
0.0
 41
-25.3999999999999986
 42
25.3999999999999986
 43
25.3999999999999986
 50
270.0
  0
INSERT
  5
DC2
  8
_G01-IND-3GEN_DRILLS
  6
CONTINUOUS
  2
ROUND_99
 10
-54.1019999592119092
 20
65.7860000407880392
 30
0.0
 41
-25.3999999999999986
 42
25.3999999999999986
 43
25.3999999999999986
 50
270.0
  0
INSERT
  5
DC3
  8
_G01-IND-3GEN_DRILLS
  6
CONTINUOUS
  2
ROUND_99
 10
-54.1019999592119092
 20
64.2620000407880241
 30
0.0
 41
-25.3999999999999986
 42
25.3999999999999986
 43
25.3999999999999986
 50
270.0
  0
INSERT
  5
DC4
  8
_G01-IND-3GEN_DRILLS
  6
CONTINUOUS
  2
ROUND_99
 10
-52.7049999592118965
 20
50.8000000407880421
 30
0.0
 41
-25.3999999999999986
 42
25.3999999999999986
 43
25.3999999999999986
 50
270.0
  0
INSERT
  5
DC5
  8
_G01-IND-3GEN_DRILLS
  6
CONTINUOUS
  2
ROUND_99
 10
-52.7049999592118965
 20
52.4510000407879815
 30
0.0
 41
-25.3999999999999986
 42
25.3999999999999986
 43
25.3999999999999986
 50
270.0
  0
INSERT
  5
DC6
  8
_G01-IND-3GEN_DRILLS
  6
CONTINUOUS
  2
ROUND_99
 10
-45.8469999592118995
 20
49.4030000407880365
 30
0.0
 41
-25.3999999999999986
 42
25.3999999999999986
 43
25.3999999999999986
 50
270.0
  0
INSERT
  5
DC7
  8
_G01-IND-3GEN_DRILLS
  6
CONTINUOUS
  2
ROUND_99
 10
-36.7029999592119296
 20
48.7680000407879817
 30
0.0
 41
-25.3999999999999986
 42
25.3999999999999986
 43
25.3999999999999986
 50
270.0
  0
INSERT
  5
DC8
  8
_G01-IND-3GEN_DRILLS
  6
CONTINUOUS
  2
ROUND_99
 10
-36.7029999592119296
 20
50.4190000407880206
 30
0.0
 41
-25.3999999999999986
 42
25.3999999999999986
 43
25.3999999999999986
 50
270.0
  0
INSERT
  5
DC9
  8
_G01-IND-3GEN_DRILLS
  6
CONTINUOUS
  2
ROUND_99
 10
-32.6389999592119224
 20
48.0060000407880523
 30
0.0
 41
-25.3999999999999986
 42
25.3999999999999986
 43
25.3999999999999986
 50
270.0
  0
INSERT
  5
DCA
  8
_G01-IND-3GEN_DRILLS
  6
CONTINUOUS
  2
ROUND_99
 10
-27.6859999592119088
 20
48.0060000407880523
 30
0.0
 41
-25.3999999999999986
 42
25.3999999999999986
 43
25.3999999999999986
 50
270.0
  0
INSERT
  5
DCB
  8
_G01-IND-3GEN_DRILLS
  6
CONTINUOUS
  2
ROUND_99
 10
-26.0349999592119197
 20
48.0060000407880523
 30
0.0
 41
-25.3999999999999986
 42
25.3999999999999986
 43
25.3999999999999986
 50
270.0
  0
INSERT
  5
DCC
  8
_G01-IND-3GEN_DRILLS
  6
CONTINUOUS
  2
ROUND_99
 10
-24.3839999592118915
 20
48.0060000407880523
 30
0.0
 41
-25.3999999999999986
 42
25.3999999999999986
 43
25.3999999999999986
 50
270.0
  0
INSERT
  5
DCD
  8
_G01-IND-3GEN_DRILLS
  6
CONTINUOUS
  2
ROUND_99
 10
-34.2899999592118974
 20
48.0060000407880523
 30
0.0
 41
-25.3999999999999986
 42
25.3999999999999986
 43
25.3999999999999986
 50
270.0
  0
INSERT
  5
DCE
  8
_G01-IND-3GEN_DRILLS
  6
CONTINUOUS
  2
ROUND_99
 10
-65.1509999592119016
 20
54.8640000407880422
 30
0.0
 41
-25.3999999999999986
 42
25.3999999999999986
 43
25.3999999999999986
 50
270.0
  0
INSERT
  5
DCF
  8
_G01-IND-3GEN_DRILLS
  6
CONTINUOUS
  2
ROUND_99
 10
-65.1509999592119016
 20
53.0860000407880435
 30
0.0
 41
-25.3999999999999986
 42
25.3999999999999986
 43
25.3999999999999986
 50
270.0
  0
INSERT
  5
DD0
  8
_G01-IND-3GEN_DRILLS
  6
CONTINUOUS
  2
ROUND_99
 10
-65.1509999592119016
 20
51.3080000407880235
 30
0.0
 41
-25.3999999999999986
 42
25.3999999999999986
 43
25.3999999999999986
 50
270.0
  0
INSERT
  5
DD1
  8
_G01-IND-3GEN_DRILLS
  6
CONTINUOUS
  2
ROUND_99
 10
-65.1509999592119016
 20
49.5300000407880177
 30
0.0
 41
-25.3999999999999986
 42
25.3999999999999986
 43
25.3999999999999986
 50
270.0
  0
INSERT
  5
DD2
  8
_G01-IND-3GEN_DRILLS
  6
CONTINUOUS
  2
ROUND_99
 10
-65.1509999592119016
 20
47.7520000407880119
 30
0.0
 41
-25.3999999999999986
 42
25.3999999999999986
 43
25.3999999999999986
 50
270.0
  0
INSERT
  5
DD3
  8
_G01-IND-3GEN_DRILLS
  6
CONTINUOUS
  2
ROUND_99
 10
-76.3269999592119035
 20
111.5060000407879954
 30
0.0
 41
-25.3999999999999986
 42
25.3999999999999986
 43
25.3999999999999986
 50
270.0
  0
INSERT
  5
DD4
  8
_G01-IND-3GEN_DRILLS
  6
CONTINUOUS
  2
ROUND_99
 10
-81.2799999592118922
 20
82.2960000407880017
 30
0.0
 41
-25.3999999999999986
 42
25.3999999999999986
 43
25.3999999999999986
 50
270.0
  0
INSERT
  5
DD5
  8
_G01-IND-3GEN_DRILLS
  6
CONTINUOUS
  2
ROUND_99
 10
-79.7559999592119198
 20
99.4410000407880119
 30
0.0
 41
-25.3999999999999986
 42
25.3999999999999986
 43
25.3999999999999986
 50
270.0
  0
INSERT
  5
DD6
  8
_G01-IND-3GEN_DRILLS
  6
CONTINUOUS
  2
ROUND_99
 10
-23.2409999592118908
 20
49.276000040788027
 30
0.0
 41
-25.3999999999999986
 42
25.3999999999999986
 43
25.3999999999999986
 50
270.0
  0
INSERT
  5
DD7
  8
_G01-IND-3GEN_DRILLS
  6
CONTINUOUS
  2
ROUND_99
 10
-37.8459999592119232
 20
40.1320000407879931
 30
0.0
 41
-25.3999999999999986
 42
25.3999999999999986
 43
25.3999999999999986
 50
270.0
  0
INSERT
  5
DD8
  8
_G01-IND-3GEN_DRILLS
  6
CONTINUOUS
  2
ROUND_99
 10
-45.5929999592119088
 20
88.1380000407880004
 30
0.0
 41
-25.3999999999999986
 42
25.3999999999999986
 43
25.3999999999999986
 50
270.0
  0
INSERT
  5
DD9
  8
_G01-IND-3GEN_DRILLS
  6
CONTINUOUS
  2
ROUND_99
 10
-15.2399999592119002
 20
59.6900000407880285
 30
0.0
 41
-25.3999999999999986
 42
25.3999999999999986
 43
25.3999999999999986
 50
270.0
  0
INSERT
  5
DDA
  8
_G01-IND-3GEN_DRILLS
  6
CONTINUOUS
  2
ROUND_99
 10
-51.56199995921191
 20
101.981000040788004
 30
0.0
 41
-25.3999999999999986
 42
25.3999999999999986
 43
25.3999999999999986
 50
270.0
  0
INSERT
  5
DDB
  8
_G01-IND-3GEN_DRILLS
  6
CONTINUOUS
  2
ROUND_99
 10
-48.7679999592119131
 20
52.1970000407880335
 30
0.0
 41
-25.3999999999999986
 42
25.3999999999999986
 43
25.3999999999999986
 50
270.0
  0
INSERT
  5
DDC
  8
_G01-IND-3GEN_DRILLS
  6
CONTINUOUS
  2
ROUND_99
 10
-28.320999959211921
 20
78.2320000407879945
 30
0.0
 41
-25.3999999999999986
 42
25.3999999999999986
 43
25.3999999999999986
 50
270.0
  0
INSERT
  5
DDD
  8
_G01-IND-3GEN_DRILLS
  6
CONTINUOUS
  2
ROUND_99
 10
-38.9889999592119167
 20
88.1380000407880004
 30
0.0
 41
-25.3999999999999986
 42
25.3999999999999986
 43
25.3999999999999986
 50
270.0
  0
INSERT
  5
DDE
  8
_G01-IND-3GEN_DRILLS
  6
CONTINUOUS
  2
ROUND_99
 10
-48.7679999592119131
 20
54.2290000407879802
 30
0.0
 41
-25.3999999999999986
 42
25.3999999999999986
 43
25.3999999999999986
 50
270.0
  0
INSERT
  5
DDF
  8
_G01-IND-3GEN_DRILLS
  6
CONTINUOUS
  2
ROUND_99
 10
-40.2589999592118772
 20
48.7680000407879817
 30
0.0
 41
-25.3999999999999986
 42
25.3999999999999986
 43
25.3999999999999986
 50
270.0
  0
INSERT
  5
DE0
  8
_G01-IND-3GEN_DRILLS
  6
CONTINUOUS
  2
ROUND_99
 10
-68.4529999592119225
 20
76.3270000407880076
 30
0.0
 41
-25.3999999999999986
 42
25.3999999999999986
 43
25.3999999999999986
 50
270.0
  0
INSERT
  5
DE1
  8
_G01-IND-3GEN_DRILLS
  6
CONTINUOUS
  2
ROUND_99
 10
-57.4039999592119017
 20
81.0260000407879772
 30
0.0
 41
-25.3999999999999986
 42
25.3999999999999986
 43
25.3999999999999986
 50
270.0
  0
INSERT
  5
DE2
  8
_G01-IND-3GEN_DRILLS
  6
CONTINUOUS
  2
ROUND_99
 10
-34.543999959211888
 20
35.8140000407880521
 30
0.0
 41
-25.3999999999999986
 42
25.3999999999999986
 43
25.3999999999999986
 50
270.0
  0
INSERT
  5
DE3
  8
_G01-IND-3GEN_DRILLS
  6
CONTINUOUS
  2
ROUND_99
 10
-67.1829999592118838
 20
54.1020000407880133
 30
0.0
 41
-25.3999999999999986
 42
25.3999999999999986
 43
25.3999999999999986
 50
270.0
  0
INSERT
  5
DE4
  8
_G01-IND-3GEN_DRILLS
  6
CONTINUOUS
  2
ROUND_99
 10
-39.1159999592119121
 20
115.6970000407879979
 30
0.0
 41
-25.3999999999999986
 42
25.3999999999999986
 43
25.3999999999999986
 50
270.0
  0
INSERT
  5
DE5
  8
_G01-IND-3GEN_DRILLS
  6
CONTINUOUS
  2
ROUND_99
 10
-3.0479999592119391
 20
149.0980000407880084
 30
0.0
 41
-25.3999999999999986
 42
25.3999999999999986
 43
25.3999999999999986
 50
270.0
  0
INSERT
  5
DE6
  8
_G01-IND-3GEN_DRILLS
  6
CONTINUOUS
  2
ROUND_99
 10
-3.0479999592119391
 20
144.3990000407879961
 30
0.0
 41
-25.3999999999999986
 42
25.3999999999999986
 43
25.3999999999999986
 50
270.0
  0
INSERT
  5
DE7
  8
_G01-IND-3GEN_DRILLS
  6
CONTINUOUS
  2
ROUND_99
 10
-3.0479999592119391
 20
146.6850000407879975
 30
0.0
 41
-25.3999999999999986
 42
25.3999999999999986
 43
25.3999999999999986
 50
270.0
  0
INSERT
  5
DE8
  8
_G01-IND-3GEN_DRILLS
  6
CONTINUOUS
  2
ROUND_99
 10
-3.0479999592119391
 20
139.7000000407880123
 30
0.0
 41
-25.3999999999999986
 42
25.3999999999999986
 43
25.3999999999999986
 50
270.0
  0
INSERT
  5
DE9
  8
_G01-IND-3GEN_DRILLS
  6
CONTINUOUS
  2
ROUND_99
 10
-3.0479999592119391
 20
137.7950000407880111
 30
0.0
 41
-25.3999999999999986
 42
25.3999999999999986
 43
25.3999999999999986
 50
270.0
  0
INSERT
  5
DEA
  8
_G01-IND-3GEN_DRILLS
  6
CONTINUOUS
  2
ROUND_99
 10
-3.0479999592119391
 20
141.9860000407880136
 30
0.0
 41
-25.3999999999999986
 42
25.3999999999999986
 43
25.3999999999999986
 50
270.0
  0
INSERT
  5
DEB
  8
_G01-IND-3GEN_DRILLS
  6
CONTINUOUS
  2
ROUND_99
 10
-3.0479999592119391
 20
135.001000040788
 30
0.0
 41
-25.3999999999999986
 42
25.3999999999999986
 43
25.3999999999999986
 50
270.0
  0
INSERT
  5
DEC
  8
_G01-IND-3GEN_DRILLS
  6
CONTINUOUS
  2
ROUND_99
 10
-3.0479999592119391
 20
130.3020000407879877
 30
0.0
 41
-25.3999999999999986
 42
25.3999999999999986
 43
25.3999999999999986
 50
270.0
  0
INSERT
  5
DED
  8
_G01-IND-3GEN_DRILLS
  6
CONTINUOUS
  2
ROUND_99
 10
-3.0479999592119391
 20
125.6030000407880038
 30
0.0
 41
-25.3999999999999986
 42
25.3999999999999986
 43
25.3999999999999986
 50
270.0
  0
INSERT
  5
DEE
  8
_G01-IND-3GEN_DRILLS
  6
CONTINUOUS
  2
ROUND_99
 10
-3.0479999592119391
 20
121.0310000407880011
 30
0.0
 41
-25.3999999999999986
 42
25.3999999999999986
 43
25.3999999999999986
 50
270.0
  0
INSERT
  5
DEF
  8
_G01-IND-3GEN_DRILLS
  6
CONTINUOUS
  2
ROUND_99
 10
-3.0479999592119391
 20
123.3170000407880025
 30
0.0
 41
-25.3999999999999986
 42
25.3999999999999986
 43
25.3999999999999986
 50
270.0
  0
INSERT
  5
DF0
  8
_G01-IND-3GEN_DRILLS
  6
CONTINUOUS
  2
ROUND_99
 10
-16.8909999592119107
 20
149.0980000407880084
 30
0.0
 41
-25.3999999999999986
 42
25.3999999999999986
 43
25.3999999999999986
 50
270.0
  0
INSERT
  5
DF1
  8
_G01-IND-3GEN_DRILLS
  6
CONTINUOUS
  2
ROUND_99
 10
-13.71599995921191
 20
149.0980000407880084
 30
0.0
 41
-25.3999999999999986
 42
25.3999999999999986
 43
25.3999999999999986
 50
270.0
  0
INSERT
  5
DF2
  8
_G01-IND-3GEN_DRILLS
  6
CONTINUOUS
  2
ROUND_99
 10
-11.5569999592119093
 20
149.0980000407880084
 30
0.0
 41
-25.3999999999999986
 42
25.3999999999999986
 43
25.3999999999999986
 50
270.0
  0
INSERT
  5
DF3
  8
_G01-IND-3GEN_DRILLS
  6
CONTINUOUS
  2
ROUND_99
 10
-9.7789999592119088
 20
149.0980000407880084
 30
0.0
 41
-25.3999999999999986
 42
25.3999999999999986
 43
25.3999999999999986
 50
270.0
  0
INSERT
  5
DF4
  8
_G01-IND-3GEN_DRILLS
  6
CONTINUOUS
  2
ROUND_99
 10
-44.7039999592119273
 20
141.9860000407880136
 30
0.0
 41
-25.3999999999999986
 42
25.3999999999999986
 43
25.3999999999999986
 50
270.0
  0
INSERT
  5
DF5
  8
_G01-IND-3GEN_DRILLS
  6
CONTINUOUS
  2
ROUND_99
 10
-64.8969999592119251
 20
162.0520000407879877
 30
0.0
 41
-25.3999999999999986
 42
25.3999999999999986
 43
25.3999999999999986
 50
270.0
  0
INSERT
  5
DF6
  8
_G01-IND-3GEN_DRILLS
  6
CONTINUOUS
  2
ROUND_99
 10
-44.4499999592119082
 20
130.5560000407878931
 30
0.0
 41
-25.3999999999999986
 42
25.3999999999999986
 43
25.3999999999999986
 50
270.0
  0
INSERT
  5
DF7
  8
_G01-IND-3GEN_DRILLS
  6
CONTINUOUS
  2
ROUND_99
 10
-45.5929999592119231
 20
131.4450000407879884
 30
0.0
 41
-25.3999999999999986
 42
25.3999999999999986
 43
25.3999999999999986
 50
270.0
  0
INSERT
  5
DF8
  8
_G01-IND-3GEN_DRILLS
  6
CONTINUOUS
  2
ROUND_99
 10
-40.0049999592119079
 20
135.6360000407879909
 30
0.0
 41
-25.3999999999999986
 42
25.3999999999999986
 43
25.3999999999999986
 50
270.0
  0
INSERT
  5
DF9
  8
_G01-IND-3GEN_DRILLS
  6
CONTINUOUS
  2
ROUND_99
 10
-59.9439999592119221
 20
136.5250000407880009
 30
0.0
 41
-25.3999999999999986
 42
25.3999999999999986
 43
25.3999999999999986
 50
270.0
  0
INSERT
  5
DFA
  8
_G01-IND-3GEN_DRILLS
  6
CONTINUOUS
  2
ROUND_99
 10
104.0130000407880999
 20
23.7490000407881006
 30
0.0
 41
-25.3999999999999986
 42
25.3999999999999986
 43
25.3999999999999986
 50
270.0
  0
INSERT
  5
DFB
  8
_G01-IND-3GEN_DRILLS
  6
CONTINUOUS
  2
ROUND_99
 10
-76.9619999592118944
 20
64.2620000407880241
 30
0.0
 41
-25.3999999999999986
 42
25.3999999999999986
 43
25.3999999999999986
 50
270.0
  0
INSERT
  5
DFC
  8
_G01-IND-3GEN_DRILLS
  6
CONTINUOUS
  2
ROUND_99
 10
-78.3589999592118858
 20
64.2620000407880241
 30
0.0
 41
-25.3999999999999986
 42
25.3999999999999986
 43
25.3999999999999986
 50
270.0
  0
INSERT
  5
DFD
  8
_G01-IND-3GEN_DRILLS
  6
CONTINUOUS
  2
ROUND_99
 10
-100.7109999592119038
 20
15.2400000407879794
 30
0.0
 41
-25.3999999999999986
 42
25.3999999999999986
 43
25.3999999999999986
 50
270.0
  0
INSERT
  5
DFE
  8
_G01-IND-3GEN_DRILLS
  6
CONTINUOUS
  2
ROUND_99
 10
-15.8749999592118893
 20
27.3050000407880198
 30
0.0
 41
-25.3999999999999986
 42
25.3999999999999986
 43
25.3999999999999986
 50
270.0
  0
INSERT
  5
DFF
  8
_G01-IND-3GEN_DRILLS
  6
CONTINUOUS
  2
ROUND_99
 10
-59.562999959211929
 20
113.6650000407880015
 30
0.0
 41
-25.3999999999999986
 42
25.3999999999999986
 43
25.3999999999999986
 50
270.0
  0
INSERT
  5
E00
  8
_G01-IND-3GEN_DRILLS
  6
CONTINUOUS
  2
ROUND_99
 10
-50.7999999592119096
 20
84.4550000407880219
 30
0.0
 41
-25.3999999999999986
 42
25.3999999999999986
 43
25.3999999999999986
 50
270.0
  0
INSERT
  5
E01
  8
_G01-IND-3GEN_DRILLS
  6
CONTINUOUS
  2
ROUND_99
 10
4.572000040788077
 20
19.685000040788001
 30
0.0
 41
-25.3999999999999986
 42
25.3999999999999986
 43
25.3999999999999986
 50
270.0
  0
INSERT
  5
E02
  8
_G01-IND-3GEN_DRILLS
  6
CONTINUOUS
  2
ROUND_99
 10
-81.2799999592119065
 20
112.7760000407880057
 30
0.0
 41
-25.3999999999999986
 42
25.3999999999999986
 43
25.3999999999999986
 50
270.0
  0
INSERT
  5
E03
  8
_G01-IND-3GEN_DRILLS
  6
CONTINUOUS
  2
ROUND_99
 10
-72.6439999592118966
 20
48.6410000407880077
 30
0.0
 41
-25.3999999999999986
 42
25.3999999999999986
 43
25.3999999999999986
 50
270.0
  0
INSERT
  5
E04
  8
_G01-IND-3GEN_DRILLS
  6
CONTINUOUS
  2
ROUND_99
 10
55.8800000407881114
 20
34.798000040788061
 30
0.0
 41
-25.3999999999999986
 42
25.3999999999999986
 43
25.3999999999999986
 50
270.0
  0
INSERT
  5
E05
  8
_G01-IND-3GEN_DRILLS
  6
CONTINUOUS
  2
ROUND_99
 10
-62.9919999592119026
 20
77.2160000407880034
 30
0.0
 41
-25.3999999999999986
 42
25.3999999999999986
 43
25.3999999999999986
 50
270.0
  0
INSERT
  5
E06
  8
_G01-IND-3GEN_DRILLS
  6
CONTINUOUS
  2
ROUND_99
 10
-65.2779999592119111
 20
79.6290000407879859
 30
0.0
 41
-25.3999999999999986
 42
25.3999999999999986
 43
25.3999999999999986
 50
270.0
  0
INSERT
  5
E07
  8
_G01-IND-3GEN_DRILLS
  6
CONTINUOUS
  2
ROUND_99
 10
-67.3099999592119218
 20
97.536000040788025
 30
0.0
 41
-25.3999999999999986
 42
25.3999999999999986
 43
25.3999999999999986
 50
270.0
  0
INSERT
  5
E08
  8
_G01-IND-3GEN_DRILLS
  6
CONTINUOUS
  2
ROUND_99
 10
-54.1019999592119305
 20
107.1880000407879976
 30
0.0
 41
-25.3999999999999986
 42
25.3999999999999986
 43
25.3999999999999986
 50
270.0
  0
INSERT
  5
E09
  8
_G01-IND-3GEN_DRILLS
  6
CONTINUOUS
  2
ROUND_99
 10
-45.8469999592118995
 20
47.3710000407879974
 30
0.0
 41
-25.3999999999999986
 42
25.3999999999999986
 43
25.3999999999999986
 50
270.0
  0
INSERT
  5
E0A
  8
_G01-IND-3GEN_DRILLS
  6
CONTINUOUS
  2
ROUND_99
 10
-33.6549999592119207
 20
91.9480000407880169
 30
0.0
 41
-25.3999999999999986
 42
25.3999999999999986
 43
25.3999999999999986
 50
270.0
  0
INSERT
  5
E0B
  8
_G01-IND-3GEN_DRILLS
  6
CONTINUOUS
  2
ROUND_99
 10
-26.2889999592119388
 20
203.4159000407881024
 30
0.0
 41
-25.3999999999999986
 42
25.3999999999999986
 43
25.3999999999999986
 50
270.0
  0
INSERT
  5
E0C
  8
_G01-IND-3GEN_DRILLS
  6
CONTINUOUS
  2
ROUND_99
 10
-41.7829999592118924
 20
47.3710000407879974
 30
0.0
 41
-25.3999999999999986
 42
25.3999999999999986
 43
25.3999999999999986
 50
270.0
  0
INSERT
  5
E0D
  8
_G01-IND-3GEN_DRILLS
  6
CONTINUOUS
  2
ROUND_99
 10
-54.2289999592118974
 20
60.3250000407880265
 30
0.0
 41
-25.3999999999999986
 42
25.3999999999999986
 43
25.3999999999999986
 50
270.0
  0
INSERT
  5
E0E
  8
_G01-IND-3GEN_DRILLS
  6
CONTINUOUS
  2
ROUND_99
 10
-80.644999959211944
 20
100.7110000407879937
 30
0.0
 41
-25.3999999999999986
 42
25.3999999999999986
 43
25.3999999999999986
 50
270.0
  0
INSERT
  5
E0F
  8
_G01-IND-3GEN_DRILLS
  6
CONTINUOUS
  2
ROUND_99
 10
-66.9289999592119074
 20
86.1060000407880466
 30
0.0
 41
-25.3999999999999986
 42
25.3999999999999986
 43
25.3999999999999986
 50
270.0
  0
INSERT
  5
E10
  8
_G01-IND-3GEN_DRILLS
  6
CONTINUOUS
  2
ROUND_99
 10
-60.8329999592119108
 20
60.3250000407880265
 30
0.0
 41
-25.3999999999999986
 42
25.3999999999999986
 43
25.3999999999999986
 50
270.0
  0
INSERT
  5
E11
  8
_G01-IND-3GEN_DRILLS
  6
CONTINUOUS
  2
ROUND_99
 10
-8.3819999592119157
 20
121.0310000407880011
 30
0.0
 41
-25.3999999999999986
 42
25.3999999999999986
 43
25.3999999999999986
 50
270.0
  0
INSERT
  5
E12
  8
_G01-IND-3GEN_DRILLS
  6
CONTINUOUS
  2
ROUND_99
 10
-11.0489999592119208
 20
121.0310000407880011
 30
0.0
 41
-25.3999999999999986
 42
25.3999999999999986
 43
25.3999999999999986
 50
270.0
  0
INSERT
  5
E13
  8
_G01-IND-3GEN_DRILLS
  6
CONTINUOUS
  2
ROUND_99
 10
-40.2589999592118772
 20
59.817000040788038
 30
0.0
 41
-25.3999999999999986
 42
25.3999999999999986
 43
25.3999999999999986
 50
270.0
  0
INSERT
  5
E14
  8
_G01-IND-3GEN_DRILLS
  6
CONTINUOUS
  2
ROUND_99
 10
-58.2929999592119117
 20
71.2470000407880235
 30
0.0
 41
-25.3999999999999986
 42
25.3999999999999986
 43
25.3999999999999986
 50
270.0
  0
INSERT
  5
E15
  8
_G01-IND-3GEN_DRILLS
  6
CONTINUOUS
  2
ROUND_99
 10
-58.2929999592119117
 20
73.2790000407879916
 30
0.0
 41
-25.3999999999999986
 42
25.3999999999999986
 43
25.3999999999999986
 50
270.0
  0
INSERT
  5
E16
  8
_G01-IND-3GEN_DRILLS
  6
CONTINUOUS
  2
ROUND_99
 10
-48.1329999592119009
 20
88.1380000407880004
 30
0.0
 41
-25.3999999999999986
 42
25.3999999999999986
 43
25.3999999999999986
 50
270.0
  0
INSERT
  5
E17
  8
_G01-IND-3GEN_DRILLS
  6
CONTINUOUS
  2
ROUND_99
 10
34.9250000407880918
 20
14.9860000407880296
 30
0.0
 41
-25.3999999999999986
 42
25.3999999999999986
 43
25.3999999999999986
 50
270.0
  0
INSERT
  5
E18
  8
_G01-IND-3GEN_DRILLS
  6
CONTINUOUS
  2
ROUND_99
 10
-44.4499999592119082
 20
59.817000040788038
 30
0.0
 41
-25.3999999999999986
 42
25.3999999999999986
 43
25.3999999999999986
 50
270.0
  0
INSERT
  5
E19
  8
_G01-IND-3GEN_DRILLS
  6
CONTINUOUS
  2
ROUND_99
 10
-28.1939999592119186
 20
86.4870000407880184
 30
0.0
 41
-25.3999999999999986
 42
25.3999999999999986
 43
25.3999999999999986
 50
270.0
  0
INSERT
  5
E1A
  8
_G01-IND-3GEN_DRILLS
  6
CONTINUOUS
  2
ROUND_99
 10
-17.0179999592119096
 20
59.6900000407880285
 30
0.0
 41
-25.3999999999999986
 42
25.3999999999999986
 43
25.3999999999999986
 50
270.0
  0
INSERT
  5
E1B
  8
_G01-IND-3GEN_DRILLS
  6
CONTINUOUS
  2
ROUND_99
 10
-24.1299999592119008
 20
50.927000040788009
 30
0.0
 41
-25.3999999999999986
 42
25.3999999999999986
 43
25.3999999999999986
 50
270.0
  0
INSERT
  5
E1C
  8
_G01-IND-3GEN_DRILLS
  6
CONTINUOUS
  2
ROUND_99
 10
-56.0069999592119103
 20
91.4400000407879645
 30
0.0
 41
-25.3999999999999986
 42
25.3999999999999986
 43
25.3999999999999986
 50
270.0
  0
INSERT
  5
E1D
  8
_G01-IND-3GEN_DRILLS
  6
CONTINUOUS
  2
ROUND_99
 10
-55.4989999592119005
 20
42.2910000407880133
 30
0.0
 41
-25.3999999999999986
 42
25.3999999999999986
 43
25.3999999999999986
 50
270.0
  0
INSERT
  5
E1E
  8
_G01-IND-3GEN_DRILLS
  6
CONTINUOUS
  2
ROUND_99
 10
-28.320999959211921
 20
74.1680000407879731
 30
0.0
 41
-25.3999999999999986
 42
25.3999999999999986
 43
25.3999999999999986
 50
270.0
  0
INSERT
  5
E1F
  8
_G01-IND-3GEN_DRILLS
  6
CONTINUOUS
  2
ROUND_99
 10
-42.2909999592119092
 20
88.1380000407880004
 30
0.0
 41
-25.3999999999999986
 42
25.3999999999999986
 43
25.3999999999999986
 50
270.0
  0
INSERT
  5
E20
  8
_G01-IND-3GEN_DRILLS
  6
CONTINUOUS
  2
ROUND_99
 10
-45.973999959211902
 20
70.8660000407880091
 30
0.0
 41
-25.3999999999999986
 42
25.3999999999999986
 43
25.3999999999999986
 50
270.0
  0
INSERT
  5
E21
  8
_G01-IND-3GEN_DRILLS
  6
CONTINUOUS
  2
ROUND_99
 10
-64.7699999592119298
 20
103.1240000407880046
 30
0.0
 41
-25.3999999999999986
 42
25.3999999999999986
 43
25.3999999999999986
 50
270.0
  0
INSERT
  5
E22
  8
_G01-IND-3GEN_DRILLS
  6
CONTINUOUS
  2
ROUND_99
 10
-19.9389999592119089
 20
64.2620000407880241
 30
0.0
 41
-25.3999999999999986
 42
25.3999999999999986
 43
25.3999999999999986
 50
270.0
  0
INSERT
  5
E23
  8
_G01-IND-3GEN_DRILLS
  6
CONTINUOUS
  2
ROUND_99
 10
-19.9389999592118912
 20
45.847000040788032
 30
0.0
 41
-25.3999999999999986
 42
25.3999999999999986
 43
25.3999999999999986
 50
270.0
  0
INSERT
  5
E24
  8
_G01-IND-3GEN_DRILLS
  6
CONTINUOUS
  2
ROUND_99
 10
47.7520000407880971
 20
38.1000000407880393
 30
0.0
 41
-25.3999999999999986
 42
25.3999999999999986
 43
25.3999999999999986
 50
270.0
  0
INSERT
  5
E25
  8
_G01-IND-3GEN_DRILLS
  6
CONTINUOUS
  2
ROUND_99
 10
47.7520000407880971
 20
37.0840000407880623
 30
0.0
 41
-25.3999999999999986
 42
25.3999999999999986
 43
25.3999999999999986
 50
270.0
  0
INSERT
  5
E26
  8
_G01-IND-3GEN_DRILLS
  6
CONTINUOUS
  2
ROUND_99
 10
-28.0669999592119304
 20
149.0980000407880084
 30
0.0
 41
-25.3999999999999986
 42
25.3999999999999986
 43
25.3999999999999986
 50
270.0
  0
INSERT
  5
E27
  8
_G01-IND-3GEN_DRILLS
  6
CONTINUOUS
  2
ROUND_99
 10
-54.2289999592118974
 20
39.1160000407880233
 30
0.0
 41
-25.3999999999999986
 42
25.3999999999999986
 43
25.3999999999999986
 50
270.0
  0
INSERT
  5
E28
  8
_G01-IND-3GEN_DRILLS
  6
CONTINUOUS
  2
ROUND_99
 10
-49.2759999592119016
 20
36.7030000407880479
 30
0.0
 41
-25.3999999999999986
 42
25.3999999999999986
 43
25.3999999999999986
 50
270.0
  0
INSERT
  5
E29
  8
_G01-IND-3GEN_DRILLS
  6
CONTINUOUS
  2
ROUND_99
 10
-46.9899999592119002
 20
40.3860000407880335
 30
0.0
 41
-25.3999999999999986
 42
25.3999999999999986
 43
25.3999999999999986
 50
270.0
  0
INSERT
  5
E2A
  8
_G01-IND-3GEN_DRILLS
  6
CONTINUOUS
  2
ROUND_99
 10
-82.0419999592119069
 20
51.816000040788019
 30
0.0
 41
-25.3999999999999986
 42
25.3999999999999986
 43
25.3999999999999986
 50
270.0
  0
INSERT
  5
E2B
  8
_G01-IND-3GEN_DRILLS
  6
CONTINUOUS
  2
ROUND_99
 10
-34.4169999592118998
 20
29.3370000407880305
 30
0.0
 41
-25.3999999999999986
 42
25.3999999999999986
 43
25.3999999999999986
 50
270.0
  0
INSERT
  5
E2C
  8
_G01-IND-3GEN_DRILLS
  6
CONTINUOUS
  2
ROUND_99
 10
-34.6709999592118976
 20
18.5420000407880501
 30
0.0
 41
-25.3999999999999986
 42
25.3999999999999986
 43
25.3999999999999986
 50
270.0
  0
INSERT
  5
E2D
  8
_G01-IND-3GEN_DRILLS
  6
CONTINUOUS
  2
ROUND_99
 10
-41.1479999592118872
 20
35.941000040788019
 30
0.0
 41
-25.3999999999999986
 42
25.3999999999999986
 43
25.3999999999999986
 50
270.0
  0
INSERT
  5
E2E
  8
_G01-IND-3GEN_DRILLS
  6
CONTINUOUS
  2
ROUND_99
 10
-34.6709999592118976
 20
23.8760000407879787
 30
0.0
 41
-25.3999999999999986
 42
25.3999999999999986
 43
25.3999999999999986
 50
270.0
  0
INSERT
  5
E2F
  8
_G01-IND-3GEN_DRILLS
  6
CONTINUOUS
  2
ROUND_99
 10
-65.1509999592119158
 20
113.665000040787902
 30
0.0
 41
-25.3999999999999986
 42
25.3999999999999986
 43
25.3999999999999986
 50
270.0
  0
INSERT
  5
E30
  8
_G01-IND-3GEN_DRILLS
  6
CONTINUOUS
  2
ROUND_99
 10
-60.5789999592118988
 20
26.0350000407879989
 30
0.0
 41
-25.3999999999999986
 42
25.3999999999999986
 43
25.3999999999999986
 50
270.0
  0
INSERT
  5
E31
  8
_G01-IND-3GEN_DRILLS
  6
CONTINUOUS
  2
ROUND_99
 10
-60.4519999592119106
 20
23.4950000407880601
 30
0.0
 41
-25.3999999999999986
 42
25.3999999999999986
 43
25.3999999999999986
 50
270.0
  0
INSERT
  5
E32
  8
_G01-IND-3GEN_DRILLS
  6
CONTINUOUS
  2
ROUND_99
 10
-43.4339999592118815
 20
25.40000004078804
 30
0.0
 41
-25.3999999999999986
 42
25.3999999999999986
 43
25.3999999999999986
 50
270.0
  0
INSERT
  5
E33
  8
_G01-IND-3GEN_DRILLS
  6
CONTINUOUS
  2
ROUND_99
 10
-50.5459999592118976
 20
27.9400000407879894
 30
0.0
 41
-25.3999999999999986
 42
25.3999999999999986
 43
25.3999999999999986
 50
270.0
  0
INSERT
  5
E34
  8
_G01-IND-3GEN_DRILLS
  6
CONTINUOUS
  2
ROUND_99
 10
-52.8319999592118918
 20
13.4620000407880696
 30
0.0
 41
-25.3999999999999986
 42
25.3999999999999986
 43
25.3999999999999986
 50
270.0
  0
INSERT
  5
E35
  8
_G01-IND-3GEN_DRILLS
  6
CONTINUOUS
  2
ROUND_99
 10
-47.8789999592119031
 20
13.4620000407880696
 30
0.0
 41
-25.3999999999999986
 42
25.3999999999999986
 43
25.3999999999999986
 50
270.0
  0
INSERT
  5
E36
  8
_G01-IND-3GEN_DRILLS
  6
CONTINUOUS
  2
ROUND_99
 10
-44.5769999592119106
 20
17.6530000407880401
 30
0.0
 41
-25.3999999999999986
 42
25.3999999999999986
 43
25.3999999999999986
 50
270.0
  0
INSERT
  5
E37
  8
_G01-IND-3GEN_DRILLS
  6
CONTINUOUS
  2
ROUND_99
 10
-56.0069999592119103
 20
26.9240000407879982
 30
0.0
 41
-25.3999999999999986
 42
25.3999999999999986
 43
25.3999999999999986
 50
270.0
  0
INSERT
  5
E38
  8
_G01-IND-3GEN_DRILLS
  6
CONTINUOUS
  2
ROUND_99
 10
-12.0649999592118995
 20
45.847000040788032
 30
0.0
 41
-25.3999999999999986
 42
25.3999999999999986
 43
25.3999999999999986
 50
270.0
  0
INSERT
  5
E39
  8
_G01-IND-3GEN_DRILLS
  6
CONTINUOUS
  2
ROUND_99
 10
-13.8429999592118893
 20
45.847000040788032
 30
0.0
 41
-25.3999999999999986
 42
25.3999999999999986
 43
25.3999999999999986
 50
270.0
  0
INSERT
  5
E3A
  8
_G01-IND-3GEN_DRILLS
  6
CONTINUOUS
  2
ROUND_99
 10
-12.1919999592119197
 20
64.1350000407880003
 30
0.0
 41
-25.3999999999999986
 42
25.3999999999999986
 43
25.3999999999999986
 50
270.0
  0
INSERT
  5
E3B
  8
_G01-IND-3GEN_DRILLS
  6
CONTINUOUS
  2
ROUND_99
 10
-18.03399995921189
 20
45.847000040788032
 30
0.0
 41
-25.3999999999999986
 42
25.3999999999999986
 43
25.3999999999999986
 50
270.0
  0
INSERT
  5
E3C
  8
_G01-IND-3GEN_DRILLS
  6
CONTINUOUS
  2
ROUND_99
 10
15.24000004078807
 20
194.3100000407879975
 30
0.0
 41
-25.3999999999999986
 42
25.3999999999999986
 43
25.3999999999999986
 50
270.0
  0
INSERT
  5
E3D
  8
_G01-IND-3GEN_DRILLS
  6
CONTINUOUS
  2
ROUND_99
 10
61.0870000407880624
 20
162.9410000407881114
 30
0.0
 41
-25.3999999999999986
 42
25.3999999999999986
 43
25.3999999999999986
 50
270.0
  0
INSERT
  5
E3E
  8
_G01-IND-3GEN_DRILLS
  6
CONTINUOUS
  2
ROUND_99
 10
61.0870000407881122
 20
132.3340000407879984
 30
0.0
 41
-25.3999999999999986
 42
25.3999999999999986
 43
25.3999999999999986
 50
270.0
  0
INSERT
  5
E3F
  8
_G01-IND-3GEN_DRILLS
  6
CONTINUOUS
  2
ROUND_99
 10
51.8160000407880972
 20
18.415000040788069
 30
0.0
 41
-25.3999999999999986
 42
25.3999999999999986
 43
25.3999999999999986
 50
270.0
  0
INSERT
  5
E40
  8
_G01-IND-3GEN_DRILLS
  6
CONTINUOUS
  2
ROUND_99
 10
42.9260000407880611
 20
18.415000040788069
 30
0.0
 41
-25.3999999999999986
 42
25.3999999999999986
 43
25.3999999999999986
 50
270.0
  0
INSERT
  5
E41
  8
_G01-IND-3GEN_DRILLS
  6
CONTINUOUS
  2
ROUND_99
 10
-80.1369999592118916
 20
64.1350000407880003
 30
0.0
 41
-25.3999999999999986
 42
25.3999999999999986
 43
25.3999999999999986
 50
270.0
  0
INSERT
  5
E42
  8
_G01-IND-3GEN_DRILLS
  6
CONTINUOUS
  2
ROUND_99
 10
-65.1509999592119016
 20
46.3550000407880205
 30
0.0
 41
-25.3999999999999986
 42
25.3999999999999986
 43
25.3999999999999986
 50
270.0
  0
INSERT
  5
E43
  8
_G01-IND-3GEN_DRILLS
  6
CONTINUOUS
  2
ROUND_99
 10
-49.78399995921189
 20
33.4010000407879772
 30
0.0
 41
-25.3999999999999986
 42
25.3999999999999986
 43
25.3999999999999986
 50
270.0
  0
INSERT
  5
E44
  8
_G01-IND-3GEN_DRILLS
  6
CONTINUOUS
  2
ROUND_99
 10
-42.0369999592118972
 20
27.4320000407879903
 30
0.0
 41
-25.3999999999999986
 42
25.3999999999999986
 43
25.3999999999999986
 50
270.0
  0
INSERT
  5
E45
  8
_G01-IND-3GEN_DRILLS
  6
CONTINUOUS
  2
ROUND_99
 10
28.8290000407880811
 20
18.415000040788069
 30
0.0
 41
-25.3999999999999986
 42
25.3999999999999986
 43
25.3999999999999986
 50
270.0
  0
INSERT
  5
E46
  8
_G01-IND-3GEN_DRILLS
  6
CONTINUOUS
  2
ROUND_99
 10
-82.0419999592119069
 20
69.9770000407880133
 30
0.0
 41
-25.3999999999999986
 42
25.3999999999999986
 43
25.3999999999999986
 50
270.0
  0
INSERT
  5
E47
  8
_G01-IND-3GEN_DRILLS
  6
CONTINUOUS
  2
ROUND_99
 10
2.1590000407880621
 20
157.9880000407879947
 30
0.0
 41
-25.3999999999999986
 42
25.3999999999999986
 43
25.3999999999999986
 50
270.0
  0
INSERT
  5
E48
  8
_G01-IND-3GEN_DRILLS
  6
CONTINUOUS
  2
ROUND_99
 10
101.8540000407880939
 20
25.9080000407880284
 30
0.0
 41
-25.3999999999999986
 42
25.3999999999999986
 43
25.3999999999999986
 50
270.0
  0
INSERT
  5
E49
  8
_G01-IND-3GEN_DRILLS
  6
CONTINUOUS
  2
ROUND_99
 10
-54.2289999592118974
 20
74.0410000407880204
 30
0.0
 41
-25.3999999999999986
 42
25.3999999999999986
 43
25.3999999999999986
 50
270.0
  0
INSERT
  5
E4A
  8
_G01-IND-3GEN_DRILLS
  6
CONTINUOUS
  2
ROUND_99
 10
-24.1299999592119185
 20
114.6810000407880068
 30
0.0
 41
-25.3999999999999986
 42
25.3999999999999986
 43
25.3999999999999986
 50
270.0
  0
INSERT
  5
E4B
  8
_G01-IND-3GEN_DRILLS
  6
CONTINUOUS
  2
ROUND_99
 10
-72.5169999592119154
 20
34.1630000407880132
 30
0.0
 41
-25.3999999999999986
 42
25.3999999999999986
 43
25.3999999999999986
 50
270.0
  0
INSERT
  5
E4C
  8
_G01-IND-3GEN_DRILLS
  6
CONTINUOUS
  2
ROUND_99
 10
-67.3099999592119218
 20
91.4400000407879645
 30
0.0
 41
-25.3999999999999986
 42
25.3999999999999986
 43
25.3999999999999986
 50
270.0
  0
INSERT
  5
E4D
  8
_G01-IND-3GEN_DRILLS
  6
CONTINUOUS
  2
ROUND_99
 10
-19.0499999592118883
 20
20.066000040788019
 30
0.0
 41
-25.3999999999999986
 42
25.3999999999999986
 43
25.3999999999999986
 50
270.0
  0
INSERT
  5
E4E
  8
_G01-IND-3GEN_DRILLS
  6
CONTINUOUS
  2
ROUND_99
 10
-31.3689999592119015
 20
35.8140000407880521
 30
0.0
 41
-25.3999999999999986
 42
25.3999999999999986
 43
25.3999999999999986
 50
270.0
  0
INSERT
  5
E4F
  8
_G01-IND-3GEN_DRILLS
  6
CONTINUOUS
  2
ROUND_99
 10
-37.3379999592119134
 20
35.941000040788019
 30
0.0
 41
-25.3999999999999986
 42
25.3999999999999986
 43
25.3999999999999986
 50
270.0
  0
INSERT
  5
E50
  8
_G01-IND-3GEN_DRILLS
  6
CONTINUOUS
  2
ROUND_99
 10
-41.655999959211897
 20
75.3110000407880307
 30
0.0
 41
-25.3999999999999986
 42
25.3999999999999986
 43
25.3999999999999986
 50
270.0
  0
INSERT
  5
E51
  8
_G01-IND-3GEN_DRILLS
  6
CONTINUOUS
  2
ROUND_99
 10
-10.9219999592119503
 20
194.0560000407880068
 30
0.0
 41
-25.3999999999999986
 42
25.3999999999999986
 43
25.3999999999999986
 50
270.0
  0
INSERT
  5
E52
  8
_G01-IND-3GEN_DRILLS
  6
CONTINUOUS
  2
ROUND_99
 10
-72.2629999592119248
 20
103.2510000407879005
 30
0.0
 41
-25.3999999999999986
 42
25.3999999999999986
 43
25.3999999999999986
 50
270.0
  0
INSERT
  5
E53
  8
_G01-IND-3GEN_DRILLS
  6
CONTINUOUS
  2
ROUND_99
 10
-16.8909999592119284
 20
194.0560000407880068
 30
0.0
 41
-25.3999999999999986
 42
25.3999999999999986
 43
25.3999999999999986
 50
270.0
  0
INSERT
  5
E54
  8
_G01-IND-3GEN_DRILLS
  6
CONTINUOUS
  2
ROUND_99
 10
-8.8899999592119503
 20
211.8360000407880079
 30
0.0
 41
-25.3999999999999986
 42
25.3999999999999986
 43
25.3999999999999986
 50
270.0
  0
INSERT
  5
E55
  8
_G01-IND-3GEN_DRILLS
  6
CONTINUOUS
  2
ROUND_99
 10
-84.5819999592119132
 20
118.4910000407879949
 30
0.0
 41
-25.3999999999999986
 42
25.3999999999999986
 43
25.3999999999999986
 50
270.0
  0
INSERT
  5
E56
  8
_G01-IND-3GEN_DRILLS
  6
CONTINUOUS
  2
ROUND_99
 10
-39.6239999592119005
 20
94.488000040788009
 30
0.0
 41
-25.3999999999999986
 42
25.3999999999999986
 43
25.3999999999999986
 50
270.0
  0
INSERT
  5
E57
  8
_G01-IND-3GEN_DRILLS
  6
CONTINUOUS
  2
ROUND_99
 10
-70.9929999592119145
 20
31.8770000407880083
 30
0.0
 41
-25.3999999999999986
 42
25.3999999999999986
 43
25.3999999999999986
 50
270.0
  0
INSERT
  5
E58
  8
_G01-IND-3GEN_DRILLS
  6
CONTINUOUS
  2
ROUND_99
 10
-67.8179999592119032
 20
115.0620000407878933
 30
0.0
 41
-25.3999999999999986
 42
25.3999999999999986
 43
25.3999999999999986
 50
270.0
  0
INSERT
  5
E59
  8
_G01-IND-3GEN_DRILLS
  6
CONTINUOUS
  2
ROUND_99
 10
-58.2929999592119117
 20
76.9620000407880127
 30
0.0
 41
-25.3999999999999986
 42
25.3999999999999986
 43
25.3999999999999986
 50
270.0
  0
INSERT
  5
E5A
  8
_G01-IND-3GEN_DRILLS
  6
CONTINUOUS
  2
ROUND_99
 10
-23.1139999592119416
 20
193.9290000407881109
 30
0.0
 41
-25.3999999999999986
 42
25.3999999999999986
 43
25.3999999999999986
 50
270.0
  0
INSERT
  5
E5B
  8
_G01-IND-3GEN_DRILLS
  6
CONTINUOUS
  2
ROUND_99
 10
-75.9459999592119175
 20
125.6030000407880038
 30
0.0
 41
-25.3999999999999986
 42
25.3999999999999986
 43
25.3999999999999986
 50
270.0
  0
INSERT
  5
E5C
  8
_G01-IND-3GEN_DRILLS
  6
CONTINUOUS
  2
ROUND_99
 10
2.9210000407880901
 20
85.5980000407880652
 30
0.0
 41
-25.3999999999999986
 42
25.3999999999999986
 43
25.3999999999999986
 50
270.0
  0
INSERT
  5
E5D
  8
_G01-IND-3GEN_DRILLS
  6
CONTINUOUS
  2
ROUND_99
 10
-17.5259999592119513
 20
211.9630000407879038
 30
0.0
 41
-25.3999999999999986
 42
25.3999999999999986
 43
25.3999999999999986
 50
270.0
  0
INSERT
  5
E5E
  8
_G01-IND-3GEN_DRILLS
  6
CONTINUOUS
  2
ROUND_99
 10
-45.973999959211902
 20
76.0730000407880169
 30
0.0
 41
-25.3999999999999986
 42
25.3999999999999986
 43
25.3999999999999986
 50
270.0
  0
INSERT
  5
E5F
  8
_G01-IND-3GEN_DRILLS
  6
CONTINUOUS
  2
ROUND_99
 10
-45.973999959211902
 20
74.1680000407879731
 30
0.0
 41
-25.3999999999999986
 42
25.3999999999999986
 43
25.3999999999999986
 50
270.0
  0
INSERT
  5
E60
  8
_G01-IND-3GEN_DRILLS
  6
CONTINUOUS
  2
ROUND_99
 10
-72.0089999592119057
 20
93.0910000407880176
 30
0.0
 41
-25.3999999999999986
 42
25.3999999999999986
 43
25.3999999999999986
 50
270.0
  0
INSERT
  5
E61
  8
_G01-IND-3GEN_DRILLS
  6
CONTINUOUS
  2
ROUND_99
 10
-72.0089999592119057
 20
94.9960000407879761
 30
0.0
 41
-25.3999999999999986
 42
25.3999999999999986
 43
25.3999999999999986
 50
270.0
  0
INSERT
  5
E62
  8
_G01-IND-3GEN_DRILLS
  6
CONTINUOUS
  2
ROUND_99
 10
-54.1019999592119305
 20
109.8550000407879992
 30
0.0
 41
-25.3999999999999986
 42
25.3999999999999986
 43
25.3999999999999986
 50
270.0
  0
INSERT
  5
E63
  8
_G01-IND-3GEN_DRILLS
  6
CONTINUOUS
  2
ROUND_99
 10
-53.2129999592119276
 20
119.126000040788
 30
0.0
 41
-25.3999999999999986
 42
25.3999999999999986
 43
25.3999999999999986
 50
270.0
  0
INSERT
  5
E64
  8
_G01-IND-3GEN_DRILLS
  6
CONTINUOUS
  2
ROUND_99
 10
-56.7689999592119179
 20
103.6320000407880002
 30
0.0
 41
-25.3999999999999986
 42
25.3999999999999986
 43
25.3999999999999986
 50
270.0
  0
INSERT
  5
E65
  8
_G01-IND-3GEN_DRILLS
  6
CONTINUOUS
  2
ROUND_99
 10
-49.1489999592119204
 20
123.1900000407879929
 30
0.0
 41
-25.3999999999999986
 42
25.3999999999999986
 43
25.3999999999999986
 50
270.0
  0
INSERT
  5
E66
  8
_G01-IND-3GEN_DRILLS
  6
CONTINUOUS
  2
ROUND_99
 10
-50.0379999592119304
 20
136.2710000407880102
 30
0.0
 41
-25.3999999999999986
 42
25.3999999999999986
 43
25.3999999999999986
 50
270.0
  0
INSERT
  5
E67
  8
_G01-IND-3GEN_DRILLS
  6
CONTINUOUS
  2
ROUND_99
 10
-45.3389999592119111
 20
84.4550000407880219
 30
0.0
 41
-25.3999999999999986
 42
25.3999999999999986
 43
25.3999999999999986
 50
270.0
  0
INSERT
  5
E68
  8
_G01-IND-3GEN_DRILLS
  6
CONTINUOUS
  2
ROUND_99
 10
-46.8629999592118978
 20
93.2180000407879845
 30
0.0
 41
-25.3999999999999986
 42
25.3999999999999986
 43
25.3999999999999986
 50
270.0
  0
INSERT
  5
E69
  8
_G01-IND-3GEN_DRILLS
  6
CONTINUOUS
  2
ROUND_99
 10
-69.9769999592118808
 20
50.8000000407880421
 30
0.0
 41
-25.3999999999999986
 42
25.3999999999999986
 43
25.3999999999999986
 50
270.0
  0
INSERT
  5
E6A
  8
_G01-IND-3GEN_DRILLS
  6
CONTINUOUS
  2
ROUND_99
 10
-72.2629999592119248
 20
117.0940000407880035
 30
0.0
 41
-25.3999999999999986
 42
25.3999999999999986
 43
25.3999999999999986
 50
270.0
  0
INSERT
  5
E6B
  8
_G01-IND-3GEN_DRILLS
  6
CONTINUOUS
  2
ROUND_99
 10
-44.0689999592119221
 20
88.1380000407880004
 30
0.0
 41
-25.3999999999999986
 42
25.3999999999999986
 43
25.3999999999999986
 50
270.0
  0
INSERT
  5
E6C
  8
_G01-IND-3GEN_DRILLS
  6
CONTINUOUS
  2
ROUND_99
 10
-65.531999959211916
 20
87.6300000407880191
 30
0.0
 41
-25.3999999999999986
 42
25.3999999999999986
 43
25.3999999999999986
 50
270.0
  0
INSERT
  5
E6D
  8
_G01-IND-3GEN_DRILLS
  6
CONTINUOUS
  2
ROUND_99
 10
-62.4839999592118929
 20
67.564000040788045
 30
0.0
 41
-25.3999999999999986
 42
25.3999999999999986
 43
25.3999999999999986
 50
270.0
  0
INSERT
  5
E6E
  8
_G01-IND-3GEN_DRILLS
  6
CONTINUOUS
  2
ROUND_99
 10
-56.514999959211913
 20
78.613000040788009
 30
0.0
 41
-25.3999999999999986
 42
25.3999999999999986
 43
25.3999999999999986
 50
270.0
  0
INSERT
  5
E6F
  8
_G01-IND-3GEN_DRILLS
  6
CONTINUOUS
  2
ROUND_99
 10
-40.8939999592119108
 20
88.1380000407880004
 30
0.0
 41
-25.3999999999999986
 42
25.3999999999999986
 43
25.3999999999999986
 50
270.0
  0
INSERT
  5
E70
  8
_G01-IND-3GEN_DRILLS
  6
CONTINUOUS
  2
ROUND_99
 10
-3.4289999592119091
 20
100.0760000407880028
 30
0.0
 41
-25.3999999999999986
 42
25.3999999999999986
 43
25.3999999999999986
 50
270.0
  0
INSERT
  5
E71
  8
_G01-IND-3GEN_DRILLS
  6
CONTINUOUS
  2
ROUND_99
 10
-3.4289999592119091
 20
96.5200000407880481
 30
0.0
 41
-25.3999999999999986
 42
25.3999999999999986
 43
25.3999999999999986
 50
270.0
  0
INSERT
  5
E72
  8
_G01-IND-3GEN_DRILLS
  6
CONTINUOUS
  2
ROUND_99
 10
-3.4289999592119091
 20
94.7420000407880423
 30
0.0
 41
-25.3999999999999986
 42
25.3999999999999986
 43
25.3999999999999986
 50
270.0
  0
INSERT
  5
E73
  8
_G01-IND-3GEN_DRILLS
  6
CONTINUOUS
  2
ROUND_99
 10
-3.4289999592119091
 20
92.9640000407880365
 30
0.0
 41
-25.3999999999999986
 42
25.3999999999999986
 43
25.3999999999999986
 50
270.0
  0
INSERT
  5
E74
  8
_G01-IND-3GEN_DRILLS
  6
CONTINUOUS
  2
ROUND_99
 10
-3.4289999592119091
 20
91.1860000407880307
 30
0.0
 41
-25.3999999999999986
 42
25.3999999999999986
 43
25.3999999999999986
 50
270.0
  0
INSERT
  5
E75
  8
_G01-IND-3GEN_DRILLS
  6
CONTINUOUS
  2
ROUND_99
 10
-3.4289999592119091
 20
89.4080000407880249
 30
0.0
 41
-25.3999999999999986
 42
25.3999999999999986
 43
25.3999999999999986
 50
270.0
  0
INSERT
  5
E76
  8
_G01-IND-3GEN_DRILLS
  6
CONTINUOUS
  2
ROUND_99
 10
-3.4289999592119091
 20
98.2980000407880539
 30
0.0
 41
-25.3999999999999986
 42
25.3999999999999986
 43
25.3999999999999986
 50
270.0
  0
INSERT
  5
E77
  8
_G01-IND-3GEN_DRILLS
  6
CONTINUOUS
  2
ROUND_99
 10
-3.4289999592119091
 20
87.6300000407880191
 30
0.0
 41
-25.3999999999999986
 42
25.3999999999999986
 43
25.3999999999999986
 50
270.0
  0
INSERT
  5
E78
  8
_G01-IND-3GEN_DRILLS
  6
CONTINUOUS
  2
ROUND_99
 10
-44.1959999592119104
 20
170.5610000407880023
 30
0.0
 41
-25.3999999999999986
 42
25.3999999999999986
 43
25.3999999999999986
 50
270.0
  0
INSERT
  5
E79
  8
_G01-IND-3GEN_DRILLS
  6
CONTINUOUS
  2
ROUND_99
 10
-71.1199999592119099
 20
81.6610000407880392
 30
0.0
 41
-25.3999999999999986
 42
25.3999999999999986
 43
25.3999999999999986
 50
270.0
  0
INSERT
  5
E7A
  8
_G01-IND-3GEN_DRILLS
  6
CONTINUOUS
  2
ROUND_99
 10
-22.224999959211889
 20
31.496000040788001
 30
0.0
 41
-25.3999999999999986
 42
25.3999999999999986
 43
25.3999999999999986
 50
270.0
  0
INSERT
  5
E7B
  8
_G01-IND-3GEN_DRILLS
  6
CONTINUOUS
  2
ROUND_99
 10
-22.224999959211889
 20
33.401000040788027
 30
0.0
 41
-25.3999999999999986
 42
25.3999999999999986
 43
25.3999999999999986
 50
270.0
  0
INSERT
  5
E7C
  8
_G01-IND-3GEN_DRILLS
  6
CONTINUOUS
  2
ROUND_99
 10
-58.2929999592119117
 20
75.1840000407880069
 30
0.0
 41
-25.3999999999999986
 42
25.3999999999999986
 43
25.3999999999999986
 50
270.0
  0
INSERT
  5
E7D
  8
_G01-IND-3GEN_DRILLS
  6
CONTINUOUS
  2
ROUND_99
 10
-37.5919999592119112
 20
88.1380000407880004
 30
0.0
 41
-25.3999999999999986
 42
25.3999999999999986
 43
25.3999999999999986
 50
270.0
  0
INSERT
  5
E7E
  8
_G01-IND-3GEN_DRILLS
  6
CONTINUOUS
  2
ROUND_99
 10
-45.973999959211902
 20
81.4070000407880059
 30
0.0
 41
-25.3999999999999986
 42
25.3999999999999986
 43
25.3999999999999986
 50
270.0
  0
INSERT
  5
E7F
  8
_G01-IND-3GEN_DRILLS
  6
CONTINUOUS
  2
ROUND_99
 10
-56.514999959211913
 20
76.4540000407879887
 30
0.0
 41
-25.3999999999999986
 42
25.3999999999999986
 43
25.3999999999999986
 50
270.0
  0
INSERT
  5
E80
  8
_G01-IND-3GEN_DRILLS
  6
CONTINUOUS
  2
ROUND_99
 10
-45.973999959211902
 20
79.6290000407880285
 30
0.0
 41
-25.3999999999999986
 42
25.3999999999999986
 43
25.3999999999999986
 50
270.0
  0
INSERT
  5
E81
  8
_G01-IND-3GEN_DRILLS
  6
CONTINUOUS
  2
ROUND_99
 10
-56.514999959211913
 20
82.1690000407880206
 30
0.0
 41
-25.3999999999999986
 42
25.3999999999999986
 43
25.3999999999999986
 50
270.0
  0
INSERT
  5
E82
  8
_G01-IND-3GEN_DRILLS
  6
CONTINUOUS
  2
ROUND_99
 10
-56.514999959211913
 20
42.2910000407880133
 30
0.0
 41
-25.3999999999999986
 42
25.3999999999999986
 43
25.3999999999999986
 50
270.0
  0
INSERT
  5
E83
  8
_G01-IND-3GEN_DRILLS
  6
CONTINUOUS
  2
ROUND_99
 10
-28.1939999592119186
 20
112.5220000407880008
 30
0.0
 41
-25.3999999999999986
 42
25.3999999999999986
 43
25.3999999999999986
 50
270.0
  0
INSERT
  5
E84
  8
_G01-IND-3GEN_DRILLS
  6
CONTINUOUS
  2
ROUND_99
 10
-60.1979999592118915
 20
42.2910000407880133
 30
0.0
 41
-25.3999999999999986
 42
25.3999999999999986
 43
25.3999999999999986
 50
270.0
  0
INSERT
  5
E85
  8
_G01-IND-3GEN_DRILLS
  6
CONTINUOUS
  2
ROUND_99
 10
-81.2799999592119065
 20
118.8720000407879951
 30
0.0
 41
-25.3999999999999986
 42
25.3999999999999986
 43
25.3999999999999986
 50
270.0
  0
INSERT
  5
E86
  8
_G01-IND-3GEN_DRILLS
  6
CONTINUOUS
  2
ROUND_99
 10
-25.5269999592119312
 20
104.7750000407880009
 30
0.0
 41
-25.3999999999999986
 42
25.3999999999999986
 43
25.3999999999999986
 50
270.0
  0
INSERT
  5
E87
  8
_G01-IND-3GEN_DRILLS
  6
CONTINUOUS
  2
ROUND_99
 10
-51.1809999592119169
 20
103.3780000407879953
 30
0.0
 41
-25.3999999999999986
 42
25.3999999999999986
 43
25.3999999999999986
 50
270.0
  0
INSERT
  5
E88
  8
_G01-IND-3GEN_DRILLS
  6
CONTINUOUS
  2
ROUND_99
 10
-37.3379999592119134
 20
86.7410000407879949
 30
0.0
 41
-25.3999999999999986
 42
25.3999999999999986
 43
25.3999999999999986
 50
270.0
  0
INSERT
  5
E89
  8
_G01-IND-3GEN_DRILLS
  6
CONTINUOUS
  2
ROUND_99
 10
-16.5099999592119389
 20
211.9630000407879038
 30
0.0
 41
-25.3999999999999986
 42
25.3999999999999986
 43
25.3999999999999986
 50
270.0
  0
INSERT
  5
E8A
  8
_G01-IND-3GEN_DRILLS
  6
CONTINUOUS
  2
ROUND_99
 10
-45.973999959211902
 20
78.1050000407880134
 30
0.0
 41
-25.3999999999999986
 42
25.3999999999999986
 43
25.3999999999999986
 50
270.0
  0
INSERT
  5
E8B
  8
_G01-IND-3GEN_DRILLS
  6
CONTINUOUS
  2
ROUND_99
 10
-59.3089999592119028
 20
105.5370000407879019
 30
0.0
 41
-25.3999999999999986
 42
25.3999999999999986
 43
25.3999999999999986
 50
270.0
  0
INSERT
  5
E8C
  8
_G01-IND-3GEN_DRILLS
  6
CONTINUOUS
  2
ROUND_99
 10
-48.6409999592119107
 20
72.0090000407880098
 30
0.0
 41
-25.3999999999999986
 42
25.3999999999999986
 43
25.3999999999999986
 50
270.0
  0
INSERT
  5
E8D
  8
_G01-IND-3GEN_DRILLS
  6
CONTINUOUS
  2
ROUND_99
 10
-54.6099999592119119
 20
75.4380000407880118
 30
0.0
 41
-25.3999999999999986
 42
25.3999999999999986
 43
25.3999999999999986
 50
270.0
  0
INSERT
  5
E8E
  8
_G01-IND-3GEN_DRILLS
  6
CONTINUOUS
  2
ROUND_99
 10
-72.5169999592119154
 20
38.3540000407879873
 30
0.0
 41
-25.3999999999999986
 42
25.3999999999999986
 43
25.3999999999999986
 50
270.0
  0
INSERT
  5
E8F
  8
_G01-IND-3GEN_DRILLS
  6
CONTINUOUS
  2
ROUND_99
 10
-41.655999959211897
 20
71.3740000407880046
 30
0.0
 41
-25.3999999999999986
 42
25.3999999999999986
 43
25.3999999999999986
 50
270.0
  0
INSERT
  5
E90
  8
_G01-IND-3GEN_DRILLS
  6
CONTINUOUS
  2
ROUND_99
 10
-23.7489999592119005
 20
39.3700000407880566
 30
0.0
 41
-25.3999999999999986
 42
25.3999999999999986
 43
25.3999999999999986
 50
270.0
  0
INSERT
  5
E91
  8
_G01-IND-3GEN_DRILLS
  6
CONTINUOUS
  2
ROUND_99
 10
-54.1019999592119092
 20
71.7550000407880191
 30
0.0
 41
-25.3999999999999986
 42
25.3999999999999986
 43
25.3999999999999986
 50
270.0
  0
INSERT
  5
E92
  8
_G01-IND-3GEN_DRILLS
  6
CONTINUOUS
  2
ROUND_99
 10
-53.9749999592119067
 20
43.6880000407880118
 30
0.0
 41
-25.3999999999999986
 42
25.3999999999999986
 43
25.3999999999999986
 50
270.0
  0
INSERT
  5
E93
  8
_G01-IND-3GEN_DRILLS
  6
CONTINUOUS
  2
ROUND_99
 10
-54.9909999592118908
 20
54.8640000407880422
 30
0.0
 41
-25.3999999999999986
 42
25.3999999999999986
 43
25.3999999999999986
 50
270.0
  0
INSERT
  5
E94
  8
_G01-IND-3GEN_DRILLS
  6
CONTINUOUS
  2
ROUND_99
 10
-59.4359999592118982
 20
107.5690000407879978
 30
0.0
 41
-25.3999999999999986
 42
25.3999999999999986
 43
25.3999999999999986
 50
270.0
  0
INSERT
  5
E95
  8
_G01-IND-3GEN_DRILLS
  6
CONTINUOUS
  2
ROUND_99
 10
-44.4499999592119082
 20
71.1200000407880566
 30
0.0
 41
-25.3999999999999986
 42
25.3999999999999986
 43
25.3999999999999986
 50
270.0
  0
INSERT
  5
E96
  8
_G01-IND-3GEN_DRILLS
  6
CONTINUOUS
  2
ROUND_99
 10
-36.0679999592119103
 20
70.9930000407879902
 30
0.0
 41
-25.3999999999999986
 42
25.3999999999999986
 43
25.3999999999999986
 50
270.0
  0
INSERT
  5
E97
  8
_G01-IND-3GEN_DRILLS
  6
CONTINUOUS
  2
ROUND_99
 10
-59.6899999592119102
 20
73.4060000407880437
 30
0.0
 41
-25.3999999999999986
 42
25.3999999999999986
 43
25.3999999999999986
 50
270.0
  0
INSERT
  5
E98
  8
_G01-IND-3GEN_DRILLS
  6
CONTINUOUS
  2
ROUND_99
 10
-58.2929999592119117
 20
83.693000040787993
 30
0.0
 41
-25.3999999999999986
 42
25.3999999999999986
 43
25.3999999999999986
 50
270.0
  0
INSERT
  5
E99
  8
_G01-IND-3GEN_DRILLS
  6
CONTINUOUS
  2
ROUND_99
 10
-46.9899999592119002
 20
47.3710000407879974
 30
0.0
 41
-25.3999999999999986
 42
25.3999999999999986
 43
25.3999999999999986
 50
270.0
  0
INSERT
  5
E9A
  8
_G01-IND-3GEN_DRILLS
  6
CONTINUOUS
  2
ROUND_99
 10
-38.9889999592119167
 20
71.1200000407880566
 30
0.0
 41
-25.3999999999999986
 42
25.3999999999999986
 43
25.3999999999999986
 50
270.0
  0
INSERT
  5
E9B
  8
_G01-IND-3GEN_DRILLS
  6
CONTINUOUS
  2
ROUND_99
 10
-17.7799999592118887
 20
50.673000040788061
 30
0.0
 41
-25.3999999999999986
 42
25.3999999999999986
 43
25.3999999999999986
 50
270.0
  0
INSERT
  5
E9C
  8
_G01-IND-3GEN_DRILLS
  6
CONTINUOUS
  2
ROUND_99
 10
-44.4499999592119082
 20
47.3710000407879974
 30
0.0
 41
-25.3999999999999986
 42
25.3999999999999986
 43
25.3999999999999986
 50
270.0
  0
INSERT
  5
E9D
  8
_G01-IND-3GEN_DRILLS
  6
CONTINUOUS
  2
ROUND_99
 10
-40.5129999592119034
 20
47.3710000407879974
 30
0.0
 41
-25.3999999999999986
 42
25.3999999999999986
 43
25.3999999999999986
 50
270.0
  0
INSERT
  5
E9E
  8
_G01-IND-3GEN_DRILLS
  6
CONTINUOUS
  2
ROUND_99
 10
-35.3059999592119027
 20
91.9480000407880169
 30
0.0
 41
-25.3999999999999986
 42
25.3999999999999986
 43
25.3999999999999986
 50
270.0
  0
INSERT
  5
E9F
  8
_G01-IND-3GEN_DRILLS
  6
CONTINUOUS
  2
ROUND_99
 10
-54.2289999592118974
 20
85.5980000407880226
 30
0.0
 41
-25.3999999999999986
 42
25.3999999999999986
 43
25.3999999999999986
 50
270.0
  0
INSERT
  5
EA0
  8
_G01-IND-3GEN_DRILLS
  6
CONTINUOUS
  2
ROUND_99
 10
-29.8449999592119113
 20
59.817000040788038
 30
0.0
 41
-25.3999999999999986
 42
25.3999999999999986
 43
25.3999999999999986
 50
270.0
  0
INSERT
  5
EA1
  8
_G01-IND-3GEN_DRILLS
  6
CONTINUOUS
  2
ROUND_99
 10
-45.973999959211902
 20
59.817000040788038
 30
0.0
 41
-25.3999999999999986
 42
25.3999999999999986
 43
25.3999999999999986
 50
270.0
  0
INSERT
  5
EA2
  8
_G01-IND-3GEN_DRILLS
  6
CONTINUOUS
  2
ROUND_99
 10
-46.9899999592119002
 20
88.1380000407880004
 30
0.0
 41
-25.3999999999999986
 42
25.3999999999999986
 43
25.3999999999999986
 50
270.0
  0
INSERT
  5
EA3
  8
_G01-IND-3GEN_DRILLS
  6
CONTINUOUS
  2
ROUND_99
 10
-28.320999959211921
 20
79.2480000407880141
 30
0.0
 41
-25.3999999999999986
 42
25.3999999999999986
 43
25.3999999999999986
 50
270.0
  0
INSERT
  5
EA4
  8
_G01-IND-3GEN_DRILLS
  6
CONTINUOUS
  2
ROUND_99
 10
-28.320999959211921
 20
73.1520000407880104
 30
0.0
 41
-25.3999999999999986
 42
25.3999999999999986
 43
25.3999999999999986
 50
270.0
  0
INSERT
  5
EA5
  8
_G01-IND-3GEN_DRILLS
  6
CONTINUOUS
  2
ROUND_99
 10
-58.8009999592119001
 20
54.9910000407880091
 30
0.0
 41
-25.3999999999999986
 42
25.3999999999999986
 43
25.3999999999999986
 50
270.0
  0
INSERT
  5
EA6
  8
_G01-IND-3GEN_DRILLS
  6
CONTINUOUS
  2
ROUND_99
 10
-28.1939999592119186
 20
85.090000040788027
 30
0.0
 41
-25.3999999999999986
 42
25.3999999999999986
 43
25.3999999999999986
 50
270.0
  0
INSERT
  5
EA7
  8
_G01-IND-3GEN_DRILLS
  6
CONTINUOUS
  2
ROUND_99
 10
-73.7869999592119115
 20
102.2350000407879946
 30
0.0
 41
-25.3999999999999986
 42
25.3999999999999986
 43
25.3999999999999986
 50
270.0
  0
INSERT
  5
EA8
  8
_G01-IND-3GEN_DRILLS
  6
CONTINUOUS
  2
ROUND_99
 10
-41.9099999592119232
 20
59.817000040788038
 30
0.0
 41
-25.3999999999999986
 42
25.3999999999999986
 43
25.3999999999999986
 50
270.0
  0
INSERT
  5
EA9
  8
_G01-IND-3GEN_DRILLS
  6
CONTINUOUS
  2
ROUND_99
 10
60.1980000407881093
 20
102.8700000407879998
 30
0.0
 41
-25.3999999999999986
 42
25.3999999999999986
 43
25.3999999999999986
 50
270.0
  0
INSERT
  5
EAA
  8
_G01-IND-3GEN_DRILLS
  6
CONTINUOUS
  2
ROUND_99
 10
-1.904999959211896
 20
84.0740000407879933
 30
0.0
 41
-25.3999999999999986
 42
25.3999999999999986
 43
25.3999999999999986
 50
270.0
  0
INSERT
  5
EAB
  8
_G01-IND-3GEN_DRILLS
  6
CONTINUOUS
  2
ROUND_99
 10
-2.7304999592119121
 20
84.0740000407879933
 30
0.0
 41
-25.3999999999999986
 42
25.3999999999999986
 43
25.3999999999999986
 50
270.0
  0
INSERT
  5
EAC
  8
_G01-IND-3GEN_DRILLS
  6
CONTINUOUS
  2
ROUND_99
 10
-58.2929999592119117
 20
79.6290000407879859
 30
0.0
 41
-25.3999999999999986
 42
25.3999999999999986
 43
25.3999999999999986
 50
270.0
  0
INSERT
  5
EAD
  8
_G01-IND-3GEN_DRILLS
  6
CONTINUOUS
  2
ROUND_99
 10
-71.1199999592119099
 20
79.883000040788005
 30
0.0
 41
-25.3999999999999986
 42
25.3999999999999986
 43
25.3999999999999986
 50
270.0
  0
INSERT
  5
EAE
  8
_G01-IND-3GEN_DRILLS
  6
CONTINUOUS
  2
ROUND_99
 10
-16.0019999592119291
 20
64.2620000407880241
 30
0.0
 41
-25.3999999999999986
 42
25.3999999999999986
 43
25.3999999999999986
 50
270.0
  0
INSERT
  5
EAF
  8
_G01-IND-3GEN_DRILLS
  6
CONTINUOUS
  2
ROUND_99
 10
-16.0019999592119113
 20
45.847000040788032
 30
0.0
 41
-25.3999999999999986
 42
25.3999999999999986
 43
25.3999999999999986
 50
270.0
  0
INSERT
  5
EB0
  8
_G01-IND-3GEN_DRILLS
  6
CONTINUOUS
  2
ROUND_99
 10
108.0770000407879934
 20
72.1360000407880335
 30
0.0
 41
-25.3999999999999986
 42
25.3999999999999986
 43
25.3999999999999986
 50
270.0
  0
INSERT
  5
EB1
  8
_G01-IND-3GEN_DRILLS
  6
CONTINUOUS
  2
ROUND_99
 10
-85.9789999592119045
 20
91.8210000407879932
 30
0.0
 41
-25.3999999999999986
 42
25.3999999999999986
 43
25.3999999999999986
 50
270.0
  0
INSERT
  5
EB2
  8
_G01-IND-3GEN_DRILLS
  6
CONTINUOUS
  2
ROUND_99
 10
-85.9789999592119045
 20
65.4050000407880248
 30
0.0
 41
-25.3999999999999986
 42
25.3999999999999986
 43
25.3999999999999986
 50
270.0
  0
INSERT
  5
EB3
  8
_G01-IND-3GEN_DRILLS
  6
CONTINUOUS
  2
ROUND_99
 10
-100.6855999592118991
 20
19.2913000407880197
 30
0.0
 41
-25.3999999999999986
 42
25.3999999999999986
 43
25.3999999999999986
 50
270.0
  0
INSERT
  5
EB4
  8
_G01-IND-3GEN_DRILLS
  6
CONTINUOUS
  2
ROUND_99
 10
-40.3859999592119294
 20
156.8450000407879941
 30
0.0
 41
-25.3999999999999986
 42
25.3999999999999986
 43
25.3999999999999986
 50
270.0
  0
INSERT
  5
EB5
  8
_G01-IND-3GEN_DRILLS
  6
CONTINUOUS
  2
ROUND_99
 10
-52.0699999592119269
 20
155.8290000407880029
 30
0.0
 41
-25.3999999999999986
 42
25.3999999999999986
 43
25.3999999999999986
 50
270.0
  0
INSERT
  5
EB6
  8
_G01-IND-3GEN_DRILLS
  6
CONTINUOUS
  2
ROUND_99
 10
-52.5779999592119225
 20
148.4630000407879891
 30
0.0
 41
-25.3999999999999986
 42
25.3999999999999986
 43
25.3999999999999986
 50
270.0
  0
INSERT
  5
EB7
  8
_G01-IND-3GEN_DRILLS
  6
CONTINUOUS
  2
ROUND_99
 10
-51.307999959211898
 20
140.2080000407879936
 30
0.0
 41
-25.3999999999999986
 42
25.3999999999999986
 43
25.3999999999999986
 50
270.0
  0
INSERT
  5
EB8
  8
_G01-IND-3GEN_DRILLS
  6
CONTINUOUS
  2
ROUND_99
 10
-57.6579999592119208
 20
157.8610000407880136
 30
0.0
 41
-25.3999999999999986
 42
25.3999999999999986
 43
25.3999999999999986
 50
270.0
  0
INSERT
  5
EB9
  8
_G01-IND-3GEN_DRILLS
  6
CONTINUOUS
  2
ROUND_99
 10
-57.6579999592118995
 20
143.383000040788005
 30
0.0
 41
-25.3999999999999986
 42
25.3999999999999986
 43
25.3999999999999986
 50
270.0
  0
INSERT
  5
EBA
  8
_G01-IND-3GEN_DRILLS
  6
CONTINUOUS
  2
ROUND_99
 10
-68.5799999592119178
 20
118.8720000407879951
 30
0.0
 41
-25.3999999999999986
 42
25.3999999999999986
 43
25.3999999999999986
 50
270.0
  0
INSERT
  5
EBB
  8
_G01-IND-3GEN_DRILLS
  6
CONTINUOUS
  2
ROUND_99
 10
-72.3899999592119059
 20
118.8720000407879951
 30
0.0
 41
-25.3999999999999986
 42
25.3999999999999986
 43
25.3999999999999986
 50
270.0
  0
INSERT
  5
EBC
  8
_G01-IND-3GEN_DRILLS
  6
CONTINUOUS
  2
ROUND_99
 10
-85.5979999592119185
 20
116.332000040788003
 30
0.0
 41
-25.3999999999999986
 42
25.3999999999999986
 43
25.3999999999999986
 50
270.0
  0
INSERT
  5
EBD
  8
_G01-IND-3GEN_DRILLS
  6
CONTINUOUS
  2
ROUND_99
 10
-75.0569999592118933
 20
34.4170000407880465
 30
0.0
 41
-25.3999999999999986
 42
25.3999999999999986
 43
25.3999999999999986
 50
270.0
  0
INSERT
  5
EBE
  8
_G01-IND-3GEN_DRILLS
  6
CONTINUOUS
  2
ROUND_99
 10
-74.0409999592118879
 20
34.4170000407880465
 30
0.0
 41
-25.3999999999999986
 42
25.3999999999999986
 43
25.3999999999999986
 50
270.0
  0
INSERT
  5
EBF
  8
_G01-IND-3GEN_DRILLS
  6
CONTINUOUS
  2
ROUND_99
 10
-70.6119999592119001
 20
44.8310000407880622
 30
0.0
 41
-25.3999999999999986
 42
25.3999999999999986
 43
25.3999999999999986
 50
270.0
  0
INSERT
  5
EC0
  8
_G01-IND-3GEN_DRILLS
  6
CONTINUOUS
  2
ROUND_99
 10
-70.7389999592119096
 20
53.2130000407880104
 30
0.0
 41
-25.3999999999999986
 42
25.3999999999999986
 43
25.3999999999999986
 50
270.0
  0
INSERT
  5
EC1
  8
_G01-IND-3GEN_DRILLS
  6
CONTINUOUS
  2
ROUND_99
 10
-51.6889999592119125
 20
128.6510000407880057
 30
0.0
 41
-25.3999999999999986
 42
25.3999999999999986
 43
25.3999999999999986
 50
270.0
  0
INSERT
  5
EC2
  8
_G01-IND-3GEN_DRILLS
  6
CONTINUOUS
  2
ROUND_99
 10
-67.6909999592119078
 20
124.587000040787899
 30
0.0
 41
-25.3999999999999986
 42
25.3999999999999986
 43
25.3999999999999986
 50
270.0
  0
INSERT
  5
EC3
  8
_G01-IND-3GEN_DRILLS
  6
CONTINUOUS
  2
ROUND_99
 10
-35.0519999592119404
 20
157.8610000407880136
 30
0.0
 41
-25.3999999999999986
 42
25.3999999999999986
 43
25.3999999999999986
 50
270.0
  0
INSERT
  5
EC4
  8
_G01-IND-3GEN_DRILLS
  6
CONTINUOUS
  2
ROUND_99
 10
-35.940999959211922
 20
143.8910000407879863
 30
0.0
 41
-25.3999999999999986
 42
25.3999999999999986
 43
25.3999999999999986
 50
270.0
  0
INSERT
  5
EC5
  8
_G01-IND-3GEN_DRILLS
  6
CONTINUOUS
  2
ROUND_99
 10
-35.940999959211922
 20
121.6660000407880062
 30
0.0
 41
-25.3999999999999986
 42
25.3999999999999986
 43
25.3999999999999986
 50
270.0
  0
INSERT
  5
EC6
  8
_G01-IND-3GEN_DRILLS
  6
CONTINUOUS
  2
ROUND_99
 10
-26.288999959211921
 20
144.7800000407879963
 30
0.0
 41
-25.3999999999999986
 42
25.3999999999999986
 43
25.3999999999999986
 50
270.0
  0
INSERT
  5
EC7
  8
_G01-IND-3GEN_DRILLS
  6
CONTINUOUS
  2
ROUND_99
 10
-20.4469999592119009
 20
137.9220000407879922
 30
0.0
 41
-25.3999999999999986
 42
25.3999999999999986
 43
25.3999999999999986
 50
270.0
  0
INSERT
  5
EC8
  8
_G01-IND-3GEN_DRILLS
  6
CONTINUOUS
  2
ROUND_99
 10
-8.1279999592119214
 20
137.9220000407879922
 30
0.0
 41
-25.3999999999999986
 42
25.3999999999999986
 43
25.3999999999999986
 50
270.0
  0
INSERT
  5
EC9
  8
_G01-IND-3GEN_DRILLS
  6
CONTINUOUS
  2
ROUND_99
 10
-8.6359999592119099
 20
131.9530000407879982
 30
0.0
 41
-25.3999999999999986
 42
25.3999999999999986
 43
25.3999999999999986
 50
270.0
  0
INSERT
  5
ECA
  8
_G01-IND-3GEN_DRILLS
  6
CONTINUOUS
  2
ROUND_99
 10
83.8200000407880594
 20
49.2760000407880696
 30
0.0
 41
-25.3999999999999986
 42
25.3999999999999986
 43
25.3999999999999986
 50
270.0
  0
INSERT
  5
ECB
  8
_G01-IND-3GEN_DRILLS
  6
CONTINUOUS
  2
ROUND_99
 10
85.2170000407880508
 20
49.2760000407880696
 30
0.0
 41
-25.3999999999999986
 42
25.3999999999999986
 43
25.3999999999999986
 50
270.0
  0
INSERT
  5
ECC
  8
_G01-IND-3GEN_DRILLS
  6
CONTINUOUS
  2
ROUND_99
 10
79.1210000407880756
 20
33.0200000407880623
 30
0.0
 41
-25.3999999999999986
 42
25.3999999999999986
 43
25.3999999999999986
 50
270.0
  0
INSERT
  5
ECD
  8
_G01-IND-3GEN_DRILLS
  6
CONTINUOUS
  2
ROUND_99
 10
-3.8099999592119231
 20
25.5270000407880104
 30
0.0
 41
-25.3999999999999986
 42
25.3999999999999986
 43
25.3999999999999986
 50
270.0
  0
INSERT
  5
ECE
  8
_G01-IND-3GEN_DRILLS
  6
CONTINUOUS
  2
ROUND_99
 10
78.994000040788066
 20
16.2560000407880487
 30
0.0
 41
-25.3999999999999986
 42
25.3999999999999986
 43
25.3999999999999986
 50
270.0
  0
INSERT
  5
ECF
  8
_G01-IND-3GEN_DRILLS
  6
CONTINUOUS
  2
ROUND_99
 10
71.1200000407880992
 20
15.3670000407880494
 30
0.0
 41
-25.3999999999999986
 42
25.3999999999999986
 43
25.3999999999999986
 50
270.0
  0
INSERT
  5
ED0
  8
_G01-IND-3GEN_DRILLS
  6
CONTINUOUS
  2
ROUND_99
 10
55.3720000407880732
 20
16.2560000407880487
 30
0.0
 41
-25.3999999999999986
 42
25.3999999999999986
 43
25.3999999999999986
 50
270.0
  0
INSERT
  5
ED1
  8
_G01-IND-3GEN_DRILLS
  6
CONTINUOUS
  2
ROUND_99
 10
88.5190000407881143
 20
30.0990000407880096
 30
0.0
 41
-25.3999999999999986
 42
25.3999999999999986
 43
25.3999999999999986
 50
270.0
  0
INSERT
  5
ED2
  8
_G01-IND-3GEN_DRILLS
  6
CONTINUOUS
  2
ROUND_99
 10
72.2630000407880999
 20
18.6690000407880206
 30
0.0
 41
-25.3999999999999986
 42
25.3999999999999986
 43
25.3999999999999986
 50
270.0
  0
INSERT
  5
ED3
  8
_G01-IND-3GEN_DRILLS
  6
CONTINUOUS
  2
ROUND_99
 10
-85.9789999592119045
 20
70.8660000407880091
 30
0.0
 41
-25.3999999999999986
 42
25.3999999999999986
 43
25.3999999999999986
 50
270.0
  0
INSERT
  5
ED4
  8
_G01-IND-3GEN_DRILLS
  6
CONTINUOUS
  2
ROUND_99
 10
-85.9789999592119045
 20
130.5560000407878931
 30
0.0
 41
-25.3999999999999986
 42
25.3999999999999986
 43
25.3999999999999986
 50
270.0
  0
INSERT
  5
ED5
  8
_G01-IND-3GEN_DRILLS
  6
CONTINUOUS
  2
ROUND_99
 10
89.5350000407881055
 20
15.8750000407880396
 30
0.0
 41
-25.3999999999999986
 42
25.3999999999999986
 43
25.3999999999999986
 50
270.0
  0
INSERT
  5
ED6
  8
_G01-IND-3GEN_DRILLS
  6
CONTINUOUS
  2
ROUND_99
 10
14.4780000407880909
 20
13.7160000407880194
 30
0.0
 41
-25.3999999999999986
 42
25.3999999999999986
 43
25.3999999999999986
 50
270.0
  0
INSERT
  5
ED7
  8
_G01-IND-3GEN_DRILLS
  6
CONTINUOUS
  2
ROUND_99
 10
-3.174999959211914
 20
22.7330000407880313
 30
0.0
 41
-25.3999999999999986
 42
25.3999999999999986
 43
25.3999999999999986
 50
270.0
  0
INSERT
  5
ED8
  8
_G01-IND-3GEN_DRILLS
  6
CONTINUOUS
  2
ROUND_99
 10
-67.1829999592118838
 20
41.4020000407880104
 30
0.0
 41
-25.3999999999999986
 42
25.3999999999999986
 43
25.3999999999999986
 50
270.0
  0
INSERT
  5
ED9
  8
_G01-IND-3GEN_DRILLS
  6
CONTINUOUS
  2
ROUND_99
 10
-71.2469999592119052
 20
47.879000040787993
 30
0.0
 41
-25.3999999999999986
 42
25.3999999999999986
 43
25.3999999999999986
 50
270.0
  0
INSERT
  5
EDA
  8
_G01-IND-3GEN_DRILLS
  6
CONTINUOUS
  2
ROUND_99
 10
-72.3899999592119059
 20
111.5060000407879954
 30
0.0
 41
-25.3999999999999986
 42
25.3999999999999986
 43
25.3999999999999986
 50
270.0
  0
INSERT
  5
EDB
  8
_G01-IND-3GEN_DRILLS
  6
CONTINUOUS
  2
ROUND_99
 10
75.6793000407881209
 20
13.9700000407880598
 30
0.0
 41
-25.3999999999999986
 42
25.3999999999999986
 43
25.3999999999999986
 50
270.0
  0
INSERT
  5
EDC
  8
_G01-IND-3GEN_DRILLS
  6
CONTINUOUS
  2
ROUND_99
 10
67.5640000407880876
 20
13.58900004078804
 30
0.0
 41
-25.3999999999999986
 42
25.3999999999999986
 43
25.3999999999999986
 50
270.0
  0
INSERT
  5
EDD
  8
_G01-IND-3GEN_DRILLS
  6
CONTINUOUS
  2
ROUND_99
 10
13.20800004078807
 20
13.7160000407880194
 30
0.0
 41
-25.3999999999999986
 42
25.3999999999999986
 43
25.3999999999999986
 50
270.0
  0
INSERT
  5
EDE
  8
_G01-IND-3GEN_DRILLS
  6
CONTINUOUS
  2
ROUND_99
 10
-68.7069999592119132
 20
31.8770000407880083
 30
0.0
 41
-25.3999999999999986
 42
25.3999999999999986
 43
25.3999999999999986
 50
270.0
  0
INSERT
  5
EDF
  8
_G01-IND-3GEN_DRILLS
  6
CONTINUOUS
  2
ROUND_99
 10
-73.2789999592119017
 20
32.004000040787993
 30
0.0
 41
-25.3999999999999986
 42
25.3999999999999986
 43
25.3999999999999986
 50
270.0
  0
INSERT
  5
EE0
  8
_G01-IND-3GEN_DRILLS
  6
CONTINUOUS
  2
ROUND_99
 10
-2.6669999592119251
 20
21.5900000407880803
 30
0.0
 41
-25.3999999999999986
 42
25.3999999999999986
 43
25.3999999999999986
 50
270.0
  0
INSERT
  5
EE1
  8
_G01-IND-3GEN_DRILLS
  6
CONTINUOUS
  2
ROUND_99
 10
-71.1199999592119099
 20
49.4030000407880365
 30
0.0
 41
-25.3999999999999986
 42
25.3999999999999986
 43
25.3999999999999986
 50
270.0
  0
INSERT
  5
EE2
  8
_G01-IND-3GEN_DRILLS
  6
CONTINUOUS
  2
ROUND_99
 10
-67.1829999592118838
 20
49.4030000407880365
 30
0.0
 41
-25.3999999999999986
 42
25.3999999999999986
 43
25.3999999999999986
 50
270.0
  0
INSERT
  5
EE3
  8
_G01-IND-3GEN_DRILLS
  6
CONTINUOUS
  2
ROUND_99
 10
-72.6439999592118966
 20
47.3710000407879974
 30
0.0
 41
-25.3999999999999986
 42
25.3999999999999986
 43
25.3999999999999986
 50
270.0
  0
INSERT
  5
EE4
  8
_G01-IND-3GEN_DRILLS
  6
CONTINUOUS
  2
ROUND_99
 10
-76.0729999592118844
 20
46.101000040787973
 30
0.0
 41
-25.3999999999999986
 42
25.3999999999999986
 43
25.3999999999999986
 50
270.0
  0
INSERT
  5
EE5
  8
_G01-IND-3GEN_DRILLS
  6
CONTINUOUS
  2
ROUND_99
 10
94.9960000407880898
 20
16.8910000407880183
 30
0.0
 41
-25.3999999999999986
 42
25.3999999999999986
 43
25.3999999999999986
 50
270.0
  0
INSERT
  5
EE6
  8
_G01-IND-3GEN_DRILLS
  6
CONTINUOUS
  2
ROUND_99
 10
88.5190000407881143
 20
33.9090000407880581
 30
0.0
 41
-25.3999999999999986
 42
25.3999999999999986
 43
25.3999999999999986
 50
270.0
  0
INSERT
  5
EE7
  8
_G01-IND-3GEN_DRILLS
  6
CONTINUOUS
  2
ROUND_99
 10
84.0740000407880927
 20
14.2240000407880096
 30
0.0
 41
-25.3999999999999986
 42
25.3999999999999986
 43
25.3999999999999986
 50
270.0
  0
INSERT
  5
EE8
  8
_G01-IND-3GEN_DRILLS
  6
CONTINUOUS
  2
ROUND_99
 10
60.3250000407880904
 20
116.7130000407880033
 30
0.0
 41
-25.3999999999999986
 42
25.3999999999999986
 43
25.3999999999999986
 50
270.0
  0
INSERT
  5
EE9
  8
_G01-IND-3GEN_DRILLS
  6
CONTINUOUS
  2
ROUND_99
 10
58.4200000407881035
 20
102.4890000407879995
 30
0.0
 41
-25.3999999999999986
 42
25.3999999999999986
 43
25.3999999999999986
 50
270.0
  0
INSERT
  5
EEA
  8
_G01-IND-3GEN_DRILLS
  6
CONTINUOUS
  2
ROUND_99
 10
61.0870000407880624
 20
158.6230000407880141
 30
0.0
 41
-25.3999999999999986
 42
25.3999999999999986
 43
25.3999999999999986
 50
270.0
  0
INSERT
  5
EEB
  8
_G01-IND-3GEN_DRILLS
  6
CONTINUOUS
  2
ROUND_99
 10
60.8330000407880718
 20
143.2560000407879954
 30
0.0
 41
-25.3999999999999986
 42
25.3999999999999986
 43
25.3999999999999986
 50
270.0
  0
INSERT
  5
EEC
  8
_G01-IND-3GEN_DRILLS
  6
CONTINUOUS
  2
ROUND_99
 10
57.9120000407880582
 20
170.9420000407880025
 30
0.0
 41
-25.3999999999999986
 42
25.3999999999999986
 43
25.3999999999999986
 50
270.0
  0
INSERT
  5
EED
  8
_G01-IND-3GEN_DRILLS
  6
CONTINUOUS
  2
ROUND_99
 10
60.7060000407880906
 20
90.8050000407880162
 30
0.0
 41
-25.3999999999999986
 42
25.3999999999999986
 43
25.3999999999999986
 50
270.0
  0
INSERT
  5
EEE
  8
_G01-IND-3GEN_DRILLS
  6
CONTINUOUS
  2
ROUND_99
 10
60.7060000407880906
 20
79.2480000407880567
 30
0.0
 41
-25.3999999999999986
 42
25.3999999999999986
 43
25.3999999999999986
 50
270.0
  0
INSERT
  5
EEF
  8
_G01-IND-3GEN_DRILLS
  6
CONTINUOUS
  2
ROUND_99
 10
-50.2919999592119211
 20
125.2220000407880036
 30
0.0
 41
-25.3999999999999986
 42
25.3999999999999986
 43
25.3999999999999986
 50
270.0
  0
INSERT
  5
EF0
  8
_G01-IND-3GEN_DRILLS
  6
CONTINUOUS
  2
ROUND_99
 10
9.9060000407880544
 20
127.0000000407879952
 30
0.0
 41
-25.3999999999999986
 42
25.3999999999999986
 43
25.3999999999999986
 50
270.0
  0
INSERT
  5
EF1
  8
_G01-IND-3GEN_DRILLS
  6
CONTINUOUS
  2
ROUND_99
 10
9.9060000407880544
 20
127.8890000407880052
 30
0.0
 41
-25.3999999999999986
 42
25.3999999999999986
 43
25.3999999999999986
 50
270.0
  0
INSERT
  5
EF2
  8
_G01-IND-3GEN_DRILLS
  6
CONTINUOUS
  2
ROUND_99
 10
9.9060000407880544
 20
128.7780000407879868
 30
0.0
 41
-25.3999999999999986
 42
25.3999999999999986
 43
25.3999999999999986
 50
270.0
  0
INSERT
  5
EF3
  8
_G01-IND-3GEN_DRILLS
  6
CONTINUOUS
  2
ROUND_99
 10
9.9060000407880544
 20
129.6670000407879968
 30
0.0
 41
-25.3999999999999986
 42
25.3999999999999986
 43
25.3999999999999986
 50
270.0
  0
INSERT
  5
EF4
  8
_G01-IND-3GEN_DRILLS
  6
CONTINUOUS
  2
ROUND_99
 10
27.8130000407881006
 20
73.4060000407880437
 30
0.0
 41
-25.3999999999999986
 42
25.3999999999999986
 43
25.3999999999999986
 50
270.0
  0
INSERT
  5
EF5
  8
_G01-IND-3GEN_DRILLS
  6
CONTINUOUS
  2
ROUND_99
 10
31.3690000407880696
 20
73.4060000407880437
 30
0.0
 41
-25.3999999999999986
 42
25.3999999999999986
 43
25.3999999999999986
 50
270.0
  0
INSERT
  5
EF6
  8
_G01-IND-3GEN_DRILLS
  6
CONTINUOUS
  2
ROUND_99
 10
30.4800000407881093
 20
73.4060000407880437
 30
0.0
 41
-25.3999999999999986
 42
25.3999999999999986
 43
25.3999999999999986
 50
270.0
  0
INSERT
  5
EF7
  8
_G01-IND-3GEN_DRILLS
  6
CONTINUOUS
  2
ROUND_99
 10
29.59100004078811
 20
73.4060000407880437
 30
0.0
 41
-25.3999999999999986
 42
25.3999999999999986
 43
25.3999999999999986
 50
270.0
  0
INSERT
  5
EF8
  8
_G01-IND-3GEN_DRILLS
  6
CONTINUOUS
  2
ROUND_99
 10
28.7020000407881106
 20
73.4060000407880437
 30
0.0
 41
-25.3999999999999986
 42
25.3999999999999986
 43
25.3999999999999986
 50
270.0
  0
INSERT
  5
EF9
  8
_G01-IND-3GEN_DRILLS
  6
CONTINUOUS
  2
ROUND_99
 10
74.6760000407880682
 20
177.673000040787997
 30
0.0
 41
-25.3999999999999986
 42
25.3999999999999986
 43
25.3999999999999986
 50
270.0
  0
INSERT
  5
EFA
  8
_G01-IND-3GEN_DRILLS
  6
CONTINUOUS
  2
ROUND_99
 10
108.8390000407879938
 20
132.4610000407880079
 30
0.0
 41
-25.3999999999999986
 42
25.3999999999999986
 43
25.3999999999999986
 50
270.0
  0
INSERT
  5
EFB
  8
_G01-IND-3GEN_DRILLS
  6
CONTINUOUS
  2
ROUND_99
 10
74.0410000407880631
 20
145.4150000407879872
 30
0.0
 41
-25.3999999999999986
 42
25.3999999999999986
 43
25.3999999999999986
 50
270.0
  0
INSERT
  5
EFC
  8
_G01-IND-3GEN_DRILLS
  6
CONTINUOUS
  2
ROUND_99
 10
104.9020000407879962
 20
113.4110000407879966
 30
0.0
 41
-25.3999999999999986
 42
25.3999999999999986
 43
25.3999999999999986
 50
270.0
  0
INSERT
  5
EFD
  8
_G01-IND-3GEN_DRILLS
  6
CONTINUOUS
  2
ROUND_99
 10
74.0410000407880631
 20
142.494000040787995
 30
0.0
 41
-25.3999999999999986
 42
25.3999999999999986
 43
25.3999999999999986
 50
270.0
  0
INSERT
  5
EFE
  8
_G01-IND-3GEN_DRILLS
  6
CONTINUOUS
  2
ROUND_99
 10
74.0410000407880631
 20
148.0820000407881025
 30
0.0
 41
-25.3999999999999986
 42
25.3999999999999986
 43
25.3999999999999986
 50
270.0
  0
INSERT
  5
EFF
  8
_G01-IND-3GEN_DRILLS
  6
CONTINUOUS
  2
ROUND_99
 10
74.0410000407880631
 20
159.3850000407880998
 30
0.0
 41
-25.3999999999999986
 42
25.3999999999999986
 43
25.3999999999999986
 50
270.0
  0
INSERT
  5
F00
  8
_G01-IND-3GEN_DRILLS
  6
CONTINUOUS
  2
ROUND_99
 10
108.8390000407879938
 20
124.5870000407879985
 30
0.0
 41
-25.3999999999999986
 42
25.3999999999999986
 43
25.3999999999999986
 50
270.0
  0
INSERT
  5
F01
  8
_G01-IND-3GEN_DRILLS
  6
CONTINUOUS
  2
ROUND_99
 10
74.0410000407880631
 20
156.4640000407879938
 30
0.0
 41
-25.3999999999999986
 42
25.3999999999999986
 43
25.3999999999999986
 50
270.0
  0
INSERT
  5
F02
  8
_G01-IND-3GEN_DRILLS
  6
CONTINUOUS
  2
ROUND_99
 10
74.0410000407880631
 20
162.0520000407879877
 30
0.0
 41
-25.3999999999999986
 42
25.3999999999999986
 43
25.3999999999999986
 50
270.0
  0
INSERT
  5
F03
  8
_G01-IND-3GEN_DRILLS
  6
CONTINUOUS
  2
ROUND_99
 10
74.0410000407880631
 20
131.5720000407879979
 30
0.0
 41
-25.3999999999999986
 42
25.3999999999999986
 43
25.3999999999999986
 50
270.0
  0
INSERT
  5
F04
  8
_G01-IND-3GEN_DRILLS
  6
CONTINUOUS
  2
ROUND_99
 10
108.8390000407879938
 20
98.6790000407880683
 30
0.0
 41
-25.3999999999999986
 42
25.3999999999999986
 43
25.3999999999999986
 50
270.0
  0
INSERT
  5
F05
  8
_G01-IND-3GEN_DRILLS
  6
CONTINUOUS
  2
ROUND_99
 10
108.8390000407879938
 20
139.4460000407879932
 30
0.0
 41
-25.3999999999999986
 42
25.3999999999999986
 43
25.3999999999999986
 50
270.0
  0
INSERT
  5
F06
  8
_G01-IND-3GEN_DRILLS
  6
CONTINUOUS
  2
ROUND_99
 10
108.8390000407879938
 20
116.7130000407880033
 30
0.0
 41
-25.3999999999999986
 42
25.3999999999999986
 43
25.3999999999999986
 50
270.0
  0
INSERT
  5
F07
  8
_G01-IND-3GEN_DRILLS
  6
CONTINUOUS
  2
ROUND_99
 10
74.0410000407880631
 20
128.5240000407879961
 30
0.0
 41
-25.3999999999999986
 42
25.3999999999999986
 43
25.3999999999999986
 50
270.0
  0
INSERT
  5
F08
  8
_G01-IND-3GEN_DRILLS
  6
CONTINUOUS
  2
ROUND_99
 10
73.6600000407880486
 20
106.1720000407880065
 30
0.0
 41
-25.3999999999999986
 42
25.3999999999999986
 43
25.3999999999999986
 50
270.0
  0
INSERT
  5
F09
  8
_G01-IND-3GEN_DRILLS
  6
CONTINUOUS
  2
ROUND_99
 10
73.6600000407880486
 20
100.8380000407880033
 30
0.0
 41
-25.3999999999999986
 42
25.3999999999999986
 43
25.3999999999999986
 50
270.0
  0
INSERT
  5
F0A
  8
_G01-IND-3GEN_DRILLS
  6
CONTINUOUS
  2
ROUND_99
 10
74.0410000407880631
 20
163.5760000407879886
 30
0.0
 41
-25.3999999999999986
 42
25.3999999999999986
 43
25.3999999999999986
 50
270.0
  0
INSERT
  5
F0B
  8
_G01-IND-3GEN_DRILLS
  6
CONTINUOUS
  2
ROUND_99
 10
74.0410000407880631
 20
149.6060000407879897
 30
0.0
 41
-25.3999999999999986
 42
25.3999999999999986
 43
25.3999999999999986
 50
270.0
  0
INSERT
  5
F0C
  8
_G01-IND-3GEN_DRILLS
  6
CONTINUOUS
  2
ROUND_99
 10
74.0410000407880631
 20
135.6360000407879909
 30
0.0
 41
-25.3999999999999986
 42
25.3999999999999986
 43
25.3999999999999986
 50
270.0
  0
INSERT
  5
F0D
  8
_G01-IND-3GEN_DRILLS
  6
CONTINUOUS
  2
ROUND_99
 10
73.6600000407880486
 20
107.5690000407879978
 30
0.0
 41
-25.3999999999999986
 42
25.3999999999999986
 43
25.3999999999999986
 50
270.0
  0
INSERT
  5
F0E
  8
_G01-IND-3GEN_DRILLS
  6
CONTINUOUS
  2
ROUND_99
 10
106.0450000407879969
 20
172.4660000407880887
 30
0.0
 41
-25.3999999999999986
 42
25.3999999999999986
 43
25.3999999999999986
 50
270.0
  0
INSERT
  5
F0F
  8
_G01-IND-3GEN_DRILLS
  6
CONTINUOUS
  2
ROUND_99
 10
77.5970000407880747
 20
167.3860000407879909
 30
0.0
 41
-25.3999999999999986
 42
25.3999999999999986
 43
25.3999999999999986
 50
270.0
  0
INSERT
  5
F10
  8
_G01-IND-3GEN_DRILLS
  6
CONTINUOUS
  2
ROUND_99
 10
80.8990000407880956
 20
176.4030000407879868
 30
0.0
 41
-25.3999999999999986
 42
25.3999999999999986
 43
25.3999999999999986
 50
270.0
  0
INSERT
  5
F11
  8
_G01-IND-3GEN_DRILLS
  6
CONTINUOUS
  2
ROUND_99
 10
108.2040000407880029
 20
168.5290000407881053
 30
0.0
 41
-25.3999999999999986
 42
25.3999999999999986
 43
25.3999999999999986
 50
270.0
  0
INSERT
  5
F12
  8
_G01-IND-3GEN_DRILLS
  6
CONTINUOUS
  2
ROUND_99
 10
73.6600000407880486
 20
120.1420000407880053
 30
0.0
 41
-25.3999999999999986
 42
25.3999999999999986
 43
25.3999999999999986
 50
270.0
  0
INSERT
  5
F13
  8
_G01-IND-3GEN_DRILLS
  6
CONTINUOUS
  2
ROUND_99
 10
73.6600000407880486
 20
121.5390000407879967
 30
0.0
 41
-25.3999999999999986
 42
25.3999999999999986
 43
25.3999999999999986
 50
270.0
  0
INSERT
  5
F14
  8
_G01-IND-3GEN_DRILLS
  6
CONTINUOUS
  2
ROUND_99
 10
73.6600000407880486
 20
114.5540000407879972
 30
0.0
 41
-25.3999999999999986
 42
25.3999999999999986
 43
25.3999999999999986
 50
270.0
  0
INSERT
  5
F15
  8
_G01-IND-3GEN_DRILLS
  6
CONTINUOUS
  2
ROUND_99
 10
73.6600000407880486
 20
117.6020000407879991
 30
0.0
 41
-25.3999999999999986
 42
25.3999999999999986
 43
25.3999999999999986
 50
270.0
  0
INSERT
  5
F16
  8
_G01-IND-3GEN_DRILLS
  6
CONTINUOUS
  2
ROUND_99
 10
104.7750000407880009
 20
93.472000040788032
 30
0.0
 41
-25.3999999999999986
 42
25.3999999999999986
 43
25.3999999999999986
 50
270.0
  0
INSERT
  5
F17
  8
_G01-IND-3GEN_DRILLS
  6
CONTINUOUS
  2
ROUND_99
 10
38.3540000407880797
 20
21.0820000407880812
 30
0.0
 41
-25.3999999999999986
 42
25.3999999999999986
 43
25.3999999999999986
 50
270.0
  0
INSERT
  5
F18
  8
_G01-IND-3GEN_DRILLS
  6
CONTINUOUS
  2
ROUND_99
 10
28.1940000407880689
 20
20.3200000407880594
 30
0.0
 41
-25.3999999999999986
 42
25.3999999999999986
 43
25.3999999999999986
 50
270.0
  0
INSERT
  5
F19
  8
_G01-IND-3GEN_DRILLS
  6
CONTINUOUS
  2
ROUND_99
 10
45.4660000407881029
 20
21.8440000407880284
 30
0.0
 41
-25.3999999999999986
 42
25.3999999999999986
 43
25.3999999999999986
 50
270.0
  0
INSERT
  5
F1A
  8
_G01-IND-3GEN_DRILLS
  6
CONTINUOUS
  2
ROUND_99
 10
31.3690000407880696
 20
21.8440000407880284
 30
0.0
 41
-25.3999999999999986
 42
25.3999999999999986
 43
25.3999999999999986
 50
270.0
  0
INSERT
  5
F1B
  8
_G01-IND-3GEN_DRILLS
  6
CONTINUOUS
  2
ROUND_99
 10
54.1020000407880985
 20
30.1625000407880393
 30
0.0
 41
-25.3999999999999986
 42
25.3999999999999986
 43
25.3999999999999986
 50
270.0
  0
INSERT
  5
F1C
  8
_G01-IND-3GEN_DRILLS
  6
CONTINUOUS
  2
ROUND_99
 10
57.4040000407880697
 20
29.0830000407880291
 30
0.0
 41
-25.3999999999999986
 42
25.3999999999999986
 43
25.3999999999999986
 50
270.0
  0
INSERT
  5
F1D
  8
_G01-IND-3GEN_DRILLS
  6
CONTINUOUS
  2
ROUND_99
 10
27.9400000407880711
 20
35.941000040788019
 30
0.0
 41
-25.3999999999999986
 42
25.3999999999999986
 43
25.3999999999999986
 50
270.0
  0
INSERT
  5
F1E
  8
_G01-IND-3GEN_DRILLS
  6
CONTINUOUS
  2
ROUND_99
 10
34.5440000407880703
 20
20.574000040788011
 30
0.0
 41
-25.3999999999999986
 42
25.3999999999999986
 43
25.3999999999999986
 50
270.0
  0
INSERT
  5
F1F
  8
_G01-IND-3GEN_DRILLS
  6
CONTINUOUS
  2
ROUND_99
 10
50.5460000407880869
 20
22.0345000407880285
 30
0.0
 41
-25.3999999999999986
 42
25.3999999999999986
 43
25.3999999999999986
 50
270.0
  0
INSERT
  5
F20
  8
_G01-IND-3GEN_DRILLS
  6
CONTINUOUS
  2
ROUND_99
 10
41.0210000407880884
 20
16.3830000407880298
 30
0.0
 41
-25.3999999999999986
 42
25.3999999999999986
 43
25.3999999999999986
 50
270.0
  0
INSERT
  5
F21
  8
_G01-IND-3GEN_DRILLS
  6
CONTINUOUS
  2
ROUND_99
 10
39.624000040788097
 20
16.5100000407880003
 30
0.0
 41
-25.3999999999999986
 42
25.3999999999999986
 43
25.3999999999999986
 50
270.0
  0
INSERT
  5
F22
  8
_G01-IND-3GEN_DRILLS
  6
CONTINUOUS
  2
ROUND_99
 10
-36.57599995921192
 20
88.1380000407880004
 30
0.0
 41
-25.3999999999999986
 42
25.3999999999999986
 43
25.3999999999999986
 50
270.0
  0
INSERT
  5
F23
  8
_G01-IND-3GEN_DRILLS
  6
CONTINUOUS
  2
ROUND_99
 10
-39.6239999592119005
 20
91.8210000407879932
 30
0.0
 41
-25.3999999999999986
 42
25.3999999999999986
 43
25.3999999999999986
 50
270.0
  0
INSERT
  5
F24
  8
_G01-IND-3GEN_DRILLS
  6
CONTINUOUS
  2
ROUND_99
 10
-40.8939999592119108
 20
87.1220000407880235
 30
0.0
 41
-25.3999999999999986
 42
25.3999999999999986
 43
25.3999999999999986
 50
270.0
  0
INSERT
  5
F25
  8
_G01-IND-3GEN_DRILLS
  6
CONTINUOUS
  2
ROUND_99
 10
-42.2909999592119092
 20
91.8210000407879932
 30
0.0
 41
-25.3999999999999986
 42
25.3999999999999986
 43
25.3999999999999986
 50
270.0
  0
INSERT
  5
F26
  8
_G01-IND-3GEN_DRILLS
  6
CONTINUOUS
  2
ROUND_99
 10
-44.0689999592119221
 20
87.1220000407880235
 30
0.0
 41
-25.3999999999999986
 42
25.3999999999999986
 43
25.3999999999999986
 50
270.0
  0
INSERT
  5
F27
  8
_G01-IND-3GEN_DRILLS
  6
CONTINUOUS
  2
ROUND_99
 10
-44.0689999592119221
 20
91.8210000407879932
 30
0.0
 41
-25.3999999999999986
 42
25.3999999999999986
 43
25.3999999999999986
 50
270.0
  0
INSERT
  5
F28
  8
_G01-IND-3GEN_DRILLS
  6
CONTINUOUS
  2
ROUND_99
 10
-45.5929999592119088
 20
91.8210000407879932
 30
0.0
 41
-25.3999999999999986
 42
25.3999999999999986
 43
25.3999999999999986
 50
270.0
  0
INSERT
  5
F29
  8
_G01-IND-3GEN_DRILLS
  6
CONTINUOUS
  2
ROUND_99
 10
-46.8629999592118978
 20
91.8210000407879932
 30
0.0
 41
-25.3999999999999986
 42
25.3999999999999986
 43
25.3999999999999986
 50
270.0
  0
INSERT
  5
F2A
  8
_G01-IND-3GEN_DRILLS
  6
CONTINUOUS
  2
ROUND_99
 10
-48.1329999592119009
 20
91.8210000407879932
 30
0.0
 41
-25.3999999999999986
 42
25.3999999999999986
 43
25.3999999999999986
 50
270.0
  0
INSERT
  5
F2B
  8
_G01-IND-3GEN_DRILLS
  6
CONTINUOUS
  2
ROUND_99
 10
-49.4029999592119182
 20
88.1380000407880004
 30
0.0
 41
-25.3999999999999986
 42
25.3999999999999986
 43
25.3999999999999986
 50
270.0
  0
INSERT
  5
F2C
  8
_G01-IND-3GEN_DRILLS
  6
CONTINUOUS
  2
ROUND_99
 10
-49.4029999592119182
 20
91.8210000407879932
 30
0.0
 41
-25.3999999999999986
 42
25.3999999999999986
 43
25.3999999999999986
 50
270.0
  0
INSERT
  5
F2D
  8
_G01-IND-3GEN_DRILLS
  6
CONTINUOUS
  2
ROUND_99
 10
-50.7999999592119096
 20
91.9480000407880169
 30
0.0
 41
-25.3999999999999986
 42
25.3999999999999986
 43
25.3999999999999986
 50
270.0
  0
INSERT
  5
F2E
  8
_G01-IND-3GEN_DRILLS
  6
CONTINUOUS
  2
ROUND_99
 10
-54.2289999592118974
 20
88.5190000407880149
 30
0.0
 41
-25.3999999999999986
 42
25.3999999999999986
 43
25.3999999999999986
 50
270.0
  0
INSERT
  5
F2F
  8
_G01-IND-3GEN_DRILLS
  6
CONTINUOUS
  2
ROUND_99
 10
-50.7999999592119096
 20
88.1380000407880004
 30
0.0
 41
-25.3999999999999986
 42
25.3999999999999986
 43
25.3999999999999986
 50
270.0
  0
INSERT
  5
F30
  8
_G01-IND-3GEN_DRILLS
  6
CONTINUOUS
  2
ROUND_99
 10
-32.0039999592119102
 20
66.9290000407880257
 30
0.0
 41
-25.3999999999999986
 42
25.3999999999999986
 43
25.3999999999999986
 50
270.0
  0
INSERT
  5
F31
  8
_G01-IND-3GEN_DRILLS
  6
CONTINUOUS
  2
ROUND_99
 10
-33.2739999592119133
 20
66.9290000407880257
 30
0.0
 41
-25.3999999999999986
 42
25.3999999999999986
 43
25.3999999999999986
 50
270.0
  0
INSERT
  5
F32
  8
_G01-IND-3GEN_DRILLS
  6
CONTINUOUS
  2
ROUND_99
 10
-34.7979999592119214
 20
72.0090000407880098
 30
0.0
 41
-25.3999999999999986
 42
25.3999999999999986
 43
25.3999999999999986
 50
270.0
  0
INSERT
  5
F33
  8
_G01-IND-3GEN_DRILLS
  6
CONTINUOUS
  2
ROUND_99
 10
-34.7979999592118929
 20
66.675000040788035
 30
0.0
 41
-25.3999999999999986
 42
25.3999999999999986
 43
25.3999999999999986
 50
270.0
  0
INSERT
  5
F34
  8
_G01-IND-3GEN_DRILLS
  6
CONTINUOUS
  2
ROUND_99
 10
-36.0679999592119103
 20
72.0090000407880098
 30
0.0
 41
-25.3999999999999986
 42
25.3999999999999986
 43
25.3999999999999986
 50
270.0
  0
INSERT
  5
F35
  8
_G01-IND-3GEN_DRILLS
  6
CONTINUOUS
  2
ROUND_99
 10
-36.0679999592119103
 20
66.8020000407880161
 30
0.0
 41
-25.3999999999999986
 42
25.3999999999999986
 43
25.3999999999999986
 50
270.0
  0
INSERT
  5
F36
  8
_G01-IND-3GEN_DRILLS
  6
CONTINUOUS
  2
ROUND_99
 10
-37.3379999592119134
 20
72.0090000407880098
 30
0.0
 41
-25.3999999999999986
 42
25.3999999999999986
 43
25.3999999999999986
 50
270.0
  0
INSERT
  5
F37
  8
_G01-IND-3GEN_DRILLS
  6
CONTINUOUS
  2
ROUND_99
 10
-37.3379999592119134
 20
66.9290000407880257
 30
0.0
 41
-25.3999999999999986
 42
25.3999999999999986
 43
25.3999999999999986
 50
270.0
  0
INSERT
  5
F38
  8
_G01-IND-3GEN_DRILLS
  6
CONTINUOUS
  2
ROUND_99
 10
-38.9889999592119167
 20
72.2630000407880004
 30
0.0
 41
-25.3999999999999986
 42
25.3999999999999986
 43
25.3999999999999986
 50
270.0
  0
INSERT
  5
F39
  8
_G01-IND-3GEN_DRILLS
  6
CONTINUOUS
  2
ROUND_99
 10
-38.9889999592119167
 20
66.8020000407880161
 30
0.0
 41
-25.3999999999999986
 42
25.3999999999999986
 43
25.3999999999999986
 50
270.0
  0
INSERT
  5
F3A
  8
_G01-IND-3GEN_DRILLS
  6
CONTINUOUS
  2
ROUND_99
 10
-40.2589999592119128
 20
72.2630000407880004
 30
0.0
 41
-25.3999999999999986
 42
25.3999999999999986
 43
25.3999999999999986
 50
270.0
  0
INSERT
  5
F3B
  8
_G01-IND-3GEN_DRILLS
  6
CONTINUOUS
  2
ROUND_99
 10
-40.2589999592118772
 20
66.8020000407880161
 30
0.0
 41
-25.3999999999999986
 42
25.3999999999999986
 43
25.3999999999999986
 50
270.0
  0
INSERT
  5
F3C
  8
_G01-IND-3GEN_DRILLS
  6
CONTINUOUS
  2
ROUND_99
 10
-41.5289999592119088
 20
66.8020000407880161
 30
0.0
 41
-25.3999999999999986
 42
25.3999999999999986
 43
25.3999999999999986
 50
270.0
  0
INSERT
  5
F3D
  8
_G01-IND-3GEN_DRILLS
  6
CONTINUOUS
  2
ROUND_99
 10
-43.1799999592118908
 20
66.8020000407880161
 30
0.0
 41
-25.3999999999999986
 42
25.3999999999999986
 43
25.3999999999999986
 50
270.0
  0
INSERT
  5
F3E
  8
_G01-IND-3GEN_DRILLS
  6
CONTINUOUS
  2
ROUND_99
 10
-43.1799999592119192
 20
70.7390000407880422
 30
0.0
 41
-25.3999999999999986
 42
25.3999999999999986
 43
25.3999999999999986
 50
270.0
  0
INSERT
  5
F3F
  8
_G01-IND-3GEN_DRILLS
  6
CONTINUOUS
  2
ROUND_99
 10
-41.655999959211897
 20
72.6440000407880149
 30
0.0
 41
-25.3999999999999986
 42
25.3999999999999986
 43
25.3999999999999986
 50
270.0
  0
INSERT
  5
F40
  8
_G01-IND-3GEN_DRILLS
  6
CONTINUOUS
  2
ROUND_99
 10
-44.4499999592119082
 20
66.8020000407880161
 30
0.0
 41
-25.3999999999999986
 42
25.3999999999999986
 43
25.3999999999999986
 50
270.0
  0
INSERT
  5
F41
  8
_G01-IND-3GEN_DRILLS
  6
CONTINUOUS
  2
ROUND_99
 10
-45.973999959211902
 20
72.0090000407880098
 30
0.0
 41
-25.3999999999999986
 42
25.3999999999999986
 43
25.3999999999999986
 50
270.0
  0
INSERT
  5
F42
  8
_G01-IND-3GEN_DRILLS
  6
CONTINUOUS
  2
ROUND_99
 10
-45.973999959211902
 20
66.8020000407880161
 30
0.0
 41
-25.3999999999999986
 42
25.3999999999999986
 43
25.3999999999999986
 50
270.0
  0
INSERT
  5
F43
  8
_G01-IND-3GEN_DRILLS
  6
CONTINUOUS
  2
ROUND_99
 10
-47.2439999592119122
 20
70.7390000407880422
 30
0.0
 41
-25.3999999999999986
 42
25.3999999999999986
 43
25.3999999999999986
 50
270.0
  0
INSERT
  5
F44
  8
_G01-IND-3GEN_DRILLS
  6
CONTINUOUS
  2
ROUND_99
 10
-47.2439999592118909
 20
66.8020000407880161
 30
0.0
 41
-25.3999999999999986
 42
25.3999999999999986
 43
25.3999999999999986
 50
270.0
  0
INSERT
  5
F45
  8
_G01-IND-3GEN_DRILLS
  6
CONTINUOUS
  2
ROUND_99
 10
-47.2439999592119122
 20
72.0090000407880098
 30
0.0
 41
-25.3999999999999986
 42
25.3999999999999986
 43
25.3999999999999986
 50
270.0
  0
INSERT
  5
F46
  8
_G01-IND-3GEN_DRILLS
  6
CONTINUOUS
  2
ROUND_99
 10
-48.6409999592118893
 20
66.8020000407880161
 30
0.0
 41
-25.3999999999999986
 42
25.3999999999999986
 43
25.3999999999999986
 50
270.0
  0
INSERT
  5
F47
  8
_G01-IND-3GEN_DRILLS
  6
CONTINUOUS
  2
ROUND_99
 10
-50.926999959211912
 20
66.929000040787983
 30
0.0
 41
-25.3999999999999986
 42
25.3999999999999986
 43
25.3999999999999986
 50
270.0
  0
INSERT
  5
F48
  8
_G01-IND-3GEN_DRILLS
  6
CONTINUOUS
  2
ROUND_99
 10
-50.926999959211912
 20
70.7390000407880422
 30
0.0
 41
-25.3999999999999986
 42
25.3999999999999986
 43
25.3999999999999986
 50
270.0
  0
INSERT
  5
F49
  8
_G01-IND-3GEN_DRILLS
  6
CONTINUOUS
  2
ROUND_99
 10
-52.1969999592119009
 20
66.8020000407880161
 30
0.0
 41
-25.3999999999999986
 42
25.3999999999999986
 43
25.3999999999999986
 50
270.0
  0
INSERT
  5
F4A
  8
_G01-IND-3GEN_DRILLS
  6
CONTINUOUS
  2
ROUND_99
 10
-39.6239999592119005
 20
93.0910000407880176
 30
0.0
 41
-25.3999999999999986
 42
25.3999999999999986
 43
25.3999999999999986
 50
270.0
  0
INSERT
  5
F4B
  8
_G01-IND-3GEN_DRILLS
  6
CONTINUOUS
  2
ROUND_99
 10
-68.1989999592119176
 20
75.0570000407879974
 30
0.0
 41
-25.3999999999999986
 42
25.3999999999999986
 43
25.3999999999999986
 50
270.0
  0
INSERT
  5
F4C
  8
_G01-IND-3GEN_DRILLS
  6
CONTINUOUS
  2
ROUND_99
 10
-54.2289999592118974
 20
84.328000040788055
 30
0.0
 41
-25.3999999999999986
 42
25.3999999999999986
 43
25.3999999999999986
 50
270.0
  0
INSERT
  5
F4D
  8
_G01-IND-3GEN_DRILLS
  6
CONTINUOUS
  2
ROUND_99
 10
-81.2799999592119065
 20
105.1560000407880011
 30
0.0
 41
-25.3999999999999986
 42
25.3999999999999986
 43
25.3999999999999986
 50
270.0
  0
INSERT
  5
F4E
  8
_G01-IND-3GEN_DRILLS
  6
CONTINUOUS
  2
ROUND_99
 10
-81.2799999592119065
 20
107.6960000407879932
 30
0.0
 41
-25.3999999999999986
 42
25.3999999999999986
 43
25.3999999999999986
 50
270.0
  0
INSERT
  5
F4F
  8
_G01-IND-3GEN_DRILLS
  6
CONTINUOUS
  2
ROUND_99
 10
-72.3899999592119059
 20
124.4600000407880032
 30
0.0
 41
-25.3999999999999986
 42
25.3999999999999986
 43
25.3999999999999986
 50
270.0
  0
INSERT
  5
F50
  8
_G01-IND-3GEN_DRILLS
  6
CONTINUOUS
  2
ROUND_99
 10
-72.3899999592119059
 20
123.1900000407878935
 30
0.0
 41
-25.3999999999999986
 42
25.3999999999999986
 43
25.3999999999999986
 50
270.0
  0
INSERT
  5
F51
  8
_G01-IND-3GEN_DRILLS
  6
CONTINUOUS
  2
ROUND_99
 10
-81.2799999592119065
 20
123.1900000407878935
 30
0.0
 41
-25.3999999999999986
 42
25.3999999999999986
 43
25.3999999999999986
 50
270.0
  0
INSERT
  5
F52
  8
_G01-IND-3GEN_DRILLS
  6
CONTINUOUS
  2
ROUND_99
 10
-82.9309999592119453
 20
121.6660000407880062
 30
0.0
 41
-25.3999999999999986
 42
25.3999999999999986
 43
25.3999999999999986
 50
270.0
  0
INSERT
  5
F53
  8
_G01-IND-3GEN_DRILLS
  6
CONTINUOUS
  2
ROUND_99
 10
-25.1459999592118884
 20
35.8140000407880521
 30
0.0
 41
-25.3999999999999986
 42
25.3999999999999986
 43
25.3999999999999986
 50
270.0
  0
INSERT
  5
F54
  8
_G01-IND-3GEN_DRILLS
  6
CONTINUOUS
  2
ROUND_99
 10
-35.6869999592119029
 20
35.8140000407880521
 30
0.0
 41
-25.3999999999999986
 42
25.3999999999999986
 43
25.3999999999999986
 50
270.0
  0
INSERT
  5
F55
  8
_G01-IND-3GEN_DRILLS
  6
CONTINUOUS
  2
ROUND_99
 10
-50.418999959211888
 20
48.1330000407880192
 30
0.0
 41
-25.3999999999999986
 42
25.3999999999999986
 43
25.3999999999999986
 50
270.0
  0
INSERT
  5
F56
  8
_G01-IND-3GEN_DRILLS
  6
CONTINUOUS
  2
ROUND_99
 10
-50.926999959211912
 20
58.2930000407879874
 30
0.0
 41
-25.3999999999999986
 42
25.3999999999999986
 43
25.3999999999999986
 50
270.0
  0
INSERT
  5
F57
  8
_G01-IND-3GEN_DRILLS
  6
CONTINUOUS
  2
ROUND_99
 10
-50.418999959211888
 20
46.863000040788009
 30
0.0
 41
-25.3999999999999986
 42
25.3999999999999986
 43
25.3999999999999986
 50
270.0
  0
INSERT
  5
F58
  8
_G01-IND-3GEN_DRILLS
  6
CONTINUOUS
  2
ROUND_99
 10
-40.0049999592118866
 20
42.4180000407879874
 30
0.0
 41
-25.3999999999999986
 42
25.3999999999999986
 43
25.3999999999999986
 50
270.0
  0
INSERT
  5
F59
  8
_G01-IND-3GEN_DRILLS
  6
CONTINUOUS
  2
ROUND_99
 10
-40.6399999592118988
 20
43.6880000407880118
 30
0.0
 41
-25.3999999999999986
 42
25.3999999999999986
 43
25.3999999999999986
 50
270.0
  0
INSERT
  5
F5A
  8
_G01-IND-3GEN_DRILLS
  6
CONTINUOUS
  2
ROUND_99
 10
-43.0529999592119097
 20
47.3710000407879974
 30
0.0
 41
-25.3999999999999986
 42
25.3999999999999986
 43
25.3999999999999986
 50
270.0
  0
INSERT
  5
F5B
  8
_G01-IND-3GEN_DRILLS
  6
CONTINUOUS
  2
ROUND_99
 10
-41.9099999592119232
 20
43.6880000407880118
 30
0.0
 41
-25.3999999999999986
 42
25.3999999999999986
 43
25.3999999999999986
 50
270.0
  0
INSERT
  5
F5C
  8
_G01-IND-3GEN_DRILLS
  6
CONTINUOUS
  2
ROUND_99
 10
-44.4499999592119082
 20
43.6880000407880118
 30
0.0
 41
-25.3999999999999986
 42
25.3999999999999986
 43
25.3999999999999986
 50
270.0
  0
INSERT
  5
F5D
  8
_G01-IND-3GEN_DRILLS
  6
CONTINUOUS
  2
ROUND_99
 10
-43.1799999592118908
 20
43.5610000407880307
 30
0.0
 41
-25.3999999999999986
 42
25.3999999999999986
 43
25.3999999999999986
 50
270.0
  0
INSERT
  5
F5E
  8
_G01-IND-3GEN_DRILLS
  6
CONTINUOUS
  2
ROUND_99
 10
-45.7199999592118971
 20
42.2910000407880133
 30
0.0
 41
-25.3999999999999986
 42
25.3999999999999986
 43
25.3999999999999986
 50
270.0
  0
INSERT
  5
F5F
  8
_G01-IND-3GEN_DRILLS
  6
CONTINUOUS
  2
ROUND_99
 10
-45.7199999592118971
 20
43.5610000407880307
 30
0.0
 41
-25.3999999999999986
 42
25.3999999999999986
 43
25.3999999999999986
 50
270.0
  0
INSERT
  5
F60
  8
_G01-IND-3GEN_DRILLS
  6
CONTINUOUS
  2
ROUND_99
 10
-45.3389999592119111
 20
54.9910000407880091
 30
0.0
 41
-25.3999999999999986
 42
25.3999999999999986
 43
25.3999999999999986
 50
270.0
  0
INSERT
  5
F61
  8
_G01-IND-3GEN_DRILLS
  6
CONTINUOUS
  2
ROUND_99
 10
-46.1009999592118902
 20
53.7210000407879988
 30
0.0
 41
-25.3999999999999986
 42
25.3999999999999986
 43
25.3999999999999986
 50
270.0
  0
INSERT
  5
F62
  8
_G01-IND-3GEN_DRILLS
  6
CONTINUOUS
  2
ROUND_99
 10
-43.1799999592118908
 20
58.4200000407880466
 30
0.0
 41
-25.3999999999999986
 42
25.3999999999999986
 43
25.3999999999999986
 50
270.0
  0
INSERT
  5
F63
  8
_G01-IND-3GEN_DRILLS
  6
CONTINUOUS
  2
ROUND_99
 10
-44.0689999592119008
 20
54.9910000407880091
 30
0.0
 41
-25.3999999999999986
 42
25.3999999999999986
 43
25.3999999999999986
 50
270.0
  0
INSERT
  5
F64
  8
_G01-IND-3GEN_DRILLS
  6
CONTINUOUS
  2
ROUND_99
 10
-41.5289999592119088
 20
54.9910000407880091
 30
0.0
 41
-25.3999999999999986
 42
25.3999999999999986
 43
25.3999999999999986
 50
270.0
  0
INSERT
  5
F65
  8
_G01-IND-3GEN_DRILLS
  6
CONTINUOUS
  2
ROUND_99
 10
-42.7989999592118977
 20
54.9910000407880091
 30
0.0
 41
-25.3999999999999986
 42
25.3999999999999986
 43
25.3999999999999986
 50
270.0
  0
INSERT
  5
F66
  8
_G01-IND-3GEN_DRILLS
  6
CONTINUOUS
  2
ROUND_99
 10
-40.0049999592118866
 20
53.5940000407880319
 30
0.0
 41
-25.3999999999999986
 42
25.3999999999999986
 43
25.3999999999999986
 50
270.0
  0
INSERT
  5
F67
  8
_G01-IND-3GEN_DRILLS
  6
CONTINUOUS
  2
ROUND_99
 10
-40.0049999592118866
 20
54.9910000407880091
 30
0.0
 41
-25.3999999999999986
 42
25.3999999999999986
 43
25.3999999999999986
 50
270.0
  0
INSERT
  5
F68
  8
_G01-IND-3GEN_DRILLS
  6
CONTINUOUS
  2
ROUND_99
 10
-55.3719999592119123
 20
46.990000040787983
 30
0.0
 41
-25.3999999999999986
 42
25.3999999999999986
 43
25.3999999999999986
 50
270.0
  0
INSERT
  5
F69
  8
_G01-IND-3GEN_DRILLS
  6
CONTINUOUS
  2
ROUND_99
 10
-53.9749999592119067
 20
47.7520000407880119
 30
0.0
 41
-25.3999999999999986
 42
25.3999999999999986
 43
25.3999999999999986
 50
270.0
  0
INSERT
  5
F6A
  8
_G01-IND-3GEN_DRILLS
  6
CONTINUOUS
  2
ROUND_99
 10
-57.9119999592118901
 20
46.990000040787983
 30
0.0
 41
-25.3999999999999986
 42
25.3999999999999986
 43
25.3999999999999986
 50
270.0
  0
INSERT
  5
F6B
  8
_G01-IND-3GEN_DRILLS
  6
CONTINUOUS
  2
ROUND_99
 10
-56.6419999592119012
 20
46.990000040787983
 30
0.0
 41
-25.3999999999999986
 42
25.3999999999999986
 43
25.3999999999999986
 50
270.0
  0
INSERT
  5
F6C
  8
_G01-IND-3GEN_DRILLS
  6
CONTINUOUS
  2
ROUND_99
 10
-59.1819999592119217
 20
46.990000040787983
 30
0.0
 41
-25.3999999999999986
 42
25.3999999999999986
 43
25.3999999999999986
 50
270.0
  0
INSERT
  5
F6D
  8
_G01-IND-3GEN_DRILLS
  6
CONTINUOUS
  2
ROUND_99
 10
-57.9119999592118901
 20
43.6880000407880118
 30
0.0
 41
-25.3999999999999986
 42
25.3999999999999986
 43
25.3999999999999986
 50
270.0
  0
INSERT
  5
F6E
  8
_G01-IND-3GEN_DRILLS
  6
CONTINUOUS
  2
ROUND_99
 10
-61.7219999592118995
 20
48.0060000407880523
 30
0.0
 41
-25.3999999999999986
 42
25.3999999999999986
 43
25.3999999999999986
 50
270.0
  0
INSERT
  5
F6F
  8
_G01-IND-3GEN_DRILLS
  6
CONTINUOUS
  2
ROUND_99
 10
-60.4519999592119106
 20
47.2440000407880234
 30
0.0
 41
-25.3999999999999986
 42
25.3999999999999986
 43
25.3999999999999986
 50
270.0
  0
INSERT
  5
F70
  8
_G01-IND-3GEN_DRILLS
  6
CONTINUOUS
  2
ROUND_99
 10
-60.1979999592118915
 20
58.9280000407880422
 30
0.0
 41
-25.3999999999999986
 42
25.3999999999999986
 43
25.3999999999999986
 50
270.0
  0
INSERT
  5
F71
  8
_G01-IND-3GEN_DRILLS
  6
CONTINUOUS
  2
ROUND_99
 10
-61.848999959211902
 20
58.6740000407880018
 30
0.0
 41
-25.3999999999999986
 42
25.3999999999999986
 43
25.3999999999999986
 50
270.0
  0
INSERT
  5
F72
  8
_G01-IND-3GEN_DRILLS
  6
CONTINUOUS
  2
ROUND_99
 10
-57.6579999592118995
 20
54.8640000407880422
 30
0.0
 41
-25.3999999999999986
 42
25.3999999999999986
 43
25.3999999999999986
 50
270.0
  0
INSERT
  5
F73
  8
_G01-IND-3GEN_DRILLS
  6
CONTINUOUS
  2
ROUND_99
 10
-58.9279999592119097
 20
58.4200000407880466
 30
0.0
 41
-25.3999999999999986
 42
25.3999999999999986
 43
25.3999999999999986
 50
270.0
  0
INSERT
  5
F74
  8
_G01-IND-3GEN_DRILLS
  6
CONTINUOUS
  2
ROUND_99
 10
-56.3879999592119034
 20
53.8480000407880084
 30
0.0
 41
-25.3999999999999986
 42
25.3999999999999986
 43
25.3999999999999986
 50
270.0
  0
INSERT
  5
F75
  8
_G01-IND-3GEN_DRILLS
  6
CONTINUOUS
  2
ROUND_99
 10
-57.6579999592118995
 20
58.4200000407880466
 30
0.0
 41
-25.3999999999999986
 42
25.3999999999999986
 43
25.3999999999999986
 50
270.0
  0
INSERT
  5
F76
  8
_G01-IND-3GEN_DRILLS
  6
CONTINUOUS
  2
ROUND_99
 10
-54.9909999592118908
 20
58.5470000407880278
 30
0.0
 41
-25.3999999999999986
 42
25.3999999999999986
 43
25.3999999999999986
 50
270.0
  0
INSERT
  5
F77
  8
_G01-IND-3GEN_DRILLS
  6
CONTINUOUS
  2
ROUND_99
 10
-56.3879999592119034
 20
58.9280000407880422
 30
0.0
 41
-25.3999999999999986
 42
25.3999999999999986
 43
25.3999999999999986
 50
270.0
  0
INSERT
  5
F78
  8
_G01-IND-3GEN_DRILLS
  6
CONTINUOUS
  2
ROUND_99
 10
-48.0059999592119198
 20
114.9350000407879975
 30
0.0
 41
-25.3999999999999986
 42
25.3999999999999986
 43
25.3999999999999986
 50
270.0
  0
INSERT
  5
F79
  8
_G01-IND-3GEN_DRILLS
  6
CONTINUOUS
  2
ROUND_99
 10
-6.9849999592119234
 20
43.0530000407880422
 30
0.0
 41
-25.3999999999999986
 42
25.3999999999999986
 43
25.3999999999999986
 50
270.0
  0
INSERT
  5
F7A
  8
_G01-IND-3GEN_DRILLS
  6
CONTINUOUS
  2
ROUND_99
 10
-6.9849999592119234
 20
53.4670000407880508
 30
0.0
 41
-25.3999999999999986
 42
25.3999999999999986
 43
25.3999999999999986
 50
270.0
  0
INSERT
  5
F7B
  8
_G01-IND-3GEN_DRILLS
  6
CONTINUOUS
  2
ROUND_99
 10
-13.8429999592119106
 20
47.3710000407879974
 30
0.0
 41
-25.3999999999999986
 42
25.3999999999999986
 43
25.3999999999999986
 50
270.0
  0
INSERT
  5
F7C
  8
_G01-IND-3GEN_DRILLS
  6
CONTINUOUS
  2
ROUND_99
 10
-17.7799999592118887
 20
47.3710000407879974
 30
0.0
 41
-25.3999999999999986
 42
25.3999999999999986
 43
25.3999999999999986
 50
270.0
  0
INSERT
  5
F7D
  8
_G01-IND-3GEN_DRILLS
  6
CONTINUOUS
  2
ROUND_99
 10
-8.7629999592118857
 20
49.6570000407879917
 30
0.0
 41
-25.3999999999999986
 42
25.3999999999999986
 43
25.3999999999999986
 50
270.0
  0
INSERT
  5
F7E
  8
_G01-IND-3GEN_DRILLS
  6
CONTINUOUS
  2
ROUND_99
 10
-5.5879999592118841
 20
51.6890000407880308
 30
0.0
 41
-25.3999999999999986
 42
25.3999999999999986
 43
25.3999999999999986
 50
270.0
  0
INSERT
  5
F7F
  8
_G01-IND-3GEN_DRILLS
  6
CONTINUOUS
  2
ROUND_99
 10
-6.9849999592119234
 20
44.3230000407880667
 30
0.0
 41
-25.3999999999999986
 42
25.3999999999999986
 43
25.3999999999999986
 50
270.0
  0
INSERT
  5
F80
  8
_G01-IND-3GEN_DRILLS
  6
CONTINUOUS
  2
ROUND_99
 10
-10.6679999592119099
 20
47.6250000407880378
 30
0.0
 41
-25.3999999999999986
 42
25.3999999999999986
 43
25.3999999999999986
 50
270.0
  0
INSERT
  5
F81
  8
_G01-IND-3GEN_DRILLS
  6
CONTINUOUS
  2
ROUND_99
 10
-22.224999959211889
 20
29.4640000407880507
 30
0.0
 41
-25.3999999999999986
 42
25.3999999999999986
 43
25.3999999999999986
 50
270.0
  0
INSERT
  5
F82
  8
_G01-IND-3GEN_DRILLS
  6
CONTINUOUS
  2
ROUND_99
 10
-6.9849999592119234
 20
49.6570000407879917
 30
0.0
 41
-25.3999999999999986
 42
25.3999999999999986
 43
25.3999999999999986
 50
270.0
  0
INSERT
  5
F83
  8
_G01-IND-3GEN_DRILLS
  6
CONTINUOUS
  2
ROUND_99
 10
-57.2769999592119134
 20
26.9240000407879982
 30
0.0
 41
-25.3999999999999986
 42
25.3999999999999986
 43
25.3999999999999986
 50
270.0
  0
INSERT
  5
F84
  8
_G01-IND-3GEN_DRILLS
  6
CONTINUOUS
  2
ROUND_99
 10
-19.5579999592118803
 20
28.0670000407880487
 30
0.0
 41
-25.3999999999999986
 42
25.3999999999999986
 43
25.3999999999999986
 50
270.0
  0
INSERT
  5
F85
  8
_G01-IND-3GEN_DRILLS
  6
CONTINUOUS
  2
ROUND_99
 10
-8.1279999592119214
 20
37.8460000407879988
 30
0.0
 41
-25.3999999999999986
 42
25.3999999999999986
 43
25.3999999999999986
 50
270.0
  0
INSERT
  5
F86
  8
_G01-IND-3GEN_DRILLS
  6
CONTINUOUS
  2
ROUND_99
 10
-35.940999959211922
 20
135.6360000407879909
 30
0.0
 41
-25.3999999999999986
 42
25.3999999999999986
 43
25.3999999999999986
 50
270.0
  0
INSERT
  5
F87
  8
_G01-IND-3GEN_DRILLS
  6
CONTINUOUS
  2
ROUND_99
 10
-51.307999959211898
 20
132.4610000407880079
 30
0.0
 41
-25.3999999999999986
 42
25.3999999999999986
 43
25.3999999999999986
 50
270.0
  0
INSERT
  5
F88
  8
_G01-IND-3GEN_DRILLS
  6
CONTINUOUS
  2
ROUND_99
 10
-55.6259999592119314
 20
129.2860000407879966
 30
0.0
 41
-25.3999999999999986
 42
25.3999999999999986
 43
25.3999999999999986
 50
270.0
  0
INSERT
  5
F89
  8
_G01-IND-3GEN_DRILLS
  6
CONTINUOUS
  2
ROUND_99
 10
-41.4019999592119277
 20
165.2270000407879991
 30
0.0
 41
-25.3999999999999986
 42
25.3999999999999986
 43
25.3999999999999986
 50
270.0
  0
INSERT
  5
F8A
  8
_G01-IND-3GEN_DRILLS
  6
CONTINUOUS
  2
ROUND_99
 10
-9.9059999592119272
 20
204.7240000407880132
 30
0.0
 41
-25.3999999999999986
 42
25.3999999999999986
 43
25.3999999999999986
 50
270.0
  0
INSERT
  5
F8B
  8
_G01-IND-3GEN_DRILLS
  6
CONTINUOUS
  2
ROUND_99
 10
-50.6729999592119071
 20
159.5120000407879104
 30
0.0
 41
-25.3999999999999986
 42
25.3999999999999986
 43
25.3999999999999986
 50
270.0
  0
INSERT
  5
F8C
  8
_G01-IND-3GEN_DRILLS
  6
CONTINUOUS
  2
ROUND_99
 10
-64.5159999592119107
 20
128.0160000407879863
 30
0.0
 41
-25.3999999999999986
 42
25.3999999999999986
 43
25.3999999999999986
 50
270.0
  0
INSERT
  5
F8D
  8
_G01-IND-3GEN_DRILLS
  6
CONTINUOUS
  2
ROUND_99
 10
-67.8179999592119032
 20
117.0940000407880035
 30
0.0
 41
-25.3999999999999986
 42
25.3999999999999986
 43
25.3999999999999986
 50
270.0
  0
INSERT
  5
F8E
  8
_G01-IND-3GEN_DRILLS
  6
CONTINUOUS
  2
ROUND_99
 10
-60.4519999592119319
 20
128.0160000407879863
 30
0.0
 41
-25.3999999999999986
 42
25.3999999999999986
 43
25.3999999999999986
 50
270.0
  0
INSERT
  5
F8F
  8
_G01-IND-3GEN_DRILLS
  6
CONTINUOUS
  2
ROUND_99
 10
-60.4519999592119319
 20
131.1910000407879977
 30
0.0
 41
-25.3999999999999986
 42
25.3999999999999986
 43
25.3999999999999986
 50
270.0
  0
INSERT
  5
F90
  8
_G01-IND-3GEN_DRILLS
  6
CONTINUOUS
  2
ROUND_99
 10
-67.6909999592119078
 20
126.2380000407879947
 30
0.0
 41
-25.3999999999999986
 42
25.3999999999999986
 43
25.3999999999999986
 50
270.0
  0
INSERT
  5
F91
  8
_G01-IND-3GEN_DRILLS
  6
CONTINUOUS
  2
ROUND_99
 10
-41.1479999592119086
 20
124.2060000407879983
 30
0.0
 41
-25.3999999999999986
 42
25.3999999999999986
 43
25.3999999999999986
 50
270.0
  0
INSERT
  5
F92
  8
_G01-IND-3GEN_DRILLS
  6
CONTINUOUS
  2
ROUND_99
 10
-44.5769999592119319
 20
135.6360000407879909
 30
0.0
 41
-25.3999999999999986
 42
25.3999999999999986
 43
25.3999999999999986
 50
270.0
  0
INSERT
  5
F93
  8
_G01-IND-3GEN_DRILLS
  6
CONTINUOUS
  2
ROUND_99
 10
-62.3569999592119117
 20
123.3170000407880025
 30
0.0
 41
-25.3999999999999986
 42
25.3999999999999986
 43
25.3999999999999986
 50
270.0
  0
INSERT
  5
F94
  8
_G01-IND-3GEN_DRILLS
  6
CONTINUOUS
  2
ROUND_99
 10
-58.8009999592119215
 20
121.4120000407880013
 30
0.0
 41
-25.3999999999999986
 42
25.3999999999999986
 43
25.3999999999999986
 50
270.0
  0
INSERT
  5
F95
  8
_G01-IND-3GEN_DRILLS
  6
CONTINUOUS
  2
ROUND_99
 10
-64.8969999592119251
 20
159.7660000407879863
 30
0.0
 41
-25.3999999999999986
 42
25.3999999999999986
 43
25.3999999999999986
 50
270.0
  0
INSERT
  5
F96
  8
_G01-IND-3GEN_DRILLS
  6
CONTINUOUS
  2
ROUND_99
 10
-72.3899999592119059
 20
107.6960000407879932
 30
0.0
 41
-25.3999999999999986
 42
25.3999999999999986
 43
25.3999999999999986
 50
270.0
  0
INSERT
  5
F97
  8
_G01-IND-3GEN_DRILLS
  6
CONTINUOUS
  2
ROUND_99
 10
-74.0409999592119163
 20
130.5560000407878931
 30
0.0
 41
-25.3999999999999986
 42
25.3999999999999986
 43
25.3999999999999986
 50
270.0
  0
INSERT
  5
F98
  8
_G01-IND-3GEN_DRILLS
  6
CONTINUOUS
  2
ROUND_99
 10
-44.5769999592119319
 20
139.4460000407879932
 30
0.0
 41
-25.3999999999999986
 42
25.3999999999999986
 43
25.3999999999999986
 50
270.0
  0
INSERT
  5
F99
  8
_G01-IND-3GEN_DRILLS
  6
CONTINUOUS
  2
ROUND_99
 10
-35.940999959211922
 20
124.2060000407879983
 30
0.0
 41
-25.3999999999999986
 42
25.3999999999999986
 43
25.3999999999999986
 50
270.0
  0
INSERT
  5
F9A
  8
_G01-IND-3GEN_DRILLS
  6
CONTINUOUS
  2
ROUND_99
 10
-81.5339999592119113
 20
130.5560000407878931
 30
0.0
 41
-25.3999999999999986
 42
25.3999999999999986
 43
25.3999999999999986
 50
270.0
  0
INSERT
  5
F9B
  8
_G01-IND-3GEN_DRILLS
  6
CONTINUOUS
  2
ROUND_99
 10
-35.940999959211922
 20
134.3660000407880091
 30
0.0
 41
-25.3999999999999986
 42
25.3999999999999986
 43
25.3999999999999986
 50
270.0
  0
INSERT
  5
F9C
  8
_G01-IND-3GEN_DRILLS
  6
CONTINUOUS
  2
ROUND_99
 10
-44.5769999592119319
 20
136.9060000407878874
 30
0.0
 41
-25.3999999999999986
 42
25.3999999999999986
 43
25.3999999999999986
 50
270.0
  0
INSERT
  5
F9D
  8
_G01-IND-3GEN_DRILLS
  6
CONTINUOUS
  2
ROUND_99
 10
-81.5339999592119113
 20
97.536000040788025
 30
0.0
 41
-25.3999999999999986
 42
25.3999999999999986
 43
25.3999999999999986
 50
270.0
  0
INSERT
  5
F9E
  8
_G01-IND-3GEN_DRILLS
  6
CONTINUOUS
  2
ROUND_99
 10
-72.2629999592119248
 20
97.536000040788025
 30
0.0
 41
-25.3999999999999986
 42
25.3999999999999986
 43
25.3999999999999986
 50
270.0
  0
INSERT
  5
F9F
  8
_G01-IND-3GEN_DRILLS
  6
CONTINUOUS
  2
ROUND_99
 10
-75.4379999592119219
 20
95.6310000407880096
 30
0.0
 41
-25.3999999999999986
 42
25.3999999999999986
 43
25.3999999999999986
 50
270.0
  0
INSERT
  5
FA0
  8
_G01-IND-3GEN_DRILLS
  6
CONTINUOUS
  2
ROUND_99
 10
-4.6989999592119274
 20
13.9700000407880598
 30
0.0
 41
-25.3999999999999986
 42
25.3999999999999986
 43
25.3999999999999986
 50
270.0
  0
INSERT
  5
FA1
  8
_G01-IND-3GEN_DRILLS
  6
CONTINUOUS
  2
ROUND_99
 10
-81.2799999592118922
 20
77.8510000407879801
 30
0.0
 41
-25.3999999999999986
 42
25.3999999999999986
 43
25.3999999999999986
 50
270.0
  0
INSERT
  5
FA2
  8
_G01-IND-3GEN_DRILLS
  6
CONTINUOUS
  2
ROUND_99
 10
-81.406999959211916
 20
86.6140000407880564
 30
0.0
 41
-25.3999999999999986
 42
25.3999999999999986
 43
25.3999999999999986
 50
270.0
  0
INSERT
  5
FA3
  8
_G01-IND-3GEN_DRILLS
  6
CONTINUOUS
  2
ROUND_99
 10
-77.3429999592118946
 20
77.8510000407879801
 30
0.0
 41
-25.3999999999999986
 42
25.3999999999999986
 43
25.3999999999999986
 50
270.0
  0
INSERT
  5
FA4
  8
_G01-IND-3GEN_DRILLS
  6
CONTINUOUS
  2
ROUND_99
 10
-81.5339999592119113
 20
95.6310000407880096
 30
0.0
 41
-25.3999999999999986
 42
25.3999999999999986
 43
25.3999999999999986
 50
270.0
  0
INSERT
  5
FA5
  8
_G01-IND-3GEN_DRILLS
  6
CONTINUOUS
  2
ROUND_99
 10
-81.5339999592119113
 20
93.7260000407879801
 30
0.0
 41
-25.3999999999999986
 42
25.3999999999999986
 43
25.3999999999999986
 50
270.0
  0
INSERT
  5
FA6
  8
_G01-IND-3GEN_DRILLS
  6
CONTINUOUS
  2
ROUND_99
 10
-62.4839999592119
 20
91.3130000407879976
 30
0.0
 41
-25.3999999999999986
 42
25.3999999999999986
 43
25.3999999999999986
 50
270.0
  0
INSERT
  5
FA7
  8
_G01-IND-3GEN_DRILLS
  6
CONTINUOUS
  2
ROUND_99
 10
-85.3439999592118852
 20
76.5810000407879983
 30
0.0
 41
-25.3999999999999986
 42
25.3999999999999986
 43
25.3999999999999986
 50
270.0
  0
INSERT
  5
FA8
  8
_G01-IND-3GEN_DRILLS
  6
CONTINUOUS
  2
ROUND_99
 10
-85.3439999592118852
 20
79.1210000407879903
 30
0.0
 41
-25.3999999999999986
 42
25.3999999999999986
 43
25.3999999999999986
 50
270.0
  0
INSERT
  5
FA9
  8
_G01-IND-3GEN_DRILLS
  6
CONTINUOUS
  2
ROUND_99
 10
-72.2629999592119248
 20
89.4080000407880249
 30
0.0
 41
-25.3999999999999986
 42
25.3999999999999986
 43
25.3999999999999986
 50
270.0
  0
INSERT
  5
FAA
  8
_G01-IND-3GEN_DRILLS
  6
CONTINUOUS
  2
ROUND_99
 10
-67.3099999592119218
 20
90.4240000407880018
 30
0.0
 41
-25.3999999999999986
 42
25.3999999999999986
 43
25.3999999999999986
 50
270.0
  0
INSERT
  5
FAB
  8
_G01-IND-3GEN_DRILLS
  6
CONTINUOUS
  2
ROUND_99
 10
-72.2629999592119248
 20
90.4240000407880018
 30
0.0
 41
-25.3999999999999986
 42
25.3999999999999986
 43
25.3999999999999986
 50
270.0
  0
INSERT
  5
FAC
  8
_G01-IND-3GEN_DRILLS
  6
CONTINUOUS
  2
ROUND_99
 10
-49.0219999592119322
 20
145.6690000407880063
 30
0.0
 41
-25.3999999999999986
 42
25.3999999999999986
 43
25.3999999999999986
 50
270.0
  0
INSERT
  5
FAD
  8
_G01-IND-3GEN_DRILLS
  6
CONTINUOUS
  2
ROUND_99
 10
-52.9589999592119085
 20
143.6370000407879104
 30
0.0
 41
-25.3999999999999986
 42
25.3999999999999986
 43
25.3999999999999986
 50
270.0
  0
INSERT
  5
FAE
  8
_G01-IND-3GEN_DRILLS
  6
CONTINUOUS
  2
ROUND_99
 10
-44.7039999592119273
 20
149.6060000407879897
 30
0.0
 41
-25.3999999999999986
 42
25.3999999999999986
 43
25.3999999999999986
 50
270.0
  0
INSERT
  5
FAF
  8
_G01-IND-3GEN_DRILLS
  6
CONTINUOUS
  2
ROUND_99
 10
-44.7039999592119273
 20
144.0180000407879959
 30
0.0
 41
-25.3999999999999986
 42
25.3999999999999986
 43
25.3999999999999986
 50
270.0
  0
INSERT
  5
FB0
  8
_G01-IND-3GEN_DRILLS
  6
CONTINUOUS
  2
ROUND_99
 10
-49.0219999592119322
 20
148.3360000407880079
 30
0.0
 41
-25.3999999999999986
 42
25.3999999999999986
 43
25.3999999999999986
 50
270.0
  0
INSERT
  5
FB1
  8
_G01-IND-3GEN_DRILLS
  6
CONTINUOUS
  2
ROUND_99
 10
-49.1489999592119204
 20
151.5110000407879909
 30
0.0
 41
-25.3999999999999986
 42
25.3999999999999986
 43
25.3999999999999986
 50
270.0
  0
INSERT
  5
FB2
  8
_G01-IND-3GEN_DRILLS
  6
CONTINUOUS
  2
ROUND_99
 10
-44.7039999592119273
 20
147.0660000407879977
 30
0.0
 41
-25.3999999999999986
 42
25.3999999999999986
 43
25.3999999999999986
 50
270.0
  0
INSERT
  5
FB3
  8
_G01-IND-3GEN_DRILLS
  6
CONTINUOUS
  2
ROUND_99
 10
-49.0219999592119322
 20
146.9390000407879882
 30
0.0
 41
-25.3999999999999986
 42
25.3999999999999986
 43
25.3999999999999986
 50
270.0
  0
INSERT
  5
FB4
  8
_G01-IND-3GEN_DRILLS
  6
CONTINUOUS
  2
ROUND_99
 10
-35.940999959211922
 20
148.3360000407880079
 30
0.0
 41
-25.3999999999999986
 42
25.3999999999999986
 43
25.3999999999999986
 50
270.0
  0
INSERT
  5
FB5
  8
_G01-IND-3GEN_DRILLS
  6
CONTINUOUS
  2
ROUND_99
 10
-45.7199999592119326
 20
148.3360000407880079
 30
0.0
 41
-25.3999999999999986
 42
25.3999999999999986
 43
25.3999999999999986
 50
270.0
  0
INSERT
  5
FB6
  8
_G01-IND-3GEN_DRILLS
  6
CONTINUOUS
  2
ROUND_99
 10
-13.71599995921191
 20
151.3840000407880098
 30
0.0
 41
-25.3999999999999986
 42
25.3999999999999986
 43
25.3999999999999986
 50
270.0
  0
INSERT
  5
FB7
  8
_G01-IND-3GEN_DRILLS
  6
CONTINUOUS
  2
ROUND_99
 10
-45.7199999592119326
 20
145.7960000407879875
 30
0.0
 41
-25.3999999999999986
 42
25.3999999999999986
 43
25.3999999999999986
 50
270.0
  0
INSERT
  5
FB8
  8
_G01-IND-3GEN_DRILLS
  6
CONTINUOUS
  2
ROUND_99
 10
-35.940999959211922
 20
147.0660000407879977
 30
0.0
 41
-25.3999999999999986
 42
25.3999999999999986
 43
25.3999999999999986
 50
270.0
  0
INSERT
  5
FB9
  8
_G01-IND-3GEN_DRILLS
  6
CONTINUOUS
  2
ROUND_99
 10
-45.0849999592119204
 20
129.2860000407879966
 30
0.0
 41
-25.3999999999999986
 42
25.3999999999999986
 43
25.3999999999999986
 50
270.0
  0
INSERT
  5
FBA
  8
_G01-IND-3GEN_DRILLS
  6
CONTINUOUS
  2
ROUND_99
 10
-45.7199999592119326
 20
151.5110000407879909
 30
0.0
 41
-25.3999999999999986
 42
25.3999999999999986
 43
25.3999999999999986
 50
270.0
  0
INSERT
  5
FBB
  8
_G01-IND-3GEN_DRILLS
  6
CONTINUOUS
  2
ROUND_99
 10
-11.4299999592119406
 20
151.3840000407880098
 30
0.0
 41
-25.3999999999999986
 42
25.3999999999999986
 43
25.3999999999999986
 50
270.0
  0
INSERT
  5
FBC
  8
_G01-IND-3GEN_DRILLS
  6
CONTINUOUS
  2
ROUND_99
 10
-84.0739999592119176
 20
61.8490000407880132
 30
0.0
 41
-25.3999999999999986
 42
25.3999999999999986
 43
25.3999999999999986
 50
270.0
  0
INSERT
  5
FBD
  8
_G01-IND-3GEN_DRILLS
  6
CONTINUOUS
  2
ROUND_99
 10
9.3980000407881104
 20
84.7090000407880552
 30
0.0
 41
-25.3999999999999986
 42
25.3999999999999986
 43
25.3999999999999986
 50
270.0
  0
INSERT
  5
FBE
  8
_G01-IND-3GEN_DRILLS
  6
CONTINUOUS
  2
ROUND_99
 10
2.9210000407880901
 20
84.201000040788017
 30
0.0
 41
-25.3999999999999986
 42
25.3999999999999986
 43
25.3999999999999986
 50
270.0
  0
INSERT
  5
FBF
  8
_G01-IND-3GEN_DRILLS
  6
CONTINUOUS
  2
ROUND_99
 10
-54.3559999592119283
 20
146.8120000407878933
 30
0.0
 41
-25.3999999999999986
 42
25.3999999999999986
 43
25.3999999999999986
 50
270.0
  0
INSERT
  5
FC0
  8
_G01-IND-3GEN_DRILLS
  6
CONTINUOUS
  2
ROUND_99
 10
-54.3559999592119283
 20
141.2240000407880132
 30
0.0
 41
-25.3999999999999986
 42
25.3999999999999986
 43
25.3999999999999986
 50
270.0
  0
INSERT
  5
FC1
  8
_G01-IND-3GEN_DRILLS
  6
CONTINUOUS
  2
ROUND_99
 10
-85.8519999592119092
 20
141.6050000407880134
 30
0.0
 41
-25.3999999999999986
 42
25.3999999999999986
 43
25.3999999999999986
 50
270.0
  0
INSERT
  5
FC2
  8
_G01-IND-3GEN_DRILLS
  6
CONTINUOUS
  2
ROUND_99
 10
-85.9789999592119045
 20
67.4370000407880212
 30
0.0
 41
-25.3999999999999986
 42
25.3999999999999986
 43
25.3999999999999986
 50
270.0
  0
INSERT
  5
FC3
  8
_G01-IND-3GEN_DRILLS
  6
CONTINUOUS
  2
ROUND_99
 10
-72.6439999592118966
 20
64.2620000407880241
 30
0.0
 41
-25.3999999999999986
 42
25.3999999999999986
 43
25.3999999999999986
 50
270.0
  0
INSERT
  5
FC4
  8
_G01-IND-3GEN_DRILLS
  6
CONTINUOUS
  2
ROUND_99
 10
-70.484999959211919
 20
61.722000040788032
 30
0.0
 41
-25.3999999999999986
 42
25.3999999999999986
 43
25.3999999999999986
 50
270.0
  0
INSERT
  5
FC5
  8
_G01-IND-3GEN_DRILLS
  6
CONTINUOUS
  2
ROUND_99
 10
-67.1829999592118838
 20
56.5150000407879816
 30
0.0
 41
-25.3999999999999986
 42
25.3999999999999986
 43
25.3999999999999986
 50
270.0
  0
INSERT
  5
FC6
  8
_G01-IND-3GEN_DRILLS
  6
CONTINUOUS
  2
ROUND_99
 10
-15.3669999592119204
 20
67.6910000407880119
 30
0.0
 41
-25.3999999999999986
 42
25.3999999999999986
 43
25.3999999999999986
 50
270.0
  0
INSERT
  5
FC7
  8
_G01-IND-3GEN_DRILLS
  6
CONTINUOUS
  2
ROUND_99
 10
-5.9689999592118994
 20
112.7760000407880057
 30
0.0
 41
-25.3999999999999986
 42
25.3999999999999986
 43
25.3999999999999986
 50
270.0
  0
INSERT
  5
FC8
  8
_G01-IND-3GEN_DRILLS
  6
CONTINUOUS
  2
ROUND_99
 10
104.7750000407880009
 20
83.439000040788045
 30
0.0
 41
-25.3999999999999986
 42
25.3999999999999986
 43
25.3999999999999986
 50
270.0
  0
INSERT
  5
FC9
  8
_G01-IND-3GEN_DRILLS
  6
CONTINUOUS
  2
ROUND_99
 10
108.7120000407879985
 20
86.9950000407880566
 30
0.0
 41
-25.3999999999999986
 42
25.3999999999999986
 43
25.3999999999999986
 50
270.0
  0
INSERT
  5
FCA
  8
_G01-IND-3GEN_DRILLS
  6
CONTINUOUS
  2
ROUND_99
 10
105.410000040788006
 20
56.8960000407880813
 30
0.0
 41
-25.3999999999999986
 42
25.3999999999999986
 43
25.3999999999999986
 50
270.0
  0
INSERT
  5
FCB
  8
_G01-IND-3GEN_DRILLS
  6
CONTINUOUS
  2
ROUND_99
 10
-52.7049999592119391
 20
165.8620000407879047
 30
0.0
 41
-25.3999999999999986
 42
25.3999999999999986
 43
25.3999999999999986
 50
270.0
  0
INSERT
  5
FCC
  8
_G01-IND-3GEN_DRILLS
  6
CONTINUOUS
  2
ROUND_99
 10
-45.7199999592119326
 20
156.9720000407880036
 30
0.0
 41
-25.3999999999999986
 42
25.3999999999999986
 43
25.3999999999999986
 50
270.0
  0
INSERT
  5
FCD
  8
_G01-IND-3GEN_DRILLS
  6
CONTINUOUS
  2
ROUND_99
 10
-50.7999999592119096
 20
161.4170000407879968
 30
0.0
 41
-25.3999999999999986
 42
25.3999999999999986
 43
25.3999999999999986
 50
270.0
  0
INSERT
  5
FCE
  8
_G01-IND-3GEN_DRILLS
  6
CONTINUOUS
  2
ROUND_99
 10
-58.9279999592119097
 20
127.1270000407880048
 30
0.0
 41
-25.3999999999999986
 42
25.3999999999999986
 43
25.3999999999999986
 50
270.0
  0
INSERT
  5
FCF
  8
_G01-IND-3GEN_DRILLS
  6
CONTINUOUS
  2
ROUND_99
 10
-67.6909999592119078
 20
121.9200000407879969
 30
0.0
 41
-25.3999999999999986
 42
25.3999999999999986
 43
25.3999999999999986
 50
270.0
  0
INSERT
  5
FD0
  8
_G01-IND-3GEN_DRILLS
  6
CONTINUOUS
  2
ROUND_99
 10
-85.9789999592119045
 20
121.6660000407880062
 30
0.0
 41
-25.3999999999999986
 42
25.3999999999999986
 43
25.3999999999999986
 50
270.0
  0
INSERT
  5
FD1
  8
_G01-IND-3GEN_DRILLS
  6
CONTINUOUS
  2
ROUND_99
 10
-75.3109999592119124
 20
50.6730000407880183
 30
0.0
 41
-25.3999999999999986
 42
25.3999999999999986
 43
25.3999999999999986
 50
270.0
  0
INSERT
  5
FD2
  8
_G01-IND-3GEN_DRILLS
  6
CONTINUOUS
  2
ROUND_99
 10
-50.2919999592119211
 20
126.7460000407880045
 30
0.0
 41
-25.3999999999999986
 42
25.3999999999999986
 43
25.3999999999999986
 50
270.0
  0
INSERT
  5
FD3
  8
_G01-IND-3GEN_DRILLS
  6
CONTINUOUS
  2
ROUND_99
 10
-55.8799999592119079
 20
134.4930000407879902
 30
0.0
 41
-25.3999999999999986
 42
25.3999999999999986
 43
25.3999999999999986
 50
270.0
  0
INSERT
  5
FD4
  8
_G01-IND-3GEN_DRILLS
  6
CONTINUOUS
  2
ROUND_99
 10
-29.4639999592119217
 20
131.3180000407878936
 30
0.0
 41
-25.3999999999999986
 42
25.3999999999999986
 43
25.3999999999999986
 50
270.0
  0
INSERT
  5
FD5
  8
_G01-IND-3GEN_DRILLS
  6
CONTINUOUS
  2
ROUND_99
 10
-59.562999959211929
 20
161.4170000407879968
 30
0.0
 41
-25.3999999999999986
 42
25.3999999999999986
 43
25.3999999999999986
 50
270.0
  0
INSERT
  5
FD6
  8
_G01-IND-3GEN_DRILLS
  6
CONTINUOUS
  2
ROUND_99
 10
-59.562999959211929
 20
159.7660000407879863
 30
0.0
 41
-25.3999999999999986
 42
25.3999999999999986
 43
25.3999999999999986
 50
270.0
  0
INSERT
  5
FD7
  8
_G01-IND-3GEN_DRILLS
  6
CONTINUOUS
  2
ROUND_99
 10
16.1290000407880783
 20
194.3100000407879975
 30
0.0
 41
-25.3999999999999986
 42
25.3999999999999986
 43
25.3999999999999986
 50
270.0
  0
INSERT
  5
FD8
  8
_G01-IND-3GEN_DRILLS
  6
CONTINUOUS
  2
ROUND_99
 10
-60.9599999592119204
 20
144.6530000407879015
 30
0.0
 41
-25.3999999999999986
 42
25.3999999999999986
 43
25.3999999999999986
 50
270.0
  0
INSERT
  5
FD9
  8
_G01-IND-3GEN_DRILLS
  6
CONTINUOUS
  2
ROUND_99
 10
-72.3899999592119059
 20
108.9660000407880034
 30
0.0
 41
-25.3999999999999986
 42
25.3999999999999986
 43
25.3999999999999986
 50
270.0
  0
INSERT
  5
FDA
  8
_G01-IND-3GEN_DRILLS
  6
CONTINUOUS
  2
ROUND_99
 10
-50.0379999592119304
 20
112.7760000407880057
 30
0.0
 41
-25.3999999999999986
 42
25.3999999999999986
 43
25.3999999999999986
 50
270.0
  0
INSERT
  5
FDB
  8
_G01-IND-3GEN_DRILLS
  6
CONTINUOUS
  2
ROUND_99
 10
-17.9069999592118911
 20
22.8600000407880017
 30
0.0
 41
-25.3999999999999986
 42
25.3999999999999986
 43
25.3999999999999986
 50
270.0
  0
INSERT
  5
FDC
  8
_G01-IND-3GEN_DRILLS
  6
CONTINUOUS
  2
ROUND_99
 10
-72.2629999592119106
 20
76.3270000407880076
 30
0.0
 41
-25.3999999999999986
 42
25.3999999999999986
 43
25.3999999999999986
 50
270.0
  0
INSERT
  5
FDD
  8
_G01-IND-3GEN_DRILLS
  6
CONTINUOUS
  2
ROUND_99
 10
-72.2629999592119106
 20
84.2010000407879744
 30
0.0
 41
-25.3999999999999986
 42
25.3999999999999986
 43
25.3999999999999986
 50
270.0
  0
INSERT
  5
FDE
  8
_G01-IND-3GEN_DRILLS
  6
CONTINUOUS
  2
ROUND_99
 10
-5.8419999592119254
 20
13.9700000407880598
 30
0.0
 41
-25.3999999999999986
 42
25.3999999999999986
 43
25.3999999999999986
 50
270.0
  0
INSERT
  5
FDF
  8
_G01-IND-3GEN_DRILLS
  6
CONTINUOUS
  2
ROUND_99
 10
-77.8509999592119186
 20
91.1860000407880307
 30
0.0
 41
-25.3999999999999986
 42
25.3999999999999986
 43
25.3999999999999986
 50
270.0
  0
INSERT
  5
FE0
  8
_G01-IND-3GEN_DRILLS
  6
CONTINUOUS
  2
ROUND_99
 10
-78.6129999592119333
 20
99.4410000407880119
 30
0.0
 41
-25.3999999999999986
 42
25.3999999999999986
 43
25.3999999999999986
 50
270.0
  0
INSERT
  5
FE1
  8
_G01-IND-3GEN_DRILLS
  6
CONTINUOUS
  2
ROUND_99
 10
-51.1809999592119169
 20
127.6350000407880003
 30
0.0
 41
-25.3999999999999986
 42
25.3999999999999986
 43
25.3999999999999986
 50
270.0
  0
INSERT
  5
FE2
  8
_G01-IND-3GEN_DRILLS
  6
CONTINUOUS
  2
ROUND_99
 10
-53.2129999592119276
 20
135.6360000407879909
 30
0.0
 41
-25.3999999999999986
 42
25.3999999999999986
 43
25.3999999999999986
 50
270.0
  0
INSERT
  5
FE3
  8
_G01-IND-3GEN_DRILLS
  6
CONTINUOUS
  2
ROUND_99
 10
-44.5769999592119319
 20
133.0960000407879988
 30
0.0
 41
-25.3999999999999986
 42
25.3999999999999986
 43
25.3999999999999986
 50
270.0
  0
INSERT
  5
FE4
  8
_G01-IND-3GEN_DRILLS
  6
CONTINUOUS
  2
ROUND_99
 10
-44.7039999592118988
 20
121.5390000407879967
 30
0.0
 41
-25.3999999999999986
 42
25.3999999999999986
 43
25.3999999999999986
 50
270.0
  0
INSERT
  5
FE5
  8
_G01-IND-3GEN_DRILLS
  6
CONTINUOUS
  2
ROUND_99
 10
-29.4639999592119217
 20
64.8970000407880292
 30
0.0
 41
-25.3999999999999986
 42
25.3999999999999986
 43
25.3999999999999986
 50
270.0
  0
INSERT
  5
FE6
  8
_G01-IND-3GEN_DRILLS
  6
CONTINUOUS
  2
ROUND_99
 10
-31.2049134192118984
 20
114.9060465807880007
 30
0.0
 41
-25.3999999999999986
 42
25.3999999999999986
 43
25.3999999999999986
 50
270.0
  0
INSERT
  5
FE7
  8
_G01-IND-3GEN_DRILLS
  6
CONTINUOUS
  2
ROUND_99
 10
-33.2049119592119268
 20
114.9060465807880007
 30
0.0
 41
-25.3999999999999986
 42
25.3999999999999986
 43
25.3999999999999986
 50
270.0
  0
INSERT
  5
FE8
  8
_G01-IND-3GEN_DRILLS
  6
CONTINUOUS
  2
ROUND_99
 10
-24.0029999592119196
 20
54.3560000407880466
 30
0.0
 41
-25.3999999999999986
 42
25.3999999999999986
 43
25.3999999999999986
 50
270.0
  0
INSERT
  5
FE9
  8
_G01-IND-3GEN_DRILLS
  6
CONTINUOUS
  2
ROUND_99
 10
-23.8759999592118994
 20
40.3860000407880335
 30
0.0
 41
-25.3999999999999986
 42
25.3999999999999986
 43
25.3999999999999986
 50
270.0
  0
INSERT
  5
FEA
  8
_G01-IND-3GEN_DRILLS
  6
CONTINUOUS
  2
ROUND_99
 10
-28.0669999592118984
 20
53.4670000407880508
 30
0.0
 41
-25.3999999999999986
 42
25.3999999999999986
 43
25.3999999999999986
 50
270.0
  0
INSERT
  5
FEB
  8
_G01-IND-3GEN_DRILLS
  6
CONTINUOUS
  2
ROUND_99
 10
-51.9429999592119103
 20
42.9260000407879829
 30
0.0
 41
-25.3999999999999986
 42
25.3999999999999986
 43
25.3999999999999986
 50
270.0
  0
INSERT
  5
FEC
  8
_G01-IND-3GEN_DRILLS
  6
CONTINUOUS
  2
ROUND_99
 10
-24.256999959211921
 20
58.9280000407880422
 30
0.0
 41
-25.3999999999999986
 42
25.3999999999999986
 43
25.3999999999999986
 50
270.0
  0
INSERT
  5
FED
  8
_G01-IND-3GEN_DRILLS
  6
CONTINUOUS
  2
ROUND_99
 10
-32.2049164992119117
 20
114.9060465807880007
 30
0.0
 41
-25.3999999999999986
 42
25.3999999999999986
 43
25.3999999999999986
 50
270.0
  0
INSERT
  5
FEE
  8
_G01-IND-3GEN_DRILLS
  6
CONTINUOUS
  2
ROUND_99
 10
-26.6699999592119106
 20
54.3560000407880466
 30
0.0
 41
-25.3999999999999986
 42
25.3999999999999986
 43
25.3999999999999986
 50
270.0
  0
INSERT
  5
FEF
  8
_G01-IND-3GEN_DRILLS
  6
CONTINUOUS
  2
ROUND_99
 10
-51.9429999592119103
 20
41.9100000407879989
 30
0.0
 41
-25.3999999999999986
 42
25.3999999999999986
 43
25.3999999999999986
 50
270.0
  0
INSERT
  5
FF0
  8
_G01-IND-3GEN_DRILLS
  6
CONTINUOUS
  2
ROUND_99
 10
-28.0669999592118984
 20
54.8640000407880422
 30
0.0
 41
-25.3999999999999986
 42
25.3999999999999986
 43
25.3999999999999986
 50
270.0
  0
INSERT
  5
FF1
  8
_G01-IND-3GEN_DRILLS
  6
CONTINUOUS
  2
ROUND_99
 10
-53.0859999592119109
 20
42.9260000407879829
 30
0.0
 41
-25.3999999999999986
 42
25.3999999999999986
 43
25.3999999999999986
 50
270.0
  0
INSERT
  5
FF2
  8
_G01-IND-3GEN_DRILLS
  6
CONTINUOUS
  2
ROUND_99
 10
-52.9589999592118872
 20
55.2450000407880566
 30
0.0
 41
-25.3999999999999986
 42
25.3999999999999986
 43
25.3999999999999986
 50
270.0
  0
INSERT
  5
FF3
  8
_G01-IND-3GEN_DRILLS
  6
CONTINUOUS
  2
ROUND_99
 10
-36.0679999592119103
 20
64.0080000407880192
 30
0.0
 41
-25.3999999999999986
 42
25.3999999999999986
 43
25.3999999999999986
 50
270.0
  0
INSERT
  5
FF4
  8
_G01-IND-3GEN_DRILLS
  6
CONTINUOUS
  2
ROUND_99
 10
-36.0679999592119103
 20
62.3570000407879874
 30
0.0
 41
-25.3999999999999986
 42
25.3999999999999986
 43
25.3999999999999986
 50
270.0
  0
INSERT
  5
FF5
  8
_G01-IND-3GEN_DRILLS
  6
CONTINUOUS
  2
ROUND_99
 10
-52.9589999592118872
 20
54.2290000407879802
 30
0.0
 41
-25.3999999999999986
 42
25.3999999999999986
 43
25.3999999999999986
 50
270.0
  0
INSERT
  5
FF6
  8
_G01-IND-3GEN_DRILLS
  6
CONTINUOUS
  2
ROUND_99
 10
-51.9429999592119103
 20
55.2450000407880566
 30
0.0
 41
-25.3999999999999986
 42
25.3999999999999986
 43
25.3999999999999986
 50
270.0
  0
INSERT
  5
FF7
  8
_G01-IND-3GEN_DRILLS
  6
CONTINUOUS
  2
ROUND_99
 10
-37.3379999592119134
 20
64.0080000407880192
 30
0.0
 41
-25.3999999999999986
 42
25.3999999999999986
 43
25.3999999999999986
 50
270.0
  0
INSERT
  5
FF8
  8
_G01-IND-3GEN_DRILLS
  6
CONTINUOUS
  2
ROUND_99
 10
-38.9889999592119167
 20
62.9920000407880494
 30
0.0
 41
-25.3999999999999986
 42
25.3999999999999986
 43
25.3999999999999986
 50
270.0
  0
INSERT
  5
FF9
  8
_G01-IND-3GEN_DRILLS
  6
CONTINUOUS
  2
ROUND_99
 10
-27.6859999592119088
 20
58.9280000407880422
 30
0.0
 41
-25.3999999999999986
 42
25.3999999999999986
 43
25.3999999999999986
 50
270.0
  0
INSERT
  5
FFA
  8
_G01-IND-3GEN_DRILLS
  6
CONTINUOUS
  2
ROUND_99
 10
-51.9429999592119103
 20
54.2290000407879802
 30
0.0
 41
-25.3999999999999986
 42
25.3999999999999986
 43
25.3999999999999986
 50
270.0
  0
INSERT
  5
FFB
  8
_G01-IND-3GEN_DRILLS
  6
CONTINUOUS
  2
ROUND_99
 10
-38.9889999592119167
 20
64.0080000407880192
 30
0.0
 41
-25.3999999999999986
 42
25.3999999999999986
 43
25.3999999999999986
 50
270.0
  0
INSERT
  5
FFC
  8
_G01-IND-3GEN_DRILLS
  6
CONTINUOUS
  2
ROUND_99
 10
-51.9429999592119103
 20
53.3400000407879915
 30
0.0
 41
-25.3999999999999986
 42
25.3999999999999986
 43
25.3999999999999986
 50
270.0
  0
INSERT
  5
FFD
  8
_G01-IND-3GEN_DRILLS
  6
CONTINUOUS
  2
ROUND_99
 10
-40.2589999592118772
 20
62.9920000407880494
 30
0.0
 41
-25.3999999999999986
 42
25.3999999999999986
 43
25.3999999999999986
 50
270.0
  0
INSERT
  5
FFE
  8
_G01-IND-3GEN_DRILLS
  6
CONTINUOUS
  2
ROUND_99
 10
-50.418999959211888
 20
55.2450000407880566
 30
0.0
 41
-25.3999999999999986
 42
25.3999999999999986
 43
25.3999999999999986
 50
270.0
  0
INSERT
  5
FFF
  8
_G01-IND-3GEN_DRILLS
  6
CONTINUOUS
  2
ROUND_99
 10
-50.418999959211888
 20
54.2290000407879802
 30
0.0
 41
-25.3999999999999986
 42
25.3999999999999986
 43
25.3999999999999986
 50
270.0
  0
INSERT
  5
1000
  8
_G01-IND-3GEN_DRILLS
  6
CONTINUOUS
  2
ROUND_99
 10
-40.2589999592118772
 20
64.0080000407880192
 30
0.0
 41
-25.3999999999999986
 42
25.3999999999999986
 43
25.3999999999999986
 50
270.0
  0
INSERT
  5
1001
  8
_G01-IND-3GEN_DRILLS
  6
CONTINUOUS
  2
ROUND_99
 10
-51.9429999592119103
 20
48.5140000407880407
 30
0.0
 41
-25.3999999999999986
 42
25.3999999999999986
 43
25.3999999999999986
 50
270.0
  0
INSERT
  5
1002
  8
_G01-IND-3GEN_DRILLS
  6
CONTINUOUS
  2
ROUND_99
 10
-41.5289999592119088
 20
64.0080000407880192
 30
0.0
 41
-25.3999999999999986
 42
25.3999999999999986
 43
25.3999999999999986
 50
270.0
  0
INSERT
  5
1003
  8
_G01-IND-3GEN_DRILLS
  6
CONTINUOUS
  2
ROUND_99
 10
-43.1799999592118908
 20
62.9920000407880494
 30
0.0
 41
-25.3999999999999986
 42
25.3999999999999986
 43
25.3999999999999986
 50
270.0
  0
INSERT
  5
1004
  8
_G01-IND-3GEN_DRILLS
  6
CONTINUOUS
  2
ROUND_99
 10
-32.2579999592119009
 20
54.8640000407880422
 30
0.0
 41
-25.3999999999999986
 42
25.3999999999999986
 43
25.3999999999999986
 50
270.0
  0
INSERT
  5
1005
  8
_G01-IND-3GEN_DRILLS
  6
CONTINUOUS
  2
ROUND_99
 10
-36.1949999592119127
 20
53.5940000407880319
 30
0.0
 41
-25.3999999999999986
 42
25.3999999999999986
 43
25.3999999999999986
 50
270.0
  0
INSERT
  5
1006
  8
_G01-IND-3GEN_DRILLS
  6
CONTINUOUS
  2
ROUND_99
 10
-43.1799999592118908
 20
64.0080000407880192
 30
0.0
 41
-25.3999999999999986
 42
25.3999999999999986
 43
25.3999999999999986
 50
270.0
  0
INSERT
  5
1007
  8
_G01-IND-3GEN_DRILLS
  6
CONTINUOUS
  2
ROUND_99
 10
-34.7979999592118929
 20
61.0870000407880127
 30
0.0
 41
-25.3999999999999986
 42
25.3999999999999986
 43
25.3999999999999986
 50
270.0
  0
INSERT
  5
1008
  8
_G01-IND-3GEN_DRILLS
  6
CONTINUOUS
  2
ROUND_99
 10
-36.1949999592119127
 20
58.8010000407879829
 30
0.0
 41
-25.3999999999999986
 42
25.3999999999999986
 43
25.3999999999999986
 50
270.0
  0
INSERT
  5
1009
  8
_G01-IND-3GEN_DRILLS
  6
CONTINUOUS
  2
ROUND_99
 10
-44.4499999592119082
 20
64.0080000407880192
 30
0.0
 41
-25.3999999999999986
 42
25.3999999999999986
 43
25.3999999999999986
 50
270.0
  0
INSERT
  5
100A
  8
_G01-IND-3GEN_DRILLS
  6
CONTINUOUS
  2
ROUND_99
 10
-37.2109999592119109
 20
59.1820000407879903
 30
0.0
 41
-25.3999999999999986
 42
25.3999999999999986
 43
25.3999999999999986
 50
270.0
  0
INSERT
  5
100B
  8
_G01-IND-3GEN_DRILLS
  6
CONTINUOUS
  2
ROUND_99
 10
-44.4499999592119082
 20
62.9920000407880494
 30
0.0
 41
-25.3999999999999986
 42
25.3999999999999986
 43
25.3999999999999986
 50
270.0
  0
INSERT
  5
100C
  8
_G01-IND-3GEN_DRILLS
  6
CONTINUOUS
  2
ROUND_99
 10
-33.5279999592119182
 20
53.5940000407880319
 30
0.0
 41
-25.3999999999999986
 42
25.3999999999999986
 43
25.3999999999999986
 50
270.0
  0
INSERT
  5
100D
  8
_G01-IND-3GEN_DRILLS
  6
CONTINUOUS
  2
ROUND_99
 10
-45.973999959211902
 20
64.0080000407880192
 30
0.0
 41
-25.3999999999999986
 42
25.3999999999999986
 43
25.3999999999999986
 50
270.0
  0
INSERT
  5
100E
  8
_G01-IND-3GEN_DRILLS
  6
CONTINUOUS
  2
ROUND_99
 10
-34.7979999592118929
 20
54.8640000407880422
 30
0.0
 41
-25.3999999999999986
 42
25.3999999999999986
 43
25.3999999999999986
 50
270.0
  0
INSERT
  5
100F
  8
_G01-IND-3GEN_DRILLS
  6
CONTINUOUS
  2
ROUND_99
 10
-28.0669999592118984
 20
52.3240000407880075
 30
0.0
 41
-25.3999999999999986
 42
25.3999999999999986
 43
25.3999999999999986
 50
270.0
  0
INSERT
  5
1010
  8
_G01-IND-3GEN_DRILLS
  6
CONTINUOUS
  2
ROUND_99
 10
-45.973999959211902
 20
62.9920000407880494
 30
0.0
 41
-25.3999999999999986
 42
25.3999999999999986
 43
25.3999999999999986
 50
270.0
  0
INSERT
  5
1011
  8
_G01-IND-3GEN_DRILLS
  6
CONTINUOUS
  2
ROUND_99
 10
-34.7979999592118929
 20
53.5940000407880319
 30
0.0
 41
-25.3999999999999986
 42
25.3999999999999986
 43
25.3999999999999986
 50
270.0
  0
INSERT
  5
1012
  8
_G01-IND-3GEN_DRILLS
  6
CONTINUOUS
  2
ROUND_99
 10
-28.0669999592118984
 20
51.3080000407880235
 30
0.0
 41
-25.3999999999999986
 42
25.3999999999999986
 43
25.3999999999999986
 50
270.0
  0
INSERT
  5
1013
  8
_G01-IND-3GEN_DRILLS
  6
CONTINUOUS
  2
ROUND_99
 10
-47.2439999592118909
 20
64.0080000407880192
 30
0.0
 41
-25.3999999999999986
 42
25.3999999999999986
 43
25.3999999999999986
 50
270.0
  0
INSERT
  5
1014
  8
_G01-IND-3GEN_DRILLS
  6
CONTINUOUS
  2
ROUND_99
 10
-32.2579999592119009
 20
52.0700000407880523
 30
0.0
 41
-25.3999999999999986
 42
25.3999999999999986
 43
25.3999999999999986
 50
270.0
  0
INSERT
  5
1015
  8
_G01-IND-3GEN_DRILLS
  6
CONTINUOUS
  2
ROUND_99
 10
-47.2439999592118909
 20
62.4840000407880112
 30
0.0
 41
-25.3999999999999986
 42
25.3999999999999986
 43
25.3999999999999986
 50
270.0
  0
INSERT
  5
1016
  8
_G01-IND-3GEN_DRILLS
  6
CONTINUOUS
  2
ROUND_99
 10
-36.1949999592119127
 20
54.8640000407880422
 30
0.0
 41
-25.3999999999999986
 42
25.3999999999999986
 43
25.3999999999999986
 50
270.0
  0
INSERT
  5
1017
  8
_G01-IND-3GEN_DRILLS
  6
CONTINUOUS
  2
ROUND_99
 10
-30.4799999592118986
 20
54.3560000407880466
 30
0.0
 41
-25.3999999999999986
 42
25.3999999999999986
 43
25.3999999999999986
 50
270.0
  0
INSERT
  5
1018
  8
_G01-IND-3GEN_DRILLS
  6
CONTINUOUS
  2
ROUND_99
 10
-48.6409999592118893
 20
62.6110000407880278
 30
0.0
 41
-25.3999999999999986
 42
25.3999999999999986
 43
25.3999999999999986
 50
270.0
  0
INSERT
  5
1019
  8
_G01-IND-3GEN_DRILLS
  6
CONTINUOUS
  2
ROUND_99
 10
-29.8449999592119113
 20
55.2450000407880566
 30
0.0
 41
-25.3999999999999986
 42
25.3999999999999986
 43
25.3999999999999986
 50
270.0
  0
INSERT
  5
101A
  8
_G01-IND-3GEN_DRILLS
  6
CONTINUOUS
  2
ROUND_99
 10
-37.2109999592119109
 20
54.8640000407880422
 30
0.0
 41
-25.3999999999999986
 42
25.3999999999999986
 43
25.3999999999999986
 50
270.0
  0
INSERT
  5
101B
  8
_G01-IND-3GEN_DRILLS
  6
CONTINUOUS
  2
ROUND_99
 10
-50.926999959211912
 20
63.8810000407880523
 30
0.0
 41
-25.3999999999999986
 42
25.3999999999999986
 43
25.3999999999999986
 50
270.0
  0
INSERT
  5
101C
  8
_G01-IND-3GEN_DRILLS
  6
CONTINUOUS
  2
ROUND_99
 10
-50.418999959211888
 20
49.2760000407879701
 30
0.0
 41
-25.3999999999999986
 42
25.3999999999999986
 43
25.3999999999999986
 50
270.0
  0
INSERT
  5
101D
  8
_G01-IND-3GEN_DRILLS
  6
CONTINUOUS
  2
ROUND_99
 10
-50.926999959211912
 20
62.6110000407880278
 30
0.0
 41
-25.3999999999999986
 42
25.3999999999999986
 43
25.3999999999999986
 50
270.0
  0
INSERT
  5
101E
  8
_G01-IND-3GEN_DRILLS
  6
CONTINUOUS
  2
ROUND_99
 10
-51.1809999592119027
 20
40.5130000407880004
 30
0.0
 41
-25.3999999999999986
 42
25.3999999999999986
 43
25.3999999999999986
 50
270.0
  0
INSERT
  5
101F
  8
_G01-IND-3GEN_DRILLS
  6
CONTINUOUS
  2
ROUND_99
 10
-52.1969999592119009
 20
63.8810000407880523
 30
0.0
 41
-25.3999999999999986
 42
25.3999999999999986
 43
25.3999999999999986
 50
270.0
  0
INSERT
  5
1020
  8
_G01-IND-3GEN_DRILLS
  6
CONTINUOUS
  2
ROUND_99
 10
-41.5289999592119088
 20
37.2110000407880435
 30
0.0
 41
-25.3999999999999986
 42
25.3999999999999986
 43
25.3999999999999986
 50
270.0
  0
INSERT
  5
1021
  8
_G01-IND-3GEN_DRILLS
  6
CONTINUOUS
  2
ROUND_99
 10
-41.6559999592119183
 20
155.4480000407880027
 30
0.0
 41
-25.3999999999999986
 42
25.3999999999999986
 43
25.3999999999999986
 50
270.0
  0
INSERT
  5
1022
  8
_G01-IND-3GEN_DRILLS
  6
CONTINUOUS
  2
ROUND_99
 10
-41.0209999592119203
 20
125.8570000407879945
 30
0.0
 41
-25.3999999999999986
 42
25.3999999999999986
 43
25.3999999999999986
 50
270.0
  0
INSERT
  5
1023
  8
_G01-IND-3GEN_DRILLS
  6
CONTINUOUS
  2
ROUND_99
 10
-29.4639999592119217
 20
142.1130000407879947
 30
0.0
 41
-25.3999999999999986
 42
25.3999999999999986
 43
25.3999999999999986
 50
270.0
  0
INSERT
  5
1024
  8
_G01-IND-3GEN_DRILLS
  6
CONTINUOUS
  2
ROUND_99
 10
-41.1479999592119086
 20
120.2690000407880007
 30
0.0
 41
-25.3999999999999986
 42
25.3999999999999986
 43
25.3999999999999986
 50
270.0
  0
INSERT
  5
1025
  8
_G01-IND-3GEN_DRILLS
  6
CONTINUOUS
  2
ROUND_99
 10
-8.7629999592118857
 20
46.9900000407880185
 30
0.0
 41
-25.3999999999999986
 42
25.3999999999999986
 43
25.3999999999999986
 50
270.0
  0
INSERT
  5
1026
  8
_G01-IND-3GEN_DRILLS
  6
CONTINUOUS
  2
ROUND_99
 10
-35.940999959211922
 20
138.1760000407880113
 30
0.0
 41
-25.3999999999999986
 42
25.3999999999999986
 43
25.3999999999999986
 50
270.0
  0
INSERT
  5
1027
  8
_G01-IND-3GEN_DRILLS
  6
CONTINUOUS
  2
ROUND_99
 10
5.715000040788075
 20
46.7360000407880278
 30
0.0
 41
-25.3999999999999986
 42
25.3999999999999986
 43
25.3999999999999986
 50
270.0
  0
INSERT
  5
1028
  8
_G01-IND-3GEN_DRILLS
  6
CONTINUOUS
  2
ROUND_99
 10
-0.7619999592118983
 20
40.2590000407880524
 30
0.0
 41
-25.3999999999999986
 42
25.3999999999999986
 43
25.3999999999999986
 50
270.0
  0
INSERT
  5
1029
  8
_G01-IND-3GEN_DRILLS
  6
CONTINUOUS
  2
ROUND_99
 10
-6.6039999592119081
 20
24.1300000407880191
 30
0.0
 41
-25.3999999999999986
 42
25.3999999999999986
 43
25.3999999999999986
 50
270.0
  0
INSERT
  5
102A
  8
_G01-IND-3GEN_DRILLS
  6
CONTINUOUS
  2
ROUND_99
 10
1.778000040788092
 20
23.368000040788079
 30
0.0
 41
-25.3999999999999986
 42
25.3999999999999986
 43
25.3999999999999986
 50
270.0
  0
INSERT
  5
102B
  8
_G01-IND-3GEN_DRILLS
  6
CONTINUOUS
  2
ROUND_99
 10
-5.2069999592119149
 20
26.1620000407880688
 30
0.0
 41
-25.3999999999999986
 42
25.3999999999999986
 43
25.3999999999999986
 50
270.0
  0
INSERT
  5
102C
  8
_G01-IND-3GEN_DRILLS
  6
CONTINUOUS
  2
ROUND_99
 10
-13.71599995921191
 20
66.5480000407880681
 30
0.0
 41
-25.3999999999999986
 42
25.3999999999999986
 43
25.3999999999999986
 50
270.0
  0
INSERT
  5
102D
  8
_G01-IND-3GEN_DRILLS
  6
CONTINUOUS
  2
ROUND_99
 10
-35.940999959211922
 20
122.9360000407880023
 30
0.0
 41
-25.3999999999999986
 42
25.3999999999999986
 43
25.3999999999999986
 50
270.0
  0
INSERT
  5
102E
  8
_G01-IND-3GEN_DRILLS
  6
CONTINUOUS
  2
ROUND_99
 10
-15.3669999592119204
 20
71.7550000407880191
 30
0.0
 41
-25.3999999999999986
 42
25.3999999999999986
 43
25.3999999999999986
 50
270.0
  0
INSERT
  5
102F
  8
_G01-IND-3GEN_DRILLS
  6
CONTINUOUS
  2
ROUND_99
 10
-35.940999959211922
 20
126.7460000407880045
 30
0.0
 41
-25.3999999999999986
 42
25.3999999999999986
 43
25.3999999999999986
 50
270.0
  0
INSERT
  5
1030
  8
_G01-IND-3GEN_DRILLS
  6
CONTINUOUS
  2
ROUND_99
 10
-54.2289999592118974
 20
77.4700000407880509
 30
0.0
 41
-25.3999999999999986
 42
25.3999999999999986
 43
25.3999999999999986
 50
270.0
  0
INSERT
  5
1031
  8
_G01-IND-3GEN_DRILLS
  6
CONTINUOUS
  2
ROUND_99
 10
28.1940000407880689
 20
189.1030000407880038
 30
0.0
 41
-25.3999999999999986
 42
25.3999999999999986
 43
25.3999999999999986
 50
270.0
  0
INSERT
  5
1032
  8
_G01-IND-3GEN_DRILLS
  6
CONTINUOUS
  2
ROUND_99
 10
27.1780000407880493
 20
189.1030000407880038
 30
0.0
 41
-25.3999999999999986
 42
25.3999999999999986
 43
25.3999999999999986
 50
270.0
  0
INSERT
  5
1033
  8
_G01-IND-3GEN_DRILLS
  6
CONTINUOUS
  2
ROUND_99
 10
33.6550000407880674
 20
189.1030000407880038
 30
0.0
 41
-25.3999999999999986
 42
25.3999999999999986
 43
25.3999999999999986
 50
270.0
  0
INSERT
  5
1034
  8
_G01-IND-3GEN_DRILLS
  6
CONTINUOUS
  2
ROUND_99
 10
32.7660000407880716
 20
189.1030000407880038
 30
0.0
 41
-25.3999999999999986
 42
25.3999999999999986
 43
25.3999999999999986
 50
270.0
  0
INSERT
  5
1035
  8
_G01-IND-3GEN_DRILLS
  6
CONTINUOUS
  2
ROUND_99
 10
30.4800000407880702
 20
189.1030000407880038
 30
0.0
 41
-25.3999999999999986
 42
25.3999999999999986
 43
25.3999999999999986
 50
270.0
  0
INSERT
  5
1036
  8
_G01-IND-3GEN_DRILLS
  6
CONTINUOUS
  2
ROUND_99
 10
29.2100000407880493
 20
189.1030000407880038
 30
0.0
 41
-25.3999999999999986
 42
25.3999999999999986
 43
25.3999999999999986
 50
270.0
  0
INSERT
  5
1037
  8
_G01-IND-3GEN_DRILLS
  6
CONTINUOUS
  2
ROUND_99
 10
31.7500000407880911
 20
189.1030000407880038
 30
0.0
 41
-25.3999999999999986
 42
25.3999999999999986
 43
25.3999999999999986
 50
270.0
  0
INSERT
  5
1038
  8
_G01-IND-3GEN_DRILLS
  6
CONTINUOUS
  2
ROUND_99
 10
-45.8469999592119279
 20
136.5250000407880009
 30
0.0
 41
-25.3999999999999986
 42
25.3999999999999986
 43
25.3999999999999986
 50
270.0
  0
INSERT
  5
1039
  8
_G01-IND-3GEN_DRILLS
  6
CONTINUOUS
  2
ROUND_99
 10
-46.7359999592119095
 20
119.7610000407880051
 30
0.0
 41
-25.3999999999999986
 42
25.3999999999999986
 43
25.3999999999999986
 50
270.0
  0
INSERT
  5
103A
  8
_G01-IND-3GEN_DRILLS
  6
CONTINUOUS
  2
ROUND_99
 10
-17.5259999592119193
 20
115.5700000407880026
 30
0.0
 41
-25.3999999999999986
 42
25.3999999999999986
 43
25.3999999999999986
 50
270.0
  0
INSERT
  5
103B
  8
_G01-IND-3GEN_DRILLS
  6
CONTINUOUS
  2
ROUND_99
 10
11.5570000407880809
 20
57.6580000407880178
 30
0.0
 41
-25.3999999999999986
 42
25.3999999999999986
 43
25.3999999999999986
 50
270.0
  0
INSERT
  5
103C
  8
_G01-IND-3GEN_DRILLS
  6
CONTINUOUS
  2
ROUND_99
 10
-50.7999999592119096
 20
75.5650000407879787
 30
0.0
 41
-25.3999999999999986
 42
25.3999999999999986
 43
25.3999999999999986
 50
270.0
  0
INSERT
  5
103D
  8
_G01-IND-3GEN_DRILLS
  6
CONTINUOUS
  2
ROUND_99
 10
-54.1019999592119092
 20
70.4850000407879946
 30
0.0
 41
-25.3999999999999986
 42
25.3999999999999986
 43
25.3999999999999986
 50
270.0
  0
INSERT
  5
103E
  8
_G01-IND-3GEN_DRILLS
  6
CONTINUOUS
  2
ROUND_99
 10
-54.1019999592119092
 20
73.0250000407880293
 30
0.0
 41
-25.3999999999999986
 42
25.3999999999999986
 43
25.3999999999999986
 50
270.0
  0
INSERT
  5
103F
  8
_G01-IND-3GEN_DRILLS
  6
CONTINUOUS
  2
ROUND_99
 10
-44.4499999592119082
 20
61.2140000407880365
 30
0.0
 41
-25.3999999999999986
 42
25.3999999999999986
 43
25.3999999999999986
 50
270.0
  0
INSERT
  5
1040
  8
_G01-IND-3GEN_DRILLS
  6
CONTINUOUS
  2
ROUND_99
 10
-40.7669999592119012
 20
94.6150000407880327
 30
0.0
 41
-25.3999999999999986
 42
25.3999999999999986
 43
25.3999999999999986
 50
270.0
  0
INSERT
  5
1041
  8
_G01-IND-3GEN_DRILLS
  6
CONTINUOUS
  2
ROUND_99
 10
-24.7649999592119094
 20
94.488000040788009
 30
0.0
 41
-25.3999999999999986
 42
25.3999999999999986
 43
25.3999999999999986
 50
270.0
  0
INSERT
  5
1042
  8
_G01-IND-3GEN_DRILLS
  6
CONTINUOUS
  2
ROUND_99
 10
-13.9699999592118793
 20
55.1180000407880328
 30
0.0
 41
-25.3999999999999986
 42
25.3999999999999986
 43
25.3999999999999986
 50
270.0
  0
INSERT
  5
1043
  8
_G01-IND-3GEN_DRILLS
  6
CONTINUOUS
  2
ROUND_99
 10
-17.7799999592118887
 20
53.0860000407880435
 30
0.0
 41
-25.3999999999999986
 42
25.3999999999999986
 43
25.3999999999999986
 50
270.0
  0
INSERT
  5
1044
  8
_G01-IND-3GEN_DRILLS
  6
CONTINUOUS
  2
ROUND_99
 10
-62.4839999592119
 20
88.773000040788034
 30
0.0
 41
-25.3999999999999986
 42
25.3999999999999986
 43
25.3999999999999986
 50
270.0
  0
INSERT
  5
1045
  8
_G01-IND-3GEN_DRILLS
  6
CONTINUOUS
  2
ROUND_99
 10
-64.0079999592119009
 20
59.3090000407880567
 30
0.0
 41
-25.3999999999999986
 42
25.3999999999999986
 43
25.3999999999999986
 50
270.0
  0
INSERT
  5
1046
  8
_G01-IND-3GEN_DRILLS
  6
CONTINUOUS
  2
ROUND_99
 10
-71.1199999592119099
 20
83.5660000407880119
 30
0.0
 41
-25.3999999999999986
 42
25.3999999999999986
 43
25.3999999999999986
 50
270.0
  0
INSERT
  5
1047
  8
_G01-IND-3GEN_DRILLS
  6
CONTINUOUS
  2
ROUND_99
 10
-56.8959999592119203
 20
132.4610000407880079
 30
0.0
 41
-25.3999999999999986
 42
25.3999999999999986
 43
25.3999999999999986
 50
270.0
  0
INSERT
  5
1048
  8
_G01-IND-3GEN_DRILLS
  6
CONTINUOUS
  2
ROUND_99
 10
-48.2599999592119175
 20
181.3560000407879045
 30
0.0
 41
-25.3999999999999986
 42
25.3999999999999986
 43
25.3999999999999986
 50
270.0
  0
INSERT
  5
1049
  8
_G01-IND-3GEN_DRILLS
  6
CONTINUOUS
  2
ROUND_99
 10
-29.59099995921191
 20
70.8660000407880091
 30
0.0
 41
-25.3999999999999986
 42
25.3999999999999986
 43
25.3999999999999986
 50
270.0
  0
INSERT
  5
104A
  8
_G01-IND-3GEN_DRILLS
  6
CONTINUOUS
  2
ROUND_99
 10
-32.6389999592119224
 20
94.1070000407879945
 30
0.0
 41
-25.3999999999999986
 42
25.3999999999999986
 43
25.3999999999999986
 50
270.0
  0
INSERT
  5
104B
  8
_G01-IND-3GEN_DRILLS
  6
CONTINUOUS
  2
ROUND_99
 10
-25.1459999592118884
 20
43.6880000407880118
 30
0.0
 41
-25.3999999999999986
 42
25.3999999999999986
 43
25.3999999999999986
 50
270.0
  0
INSERT
  5
104C
  8
_G01-IND-3GEN_DRILLS
  6
CONTINUOUS
  2
ROUND_99
 10
-41.5289999592119088
 20
38.2270000407880204
 30
0.0
 41
-25.3999999999999986
 42
25.3999999999999986
 43
25.3999999999999986
 50
270.0
  0
INSERT
  5
104D
  8
_G01-IND-3GEN_DRILLS
  6
CONTINUOUS
  2
ROUND_99
 10
-29.59099995921191
 20
69.5960000407879988
 30
0.0
 41
-25.3999999999999986
 42
25.3999999999999986
 43
25.3999999999999986
 50
270.0
  0
INSERT
  5
104E
  8
_G01-IND-3GEN_DRILLS
  6
CONTINUOUS
  2
ROUND_99
 10
-33.6549999592119207
 20
94.1070000407879945
 30
0.0
 41
-25.3999999999999986
 42
25.3999999999999986
 43
25.3999999999999986
 50
270.0
  0
INSERT
  5
104F
  8
_G01-IND-3GEN_DRILLS
  6
CONTINUOUS
  2
ROUND_99
 10
-26.5429999592119117
 20
43.6880000407880118
 30
0.0
 41
-25.3999999999999986
 42
25.3999999999999986
 43
25.3999999999999986
 50
270.0
  0
INSERT
  5
1050
  8
_G01-IND-3GEN_DRILLS
  6
CONTINUOUS
  2
ROUND_99
 10
-41.5289999592119088
 20
39.4970000407880306
 30
0.0
 41
-25.3999999999999986
 42
25.3999999999999986
 43
25.3999999999999986
 50
270.0
  0
INSERT
  5
1051
  8
_G01-IND-3GEN_DRILLS
  6
CONTINUOUS
  2
ROUND_99
 10
-32.6389999592119224
 20
72.0090000407880098
 30
0.0
 41
-25.3999999999999986
 42
25.3999999999999986
 43
25.3999999999999986
 50
270.0
  0
INSERT
  5
1052
  8
_G01-IND-3GEN_DRILLS
  6
CONTINUOUS
  2
ROUND_99
 10
-34.5439999592119307
 20
94.1070000407879945
 30
0.0
 41
-25.3999999999999986
 42
25.3999999999999986
 43
25.3999999999999986
 50
270.0
  0
INSERT
  5
1053
  8
_G01-IND-3GEN_DRILLS
  6
CONTINUOUS
  2
ROUND_99
 10
-28.0669999592118984
 20
43.6880000407880118
 30
0.0
 41
-25.3999999999999986
 42
25.3999999999999986
 43
25.3999999999999986
 50
270.0
  0
INSERT
  5
1054
  8
_G01-IND-3GEN_DRILLS
  6
CONTINUOUS
  2
ROUND_99
 10
-43.0529999592118884
 20
38.2270000407880204
 30
0.0
 41
-25.3999999999999986
 42
25.3999999999999986
 43
25.3999999999999986
 50
270.0
  0
INSERT
  5
1055
  8
_G01-IND-3GEN_DRILLS
  6
CONTINUOUS
  2
ROUND_99
 10
-33.5279999592119182
 20
72.0090000407880098
 30
0.0
 41
-25.3999999999999986
 42
25.3999999999999986
 43
25.3999999999999986
 50
270.0
  0
INSERT
  5
1056
  8
_G01-IND-3GEN_DRILLS
  6
CONTINUOUS
  2
ROUND_99
 10
-35.4329999592119123
 20
94.1070000407879945
 30
0.0
 41
-25.3999999999999986
 42
25.3999999999999986
 43
25.3999999999999986
 50
270.0
  0
INSERT
  5
1057
  8
_G01-IND-3GEN_DRILLS
  6
CONTINUOUS
  2
ROUND_99
 10
-29.3369999592119015
 20
43.6880000407880118
 30
0.0
 41
-25.3999999999999986
 42
25.3999999999999986
 43
25.3999999999999986
 50
270.0
  0
INSERT
  5
1058
  8
_G01-IND-3GEN_DRILLS
  6
CONTINUOUS
  2
ROUND_99
 10
-43.0529999592119097
 20
39.4970000407880306
 30
0.0
 41
-25.3999999999999986
 42
25.3999999999999986
 43
25.3999999999999986
 50
270.0
  0
INSERT
  5
1059
  8
_G01-IND-3GEN_DRILLS
  6
CONTINUOUS
  2
ROUND_99
 10
-32.6389999592119224
 20
73.2790000407880342
 30
0.0
 41
-25.3999999999999986
 42
25.3999999999999986
 43
25.3999999999999986
 50
270.0
  0
INSERT
  5
105A
  8
_G01-IND-3GEN_DRILLS
  6
CONTINUOUS
  2
ROUND_99
 10
-36.8299999592119178
 20
94.2340000407880183
 30
0.0
 41
-25.3999999999999986
 42
25.3999999999999986
 43
25.3999999999999986
 50
270.0
  0
INSERT
  5
105B
  8
_G01-IND-3GEN_DRILLS
  6
CONTINUOUS
  2
ROUND_99
 10
-31.2419999592118991
 20
43.6880000407880118
 30
0.0
 41
-25.3999999999999986
 42
25.3999999999999986
 43
25.3999999999999986
 50
270.0
  0
INSERT
  5
105C
  8
_G01-IND-3GEN_DRILLS
  6
CONTINUOUS
  2
ROUND_99
 10
-44.3229999592118915
 20
38.2270000407880204
 30
0.0
 41
-25.3999999999999986
 42
25.3999999999999986
 43
25.3999999999999986
 50
270.0
  0
INSERT
  5
105D
  8
_G01-IND-3GEN_DRILLS
  6
CONTINUOUS
  2
ROUND_99
 10
-32.6389999592119224
 20
74.2950000407880538
 30
0.0
 41
-25.3999999999999986
 42
25.3999999999999986
 43
25.3999999999999986
 50
270.0
  0
INSERT
  5
105E
  8
_G01-IND-3GEN_DRILLS
  6
CONTINUOUS
  2
ROUND_99
 10
-37.7189999592119207
 20
94.2340000407880183
 30
0.0
 41
-25.3999999999999986
 42
25.3999999999999986
 43
25.3999999999999986
 50
270.0
  0
INSERT
  5
105F
  8
_G01-IND-3GEN_DRILLS
  6
CONTINUOUS
  2
ROUND_99
 10
-32.5119999592118987
 20
43.6880000407880118
 30
0.0
 41
-25.3999999999999986
 42
25.3999999999999986
 43
25.3999999999999986
 50
270.0
  0
INSERT
  5
1060
  8
_G01-IND-3GEN_DRILLS
  6
CONTINUOUS
  2
ROUND_99
 10
-44.3229999592118915
 20
39.4970000407880306
 30
0.0
 41
-25.3999999999999986
 42
25.3999999999999986
 43
25.3999999999999986
 50
270.0
  0
INSERT
  5
1061
  8
_G01-IND-3GEN_DRILLS
  6
CONTINUOUS
  2
ROUND_99
 10
-33.7819999592119231
 20
74.2950000407880538
 30
0.0
 41
-25.3999999999999986
 42
25.3999999999999986
 43
25.3999999999999986
 50
270.0
  0
INSERT
  5
1062
  8
_G01-IND-3GEN_DRILLS
  6
CONTINUOUS
  2
ROUND_99
 10
-38.6079999592119023
 20
93.9800000407879992
 30
0.0
 41
-25.3999999999999986
 42
25.3999999999999986
 43
25.3999999999999986
 50
270.0
  0
INSERT
  5
1063
  8
_G01-IND-3GEN_DRILLS
  6
CONTINUOUS
  2
ROUND_99
 10
-34.2899999592118974
 20
43.6880000407880118
 30
0.0
 41
-25.3999999999999986
 42
25.3999999999999986
 43
25.3999999999999986
 50
270.0
  0
INSERT
  5
1064
  8
_G01-IND-3GEN_DRILLS
  6
CONTINUOUS
  2
ROUND_99
 10
-45.7199999592118971
 20
38.2270000407880204
 30
0.0
 41
-25.3999999999999986
 42
25.3999999999999986
 43
25.3999999999999986
 50
270.0
  0
INSERT
  5
1065
  8
_G01-IND-3GEN_DRILLS
  6
CONTINUOUS
  2
ROUND_99
 10
-32.6389999592119224
 20
75.4380000407880118
 30
0.0
 41
-25.3999999999999986
 42
25.3999999999999986
 43
25.3999999999999986
 50
270.0
  0
INSERT
  5
1066
  8
_G01-IND-3GEN_DRILLS
  6
CONTINUOUS
  2
ROUND_99
 10
-38.6079999592119023
 20
92.9640000407880365
 30
0.0
 41
-25.3999999999999986
 42
25.3999999999999986
 43
25.3999999999999986
 50
270.0
  0
INSERT
  5
1067
  8
_G01-IND-3GEN_DRILLS
  6
CONTINUOUS
  2
ROUND_99
 10
-35.6869999592119029
 20
43.6880000407880118
 30
0.0
 41
-25.3999999999999986
 42
25.3999999999999986
 43
25.3999999999999986
 50
270.0
  0
INSERT
  5
1068
  8
_G01-IND-3GEN_DRILLS
  6
CONTINUOUS
  2
ROUND_99
 10
-45.7199999592118971
 20
39.4970000407880306
 30
0.0
 41
-25.3999999999999986
 42
25.3999999999999986
 43
25.3999999999999986
 50
270.0
  0
INSERT
  5
1069
  8
_G01-IND-3GEN_DRILLS
  6
CONTINUOUS
  2
ROUND_99
 10
-33.7819999592119231
 20
75.4380000407880118
 30
0.0
 41
-25.3999999999999986
 42
25.3999999999999986
 43
25.3999999999999986
 50
270.0
  0
INSERT
  5
106A
  8
_G01-IND-3GEN_DRILLS
  6
CONTINUOUS
  2
ROUND_99
 10
-46.1009999592118902
 20
52.0700000407880523
 30
0.0
 41
-25.3999999999999986
 42
25.3999999999999986
 43
25.3999999999999986
 50
270.0
  0
INSERT
  5
106B
  8
_G01-IND-3GEN_DRILLS
  6
CONTINUOUS
  2
ROUND_99
 10
-25.1459999592118884
 20
44.7040000407880314
 30
0.0
 41
-25.3999999999999986
 42
25.3999999999999986
 43
25.3999999999999986
 50
270.0
  0
INSERT
  5
106C
  8
_G01-IND-3GEN_DRILLS
  6
CONTINUOUS
  2
ROUND_99
 10
-26.5429999592119117
 20
44.7040000407880314
 30
0.0
 41
-25.3999999999999986
 42
25.3999999999999986
 43
25.3999999999999986
 50
270.0
  0
INSERT
  5
106D
  8
_G01-IND-3GEN_DRILLS
  6
CONTINUOUS
  2
ROUND_99
 10
-46.1009999592118902
 20
50.6730000407880183
 30
0.0
 41
-25.3999999999999986
 42
25.3999999999999986
 43
25.3999999999999986
 50
270.0
  0
INSERT
  5
106E
  8
_G01-IND-3GEN_DRILLS
  6
CONTINUOUS
  2
ROUND_99
 10
-33.7819999592119231
 20
76.3270000407880076
 30
0.0
 41
-25.3999999999999986
 42
25.3999999999999986
 43
25.3999999999999986
 50
270.0
  0
INSERT
  5
106F
  8
_G01-IND-3GEN_DRILLS
  6
CONTINUOUS
  2
ROUND_99
 10
-35.3059999592119027
 20
76.3270000407880076
 30
0.0
 41
-25.3999999999999986
 42
25.3999999999999986
 43
25.3999999999999986
 50
270.0
  0
INSERT
  5
1070
  8
_G01-IND-3GEN_DRILLS
  6
CONTINUOUS
  2
ROUND_99
 10
-44.4499999592119082
 20
50.6730000407880183
 30
0.0
 41
-25.3999999999999986
 42
25.3999999999999986
 43
25.3999999999999986
 50
270.0
  0
INSERT
  5
1071
  8
_G01-IND-3GEN_DRILLS
  6
CONTINUOUS
  2
ROUND_99
 10
-28.0669999592118984
 20
44.7040000407880314
 30
0.0
 41
-25.3999999999999986
 42
25.3999999999999986
 43
25.3999999999999986
 50
270.0
  0
INSERT
  5
1072
  8
_G01-IND-3GEN_DRILLS
  6
CONTINUOUS
  2
ROUND_99
 10
-35.3059999592119027
 20
77.3430000407879845
 30
0.0
 41
-25.3999999999999986
 42
25.3999999999999986
 43
25.3999999999999986
 50
270.0
  0
INSERT
  5
1073
  8
_G01-IND-3GEN_DRILLS
  6
CONTINUOUS
  2
ROUND_99
 10
-44.4499999592119082
 20
49.4030000407880365
 30
0.0
 41
-25.3999999999999986
 42
25.3999999999999986
 43
25.3999999999999986
 50
270.0
  0
INSERT
  5
1074
  8
_G01-IND-3GEN_DRILLS
  6
CONTINUOUS
  2
ROUND_99
 10
-29.3369999592119015
 20
44.7040000407880314
 30
0.0
 41
-25.3999999999999986
 42
25.3999999999999986
 43
25.3999999999999986
 50
270.0
  0
INSERT
  5
1075
  8
_G01-IND-3GEN_DRILLS
  6
CONTINUOUS
  2
ROUND_99
 10
-36.1949999592119127
 20
78.2320000407879945
 30
0.0
 41
-25.3999999999999986
 42
25.3999999999999986
 43
25.3999999999999986
 50
270.0
  0
INSERT
  5
1076
  8
_G01-IND-3GEN_DRILLS
  6
CONTINUOUS
  2
ROUND_99
 10
-43.0529999592119097
 20
50.6730000407880183
 30
0.0
 41
-25.3999999999999986
 42
25.3999999999999986
 43
25.3999999999999986
 50
270.0
  0
INSERT
  5
1077
  8
_G01-IND-3GEN_DRILLS
  6
CONTINUOUS
  2
ROUND_99
 10
-31.2419999592118991
 20
44.7040000407879887
 30
0.0
 41
-25.3999999999999986
 42
25.3999999999999986
 43
25.3999999999999986
 50
270.0
  0
INSERT
  5
1078
  8
_G01-IND-3GEN_DRILLS
  6
CONTINUOUS
  2
ROUND_99
 10
-37.4649999592119016
 20
78.2320000407879945
 30
0.0
 41
-25.3999999999999986
 42
25.3999999999999986
 43
25.3999999999999986
 50
270.0
  0
INSERT
  5
1079
  8
_G01-IND-3GEN_DRILLS
  6
CONTINUOUS
  2
ROUND_99
 10
-41.7829999592118924
 20
50.5460000407880017
 30
0.0
 41
-25.3999999999999986
 42
25.3999999999999986
 43
25.3999999999999986
 50
270.0
  0
INSERT
  5
107A
  8
_G01-IND-3GEN_DRILLS
  6
CONTINUOUS
  2
ROUND_99
 10
-32.5119999592118987
 20
44.7040000407879887
 30
0.0
 41
-25.3999999999999986
 42
25.3999999999999986
 43
25.3999999999999986
 50
270.0
  0
INSERT
  5
107B
  8
_G01-IND-3GEN_DRILLS
  6
CONTINUOUS
  2
ROUND_99
 10
-37.4649999592119016
 20
81.7880000407880061
 30
0.0
 41
-25.3999999999999986
 42
25.3999999999999986
 43
25.3999999999999986
 50
270.0
  0
INSERT
  5
107C
  8
_G01-IND-3GEN_DRILLS
  6
CONTINUOUS
  2
ROUND_99
 10
-40.1319999592119103
 20
50.5460000407880017
 30
0.0
 41
-25.3999999999999986
 42
25.3999999999999986
 43
25.3999999999999986
 50
270.0
  0
INSERT
  5
107D
  8
_G01-IND-3GEN_DRILLS
  6
CONTINUOUS
  2
ROUND_99
 10
-34.2899999592118974
 20
44.7040000407879887
 30
0.0
 41
-25.3999999999999986
 42
25.3999999999999986
 43
25.3999999999999986
 50
270.0
  0
INSERT
  5
107E
  8
_G01-IND-3GEN_DRILLS
  6
CONTINUOUS
  2
ROUND_99
 10
-36.1949999592119127
 20
81.7880000407880061
 30
0.0
 41
-25.3999999999999986
 42
25.3999999999999986
 43
25.3999999999999986
 50
270.0
  0
INSERT
  5
107F
  8
_G01-IND-3GEN_DRILLS
  6
CONTINUOUS
  2
ROUND_99
 10
-40.1319999592119103
 20
51.943000040787993
 30
0.0
 41
-25.3999999999999986
 42
25.3999999999999986
 43
25.3999999999999986
 50
270.0
  0
INSERT
  5
1080
  8
_G01-IND-3GEN_DRILLS
  6
CONTINUOUS
  2
ROUND_99
 10
-35.6869999592119029
 20
44.7040000407879887
 30
0.0
 41
-25.3999999999999986
 42
25.3999999999999986
 43
25.3999999999999986
 50
270.0
  0
INSERT
  5
1081
  8
_G01-IND-3GEN_DRILLS
  6
CONTINUOUS
  2
ROUND_99
 10
-56.0069999592119103
 20
51.4350000407879975
 30
0.0
 41
-25.3999999999999986
 42
25.3999999999999986
 43
25.3999999999999986
 50
270.0
  0
INSERT
  5
1082
  8
_G01-IND-3GEN_DRILLS
  6
CONTINUOUS
  2
ROUND_99
 10
-32.6389999592119224
 20
81.7880000407880061
 30
0.0
 41
-25.3999999999999986
 42
25.3999999999999986
 43
25.3999999999999986
 50
270.0
  0
INSERT
  5
1083
  8
_G01-IND-3GEN_DRILLS
  6
CONTINUOUS
  2
ROUND_99
 10
-33.7819999592119231
 20
81.7880000407880061
 30
0.0
 41
-25.3999999999999986
 42
25.3999999999999986
 43
25.3999999999999986
 50
270.0
  0
INSERT
  5
1084
  8
_G01-IND-3GEN_DRILLS
  6
CONTINUOUS
  2
ROUND_99
 10
-57.4039999592119017
 20
51.5620000407879715
 30
0.0
 41
-25.3999999999999986
 42
25.3999999999999986
 43
25.3999999999999986
 50
270.0
  0
INSERT
  5
1085
  8
_G01-IND-3GEN_DRILLS
  6
CONTINUOUS
  2
ROUND_99
 10
-57.4039999592119017
 20
52.7050000407880219
 30
0.0
 41
-25.3999999999999986
 42
25.3999999999999986
 43
25.3999999999999986
 50
270.0
  0
INSERT
  5
1086
  8
_G01-IND-3GEN_DRILLS
  6
CONTINUOUS
  2
ROUND_99
 10
-34.9249999592119096
 20
81.7880000407880061
 30
0.0
 41
-25.3999999999999986
 42
25.3999999999999986
 43
25.3999999999999986
 50
270.0
  0
INSERT
  5
1087
  8
_G01-IND-3GEN_DRILLS
  6
CONTINUOUS
  2
ROUND_99
 10
-32.6389999592119224
 20
83.3120000407880212
 30
0.0
 41
-25.3999999999999986
 42
25.3999999999999986
 43
25.3999999999999986
 50
270.0
  0
INSERT
  5
1088
  8
_G01-IND-3GEN_DRILLS
  6
CONTINUOUS
  2
ROUND_99
 10
-58.8009999592119001
 20
51.5620000407879715
 30
0.0
 41
-25.3999999999999986
 42
25.3999999999999986
 43
25.3999999999999986
 50
270.0
  0
INSERT
  5
1089
  8
_G01-IND-3GEN_DRILLS
  6
CONTINUOUS
  2
ROUND_99
 10
-33.7819999592119231
 20
83.3120000407880212
 30
0.0
 41
-25.3999999999999986
 42
25.3999999999999986
 43
25.3999999999999986
 50
270.0
  0
INSERT
  5
108A
  8
_G01-IND-3GEN_DRILLS
  6
CONTINUOUS
  2
ROUND_99
 10
-58.8009999592119001
 20
52.9590000407880623
 30
0.0
 41
-25.3999999999999986
 42
25.3999999999999986
 43
25.3999999999999986
 50
270.0
  0
INSERT
  5
108B
  8
_G01-IND-3GEN_DRILLS
  6
CONTINUOUS
  2
ROUND_99
 10
-34.9249999592119096
 20
83.3120000407880212
 30
0.0
 41
-25.3999999999999986
 42
25.3999999999999986
 43
25.3999999999999986
 50
270.0
  0
INSERT
  5
108C
  8
_G01-IND-3GEN_DRILLS
  6
CONTINUOUS
  2
ROUND_99
 10
-59.6899999592119102
 20
53.9750000407880322
 30
0.0
 41
-25.3999999999999986
 42
25.3999999999999986
 43
25.3999999999999986
 50
270.0
  0
INSERT
  5
108D
  8
_G01-IND-3GEN_DRILLS
  6
CONTINUOUS
  2
ROUND_99
 10
-36.1949999592119127
 20
83.3120000407880212
 30
0.0
 41
-25.3999999999999986
 42
25.3999999999999986
 43
25.3999999999999986
 50
270.0
  0
INSERT
  5
108E
  8
_G01-IND-3GEN_DRILLS
  6
CONTINUOUS
  2
ROUND_99
 10
-60.5789999592118988
 20
52.7050000407880219
 30
0.0
 41
-25.3999999999999986
 42
25.3999999999999986
 43
25.3999999999999986
 50
270.0
  0
INSERT
  5
108F
  8
_G01-IND-3GEN_DRILLS
  6
CONTINUOUS
  2
ROUND_99
 10
-32.6389999592119224
 20
85.7250000407880179
 30
0.0
 41
-25.3999999999999986
 42
25.3999999999999986
 43
25.3999999999999986
 50
270.0
  0
INSERT
  5
1090
  8
_G01-IND-3GEN_DRILLS
  6
CONTINUOUS
  2
ROUND_99
 10
-60.5789999592118988
 20
51.4350000407879975
 30
0.0
 41
-25.3999999999999986
 42
25.3999999999999986
 43
25.3999999999999986
 50
270.0
  0
INSERT
  5
1091
  8
_G01-IND-3GEN_DRILLS
  6
CONTINUOUS
  2
ROUND_99
 10
-33.7819999592119231
 20
85.7250000407880179
 30
0.0
 41
-25.3999999999999986
 42
25.3999999999999986
 43
25.3999999999999986
 50
270.0
  0
INSERT
  5
1092
  8
_G01-IND-3GEN_DRILLS
  6
CONTINUOUS
  2
ROUND_99
 10
-61.2139999592119111
 20
61.595000040788058
 30
0.0
 41
-25.3999999999999986
 42
25.3999999999999986
 43
25.3999999999999986
 50
270.0
  0
INSERT
  5
1093
  8
_G01-IND-3GEN_DRILLS
  6
CONTINUOUS
  2
ROUND_99
 10
-32.6389999592119224
 20
87.3760000407880284
 30
0.0
 41
-25.3999999999999986
 42
25.3999999999999986
 43
25.3999999999999986
 50
270.0
  0
INSERT
  5
1094
  8
_G01-IND-3GEN_DRILLS
  6
CONTINUOUS
  2
ROUND_99
 10
-58.9279999592119097
 20
65.6590000407880154
 30
0.0
 41
-25.3999999999999986
 42
25.3999999999999986
 43
25.3999999999999986
 50
270.0
  0
INSERT
  5
1095
  8
_G01-IND-3GEN_DRILLS
  6
CONTINUOUS
  2
ROUND_99
 10
-33.7819999592119231
 20
87.3760000407880284
 30
0.0
 41
-25.3999999999999986
 42
25.3999999999999986
 43
25.3999999999999986
 50
270.0
  0
INSERT
  5
1096
  8
_G01-IND-3GEN_DRILLS
  6
CONTINUOUS
  2
ROUND_99
 10
-58.9279999592119097
 20
64.3890000407880336
 30
0.0
 41
-25.3999999999999986
 42
25.3999999999999986
 43
25.3999999999999986
 50
270.0
  0
INSERT
  5
1097
  8
_G01-IND-3GEN_DRILLS
  6
CONTINUOUS
  2
ROUND_99
 10
-32.6389999592119224
 20
88.773000040788034
 30
0.0
 41
-25.3999999999999986
 42
25.3999999999999986
 43
25.3999999999999986
 50
270.0
  0
INSERT
  5
1098
  8
_G01-IND-3GEN_DRILLS
  6
CONTINUOUS
  2
ROUND_99
 10
-58.9279999592119097
 20
63.1190000407880234
 30
0.0
 41
-25.3999999999999986
 42
25.3999999999999986
 43
25.3999999999999986
 50
270.0
  0
INSERT
  5
1099
  8
_G01-IND-3GEN_DRILLS
  6
CONTINUOUS
  2
ROUND_99
 10
-34.9249999592119096
 20
85.7250000407880179
 30
0.0
 41
-25.3999999999999986
 42
25.3999999999999986
 43
25.3999999999999986
 50
270.0
  0
INSERT
  5
109A
  8
_G01-IND-3GEN_DRILLS
  6
CONTINUOUS
  2
ROUND_99
 10
-57.6579999592118995
 20
64.3890000407880336
 30
0.0
 41
-25.3999999999999986
 42
25.3999999999999986
 43
25.3999999999999986
 50
270.0
  0
INSERT
  5
109B
  8
_G01-IND-3GEN_DRILLS
  6
CONTINUOUS
  2
ROUND_99
 10
-34.9249999592119096
 20
84.4550000407880219
 30
0.0
 41
-25.3999999999999986
 42
25.3999999999999986
 43
25.3999999999999986
 50
270.0
  0
INSERT
  5
109C
  8
_G01-IND-3GEN_DRILLS
  6
CONTINUOUS
  2
ROUND_99
 10
-57.6579999592118995
 20
63.1190000407880234
 30
0.0
 41
-25.3999999999999986
 42
25.3999999999999986
 43
25.3999999999999986
 50
270.0
  0
INSERT
  5
109D
  8
_G01-IND-3GEN_DRILLS
  6
CONTINUOUS
  2
ROUND_99
 10
-36.1949999592119127
 20
84.4550000407880219
 30
0.0
 41
-25.3999999999999986
 42
25.3999999999999986
 43
25.3999999999999986
 50
270.0
  0
INSERT
  5
109E
  8
_G01-IND-3GEN_DRILLS
  6
CONTINUOUS
  2
ROUND_99
 10
-56.3879999592119034
 20
63.1190000407880234
 30
0.0
 41
-25.3999999999999986
 42
25.3999999999999986
 43
25.3999999999999986
 50
270.0
  0
INSERT
  5
109F
  8
_G01-IND-3GEN_DRILLS
  6
CONTINUOUS
  2
ROUND_99
 10
-37.4649999592119016
 20
84.4550000407880219
 30
0.0
 41
-25.3999999999999986
 42
25.3999999999999986
 43
25.3999999999999986
 50
270.0
  0
INSERT
  5
10A0
  8
_G01-IND-3GEN_DRILLS
  6
CONTINUOUS
  2
ROUND_99
 10
-55.1179999592119003
 20
63.1190000407880234
 30
0.0
 41
-25.3999999999999986
 42
25.3999999999999986
 43
25.3999999999999986
 50
270.0
  0
INSERT
  5
10A1
  8
_G01-IND-3GEN_DRILLS
  6
CONTINUOUS
  2
ROUND_99
 10
-17.0179999592118882
 20
27.3050000407880198
 30
0.0
 41
-25.3999999999999986
 42
25.3999999999999986
 43
25.3999999999999986
 50
270.0
  0
INSERT
  5
10A2
  8
_G01-IND-3GEN_DRILLS
  6
CONTINUOUS
  2
ROUND_99
 10
26.9240000407881013
 20
13.9700000407880598
 30
0.0
 41
-25.3999999999999986
 42
25.3999999999999986
 43
25.3999999999999986
 50
270.0
  0
INSERT
  5
10A3
  8
_G01-IND-3GEN_DRILLS
  6
CONTINUOUS
  2
ROUND_99
 10
-15.8749999592119106
 20
51.9430000407880428
 30
0.0
 41
-25.3999999999999986
 42
25.3999999999999986
 43
25.3999999999999986
 50
270.0
  0
INSERT
  5
10A4
  8
_G01-IND-3GEN_DRILLS
  6
CONTINUOUS
  2
ROUND_99
 10
-24.6379999592119106
 20
103.1240000407880046
 30
0.0
 41
-25.3999999999999986
 42
25.3999999999999986
 43
25.3999999999999986
 50
270.0
  0
INSERT
  5
10A5
  8
_G01-IND-3GEN_DRILLS
  6
CONTINUOUS
  2
ROUND_99
 10
-76.8349999592119133
 20
82.2960000407880017
 30
0.0
 41
-25.3999999999999986
 42
25.3999999999999986
 43
25.3999999999999986
 50
270.0
  0
INSERT
  5
10A6
  8
_G01-IND-3GEN_DRILLS
  6
CONTINUOUS
  2
ROUND_99
 10
-48.5139999592119082
 20
107.1880000407879976
 30
0.0
 41
-25.3999999999999986
 42
25.3999999999999986
 43
25.3999999999999986
 50
270.0
  0
INSERT
  5
10A7
  8
_G01-IND-3GEN_DRILLS
  6
CONTINUOUS
  2
ROUND_99
 10
-76.4539999592118988
 20
101.8540000407878949
 30
0.0
 41
-25.3999999999999986
 42
25.3999999999999986
 43
25.3999999999999986
 50
270.0
  0
INSERT
  5
10A8
  8
_G01-IND-3GEN_DRILLS
  6
CONTINUOUS
  2
ROUND_99
 10
-47.8789999592119031
 20
103.251000040788
 30
0.0
 41
-25.3999999999999986
 42
25.3999999999999986
 43
25.3999999999999986
 50
270.0
  0
INSERT
  5
10A9
  8
_G01-IND-3GEN_DRILLS
  6
CONTINUOUS
  2
ROUND_99
 10
-54.2289999592118974
 20
81.0260000407879772
 30
0.0
 41
-25.3999999999999986
 42
25.3999999999999986
 43
25.3999999999999986
 50
270.0
  0
INSERT
  5
10AA
  8
_G01-IND-3GEN_DRILLS
  6
CONTINUOUS
  2
ROUND_99
 10
-51.6889999592119125
 20
97.7900000407880157
 30
0.0
 41
-25.3999999999999986
 42
25.3999999999999986
 43
25.3999999999999986
 50
270.0
  0
INSERT
  5
10AB
  8
_G01-IND-3GEN_DRILLS
  6
CONTINUOUS
  2
ROUND_99
 10
-49.4029999592119182
 20
81.4070000407880059
 30
0.0
 41
-25.3999999999999986
 42
25.3999999999999986
 43
25.3999999999999986
 50
270.0
  0
INSERT
  5
10AC
  8
_G01-IND-3GEN_DRILLS
  6
CONTINUOUS
  2
ROUND_99
 10
-54.2289999592118974
 20
79.7560000407880523
 30
0.0
 41
-25.3999999999999986
 42
25.3999999999999986
 43
25.3999999999999986
 50
270.0
  0
INSERT
  5
10AD
  8
_G01-IND-3GEN_DRILLS
  6
CONTINUOUS
  2
ROUND_99
 10
-49.4029999592119182
 20
79.6290000407879859
 30
0.0
 41
-25.3999999999999986
 42
25.3999999999999986
 43
25.3999999999999986
 50
270.0
  0
INSERT
  5
10AE
  8
_G01-IND-3GEN_DRILLS
  6
CONTINUOUS
  2
ROUND_99
 10
-81.2799999592118922
 20
76.5810000407879983
 30
0.0
 41
-25.3999999999999986
 42
25.3999999999999986
 43
25.3999999999999986
 50
270.0
  0
INSERT
  5
10AF
  8
_G01-IND-3GEN_DRILLS
  6
CONTINUOUS
  2
ROUND_99
 10
-28.4479999592119199
 20
104.7750000407880009
 30
0.0
 41
-25.3999999999999986
 42
25.3999999999999986
 43
25.3999999999999986
 50
270.0
  0
INSERT
  5
10B0
  8
_G01-IND-3GEN_DRILLS
  6
CONTINUOUS
  2
ROUND_99
 10
0.5080000407880747
 20
87.6300000407880191
 30
0.0
 41
-25.3999999999999986
 42
25.3999999999999986
 43
25.3999999999999986
 50
270.0
  0
INSERT
  5
10B1
  8
_G01-IND-3GEN_DRILLS
  6
CONTINUOUS
  2
ROUND_99
 10
0.6350000407880945
 20
102.4890000407879995
 30
0.0
 41
-25.3999999999999986
 42
25.3999999999999986
 43
25.3999999999999986
 50
270.0
  0
INSERT
  5
10B2
  8
_G01-IND-3GEN_DRILLS
  6
CONTINUOUS
  2
ROUND_99
 10
0.6350000407880945
 20
101.2190000407880035
 30
0.0
 41
-25.3999999999999986
 42
25.3999999999999986
 43
25.3999999999999986
 50
270.0
  0
INSERT
  5
10B3
  8
_G01-IND-3GEN_DRILLS
  6
CONTINUOUS
  2
ROUND_99
 10
0.5080000407880747
 20
89.4080000407880249
 30
0.0
 41
-25.3999999999999986
 42
25.3999999999999986
 43
25.3999999999999986
 50
270.0
  0
INSERT
  5
10B4
  8
_G01-IND-3GEN_DRILLS
  6
CONTINUOUS
  2
ROUND_99
 10
-0.7619999592118983
 20
102.4890000407879995
 30
0.0
 41
-25.3999999999999986
 42
25.3999999999999986
 43
25.3999999999999986
 50
270.0
  0
INSERT
  5
10B5
  8
_G01-IND-3GEN_DRILLS
  6
CONTINUOUS
  2
ROUND_99
 10
-0.7619999592118983
 20
101.2190000407880035
 30
0.0
 41
-25.3999999999999986
 42
25.3999999999999986
 43
25.3999999999999986
 50
270.0
  0
INSERT
  5
10B6
  8
_G01-IND-3GEN_DRILLS
  6
CONTINUOUS
  2
ROUND_99
 10
0.5080000407880747
 20
94.7420000407880423
 30
0.0
 41
-25.3999999999999986
 42
25.3999999999999986
 43
25.3999999999999986
 50
270.0
  0
INSERT
  5
10B7
  8
_G01-IND-3GEN_DRILLS
  6
CONTINUOUS
  2
ROUND_99
 10
-2.031999959211916
 20
102.6160000407879949
 30
0.0
 41
-25.3999999999999986
 42
25.3999999999999986
 43
25.3999999999999986
 50
270.0
  0
INSERT
  5
10B8
  8
_G01-IND-3GEN_DRILLS
  6
CONTINUOUS
  2
ROUND_99
 10
0.5080000407880747
 20
96.4438000407880338
 30
0.0
 41
-25.3999999999999986
 42
25.3999999999999986
 43
25.3999999999999986
 50
270.0
  0
INSERT
  5
10B9
  8
_G01-IND-3GEN_DRILLS
  6
CONTINUOUS
  2
ROUND_99
 10
-2.031999959211916
 20
101.2190000407880035
 30
0.0
 41
-25.3999999999999986
 42
25.3999999999999986
 43
25.3999999999999986
 50
270.0
  0
INSERT
  5
10BA
  8
_G01-IND-3GEN_DRILLS
  6
CONTINUOUS
  2
ROUND_99
 10
-49.4029999592119182
 20
86.2330000407880277
 30
0.0
 41
-25.3999999999999986
 42
25.3999999999999986
 43
25.3999999999999986
 50
270.0
  0
INSERT
  5
10BB
  8
_G01-IND-3GEN_DRILLS
  6
CONTINUOUS
  2
ROUND_99
 10
-50.7999999592119096
 20
85.5980000407880226
 30
0.0
 41
-25.3999999999999986
 42
25.3999999999999986
 43
25.3999999999999986
 50
270.0
  0
INSERT
  5
10BC
  8
_G01-IND-3GEN_DRILLS
  6
CONTINUOUS
  2
ROUND_99
 10
-39.6239999592119005
 20
87.1220000407880235
 30
0.0
 41
-25.3999999999999986
 42
25.3999999999999986
 43
25.3999999999999986
 50
270.0
  0
INSERT
  5
10BD
  8
_G01-IND-3GEN_DRILLS
  6
CONTINUOUS
  2
ROUND_99
 10
-41.6559999592119183
 20
117.7290000407879944
 30
0.0
 41
-25.3999999999999986
 42
25.3999999999999986
 43
25.3999999999999986
 50
270.0
  0
INSERT
  5
10BE
  8
_G01-IND-3GEN_DRILLS
  6
CONTINUOUS
  2
ROUND_99
 10
-72.3899999592119059
 20
106.4260000407879971
 30
0.0
 41
-25.3999999999999986
 42
25.3999999999999986
 43
25.3999999999999986
 50
270.0
  0
INSERT
  5
10BF
  8
_G01-IND-3GEN_DRILLS
  6
CONTINUOUS
  2
ROUND_99
 10
-41.0209999592119203
 20
128.1430000407879959
 30
0.0
 41
-25.3999999999999986
 42
25.3999999999999986
 43
25.3999999999999986
 50
270.0
  0
INSERT
  5
10C0
  8
_G01-IND-3GEN_DRILLS
  6
CONTINUOUS
  2
ROUND_99
 10
-45.8469999592118995
 20
118.8720000407879951
 30
0.0
 41
-25.3999999999999986
 42
25.3999999999999986
 43
25.3999999999999986
 50
270.0
  0
INSERT
  5
10C1
  8
_G01-IND-3GEN_DRILLS
  6
CONTINUOUS
  2
ROUND_99
 10
-35.940999959211922
 20
128.0160000407879863
 30
0.0
 41
-25.3999999999999986
 42
25.3999999999999986
 43
25.3999999999999986
 50
270.0
  0
INSERT
  5
10C2
  8
_G01-IND-3GEN_DRILLS
  6
CONTINUOUS
  2
ROUND_99
 10
-35.940999959211922
 20
139.4460000407879932
 30
0.0
 41
-25.3999999999999986
 42
25.3999999999999986
 43
25.3999999999999986
 50
270.0
  0
INSERT
  5
10C3
  8
_G01-IND-3GEN_DRILLS
  6
CONTINUOUS
  2
ROUND_99
 10
-44.1959999592119104
 20
118.8720000407879951
 30
0.0
 41
-25.3999999999999986
 42
25.3999999999999986
 43
25.3999999999999986
 50
270.0
  0
INSERT
  5
10C4
  8
_G01-IND-3GEN_DRILLS
  6
CONTINUOUS
  2
ROUND_99
 10
-35.940999959211922
 20
129.2860000407879966
 30
0.0
 41
-25.3999999999999986
 42
25.3999999999999986
 43
25.3999999999999986
 50
270.0
  0
INSERT
  5
10C5
  8
_G01-IND-3GEN_DRILLS
  6
CONTINUOUS
  2
ROUND_99
 10
-35.940999959211922
 20
140.7160000407880034
 30
0.0
 41
-25.3999999999999986
 42
25.3999999999999986
 43
25.3999999999999986
 50
270.0
  0
INSERT
  5
10C6
  8
_G01-IND-3GEN_DRILLS
  6
CONTINUOUS
  2
ROUND_99
 10
-42.9259999592119215
 20
118.8720000407879951
 30
0.0
 41
-25.3999999999999986
 42
25.3999999999999986
 43
25.3999999999999986
 50
270.0
  0
INSERT
  5
10C7
  8
_G01-IND-3GEN_DRILLS
  6
CONTINUOUS
  2
ROUND_99
 10
-35.940999959211922
 20
130.5560000407880068
 30
0.0
 41
-25.3999999999999986
 42
25.3999999999999986
 43
25.3999999999999986
 50
270.0
  0
INSERT
  5
10C8
  8
_G01-IND-3GEN_DRILLS
  6
CONTINUOUS
  2
ROUND_99
 10
-35.940999959211922
 20
141.9860000407880136
 30
0.0
 41
-25.3999999999999986
 42
25.3999999999999986
 43
25.3999999999999986
 50
270.0
  0
INSERT
  5
10C9
  8
_G01-IND-3GEN_DRILLS
  6
CONTINUOUS
  2
ROUND_99
 10
60.4520000407880573
 20
147.5740000407880075
 30
0.0
 41
-25.3999999999999986
 42
25.3999999999999986
 43
25.3999999999999986
 50
270.0
  0
INSERT
  5
10CA
  8
_G01-IND-3GEN_DRILLS
  6
CONTINUOUS
  2
ROUND_99
 10
-4.6989999592119274
 20
109.3470000407880036
 30
0.0
 41
-25.3999999999999986
 42
25.3999999999999986
 43
25.3999999999999986
 50
270.0
  0
INSERT
  5
10CB
  8
_G01-IND-3GEN_DRILLS
  6
CONTINUOUS
  2
ROUND_99
 10
-52.8319999592119132
 20
114.3000000407880066
 30
0.0
 41
-25.3999999999999986
 42
25.3999999999999986
 43
25.3999999999999986
 50
270.0
  0
INSERT
  5
10CC
  8
_G01-IND-3GEN_DRILLS
  6
CONTINUOUS
  2
ROUND_99
 10
6.0960000407880903
 20
149.4790000407880086
 30
0.0
 41
-25.3999999999999986
 42
25.3999999999999986
 43
25.3999999999999986
 50
270.0
  0
INSERT
  5
10CD
  8
_G01-IND-3GEN_DRILLS
  6
CONTINUOUS
  2
ROUND_99
 10
-36.0679999592119103
 20
117.6020000407879991
 30
0.0
 41
-25.3999999999999986
 42
25.3999999999999986
 43
25.3999999999999986
 50
270.0
  0
INSERT
  5
10CE
  8
_G01-IND-3GEN_DRILLS
  6
CONTINUOUS
  2
ROUND_99
 10
-41.0209999592119203
 20
126.8730000407879999
 30
0.0
 41
-25.3999999999999986
 42
25.3999999999999986
 43
25.3999999999999986
 50
270.0
  0
INSERT
  5
10CF
  8
_G01-IND-3GEN_DRILLS
  6
CONTINUOUS
  2
ROUND_99
 10
9.6520000407880602
 20
157.9880000407879947
 30
0.0
 41
-25.3999999999999986
 42
25.3999999999999986
 43
25.3999999999999986
 50
270.0
  0
INSERT
  5
10D0
  8
_G01-IND-3GEN_DRILLS
  6
CONTINUOUS
  2
ROUND_99
 10
-40.1319999592119103
 20
133.7310000407879045
 30
0.0
 41
-25.3999999999999986
 42
25.3999999999999986
 43
25.3999999999999986
 50
270.0
  0
INSERT
  5
10D1
  8
_G01-IND-3GEN_DRILLS
  6
CONTINUOUS
  2
ROUND_99
 10
-45.2119999592119086
 20
125.6030000407880038
 30
0.0
 41
-25.3999999999999986
 42
25.3999999999999986
 43
25.3999999999999986
 50
270.0
  0
INSERT
  5
10D2
  8
_G01-IND-3GEN_DRILLS
  6
CONTINUOUS
  2
ROUND_99
 10
-71.1199999592119099
 20
77.8510000407879801
 30
0.0
 41
-25.3999999999999986
 42
25.3999999999999986
 43
25.3999999999999986
 50
270.0
  0
INSERT
  5
10D3
  8
_G01-IND-3GEN_DRILLS
  6
CONTINUOUS
  2
ROUND_99
 10
-55.4989999592119005
 20
78.613000040788009
 30
0.0
 41
-25.3999999999999986
 42
25.3999999999999986
 43
25.3999999999999986
 50
270.0
  0
INSERT
  5
10D4
  8
_G01-IND-3GEN_DRILLS
  6
CONTINUOUS
  2
ROUND_99
 10
-58.2929999592119117
 20
86.1060000407880466
 30
0.0
 41
-25.3999999999999986
 42
25.3999999999999986
 43
25.3999999999999986
 50
270.0
  0
INSERT
  5
10D5
  8
_G01-IND-3GEN_DRILLS
  6
CONTINUOUS
  2
ROUND_99
 10
-58.4199999592119283
 20
98.8060000407880636
 30
0.0
 41
-25.3999999999999986
 42
25.3999999999999986
 43
25.3999999999999986
 50
270.0
  0
INSERT
  5
10D6
  8
_G01-IND-3GEN_DRILLS
  6
CONTINUOUS
  2
ROUND_99
 10
58.4200000407881035
 20
101.2190000407880035
 30
0.0
 41
-25.3999999999999986
 42
25.3999999999999986
 43
25.3999999999999986
 50
270.0
  0
INSERT
  5
10D7
  8
_G01-IND-3GEN_DRILLS
  6
CONTINUOUS
  2
ROUND_99
 10
9.9060000407880988
 20
77.8510000407880227
 30
0.0
 41
-25.3999999999999986
 42
25.3999999999999986
 43
25.3999999999999986
 50
270.0
  0
INSERT
  5
10D8
  8
_G01-IND-3GEN_DRILLS
  6
CONTINUOUS
  2
ROUND_99
 10
-2.6669999592119251
 20
111.7600000407880003
 30
0.0
 41
-25.3999999999999986
 42
25.3999999999999986
 43
25.3999999999999986
 50
270.0
  0
INSERT
  5
10D9
  8
_G01-IND-3GEN_DRILLS
  6
CONTINUOUS
  2
ROUND_99
 10
57.9120000407880582
 20
166.8780000407880095
 30
0.0
 41
-25.3999999999999986
 42
25.3999999999999986
 43
25.3999999999999986
 50
270.0
  0
INSERT
  5
10DA
  8
_G01-IND-3GEN_DRILLS
  6
CONTINUOUS
  2
ROUND_99
 10
-4.6989999592119274
 20
111.7600000407880003
 30
0.0
 41
-25.3999999999999986
 42
25.3999999999999986
 43
25.3999999999999986
 50
270.0
  0
INSERT
  5
10DB
  8
_G01-IND-3GEN_DRILLS
  6
CONTINUOUS
  2
ROUND_99
 10
-23.8759999592119208
 20
112.2680000407879959
 30
0.0
 41
-25.3999999999999986
 42
25.3999999999999986
 43
25.3999999999999986
 50
270.0
  0
INSERT
  5
10DC
  8
_G01-IND-3GEN_DRILLS
  6
CONTINUOUS
  2
ROUND_99
 10
-76.4539999592118988
 20
100.7110000407879937
 30
0.0
 41
-25.3999999999999986
 42
25.3999999999999986
 43
25.3999999999999986
 50
270.0
  0
INSERT
  5
10DD
  8
_G01-IND-3GEN_DRILLS
  6
CONTINUOUS
  2
ROUND_99
 10
4.572000040788077
 20
17.6530000407880401
 30
0.0
 41
-25.3999999999999986
 42
25.3999999999999986
 43
25.3999999999999986
 50
270.0
  0
INSERT
  5
10DE
  8
_G01-IND-3GEN_DRILLS
  6
CONTINUOUS
  2
ROUND_99
 10
-54.1019999592119305
 20
92.9640000407880365
 30
0.0
 41
-25.3999999999999986
 42
25.3999999999999986
 43
25.3999999999999986
 50
270.0
  0
INSERT
  5
10DF
  8
_G01-IND-3GEN_DRILLS
  6
CONTINUOUS
  2
ROUND_99
 10
-53.0859999592119109
 20
41.9100000407879989
 30
0.0
 41
-25.3999999999999986
 42
25.3999999999999986
 43
25.3999999999999986
 50
270.0
  0
INSERT
  5
10E0
  8
_G01-IND-3GEN_DRILLS
  6
CONTINUOUS
  2
ROUND_99
 10
-76.7079999592119179
 20
95.8850000407880145
 30
0.0
 41
-25.3999999999999986
 42
25.3999999999999986
 43
25.3999999999999986
 50
270.0
  0
INSERT
  5
10E1
  8
_G01-IND-3GEN_DRILLS
  6
CONTINUOUS
  2
ROUND_99
 10
-76.8349999592119133
 20
79.1210000407879903
 30
0.0
 41
-25.3999999999999986
 42
25.3999999999999986
 43
25.3999999999999986
 50
270.0
  0
INSERT
  5
10E2
  8
_G01-IND-3GEN_DRILLS
  6
CONTINUOUS
  2
ROUND_99
 10
-45.5929999592119231
 20
130.4290000407881109
 30
0.0
 41
-25.3999999999999986
 42
25.3999999999999986
 43
25.3999999999999986
 50
270.0
  0
INSERT
  5
10E3
  8
_G01-IND-3GEN_DRILLS
  6
CONTINUOUS
  2
ROUND_99
 10
-85.8519999592119092
 20
108.3310000407879983
 30
0.0
 41
-25.3999999999999986
 42
25.3999999999999986
 43
25.3999999999999986
 50
270.0
  0
INSERT
  5
10E4
  8
_G01-IND-3GEN_DRILLS
  6
CONTINUOUS
  2
ROUND_99
 10
-81.2799999592119065
 20
106.4260000407879971
 30
0.0
 41
-25.3999999999999986
 42
25.3999999999999986
 43
25.3999999999999986
 50
270.0
  0
INSERT
  5
10E5
  8
_G01-IND-3GEN_DRILLS
  6
CONTINUOUS
  2
ROUND_99
 10
-4.6989999592119274
 20
114.4270000407880019
 30
0.0
 41
-25.3999999999999986
 42
25.3999999999999986
 43
25.3999999999999986
 50
270.0
  0
INSERT
  5
10E6
  8
_G01-IND-3GEN_DRILLS
  6
CONTINUOUS
  2
ROUND_99
 10
-30.3529999592119211
 20
190.2460000407878908
 30
0.0
 41
-25.3999999999999986
 42
25.3999999999999986
 43
25.3999999999999986
 50
270.0
  0
INSERT
  5
10E7
  8
_G01-IND-3GEN_DRILLS
  6
CONTINUOUS
  2
ROUND_99
 10
-45.9739999592119233
 20
174.6250000407879952
 30
0.0
 41
-25.3999999999999986
 42
25.3999999999999986
 43
25.3999999999999986
 50
270.0
  0
INSERT
  5
10E8
  8
_G01-IND-3GEN_DRILLS
  6
CONTINUOUS
  2
ROUND_99
 10
-51.0539999592119074
 20
118.3640000407879995
 30
0.0
 41
-25.3999999999999986
 42
25.3999999999999986
 43
25.3999999999999986
 50
270.0
  0
INSERT
  5
10E9
  8
_G01-IND-3GEN_DRILLS
  6
CONTINUOUS
  2
ROUND_99
 10
-67.3099999592119218
 20
93.7260000407879801
 30
0.0
 41
-25.3999999999999986
 42
25.3999999999999986
 43
25.3999999999999986
 50
270.0
  0
INSERT
  5
10EA
  8
_G01-IND-3GEN_DRILLS
  6
CONTINUOUS
  2
ROUND_99
 10
-66.5479999592119071
 20
115.8240000407879933
 30
0.0
 41
-25.3999999999999986
 42
25.3999999999999986
 43
25.3999999999999986
 50
270.0
  0
INSERT
  5
10EB
  8
_G01-IND-3GEN_DRILLS
  6
CONTINUOUS
  2
ROUND_99
 10
-20.1929999592119387
 20
194.0560000407880068
 30
0.0
 41
-25.3999999999999986
 42
25.3999999999999986
 43
25.3999999999999986
 50
270.0
  0
INSERT
  5
10EC
  8
_G01-IND-3GEN_DRILLS
  6
CONTINUOUS
  2
ROUND_99
 10
-45.9739999592119233
 20
176.2760000407880057
 30
0.0
 41
-25.3999999999999986
 42
25.3999999999999986
 43
25.3999999999999986
 50
270.0
  0
INSERT
  5
10ED
  8
_G01-IND-3GEN_DRILLS
  6
CONTINUOUS
  2
ROUND_99
 10
-51.0539999592119074
 20
116.7130000407880033
 30
0.0
 41
-25.3999999999999986
 42
25.3999999999999986
 43
25.3999999999999986
 50
270.0
  0
INSERT
  5
10EE
  8
_G01-IND-3GEN_DRILLS
  6
CONTINUOUS
  2
ROUND_99
 10
-66.5479999592119071
 20
113.665000040787902
 30
0.0
 41
-25.3999999999999986
 42
25.3999999999999986
 43
25.3999999999999986
 50
270.0
  0
INSERT
  5
10EF
  8
_G01-IND-3GEN_DRILLS
  6
CONTINUOUS
  2
ROUND_99
 10
-67.3099999592119218
 20
94.9960000407879761
 30
0.0
 41
-25.3999999999999986
 42
25.3999999999999986
 43
25.3999999999999986
 50
270.0
  0
INSERT
  5
10F0
  8
_G01-IND-3GEN_DRILLS
  6
CONTINUOUS
  2
ROUND_99
 10
-48.0059999592119198
 20
119.7610000407880051
 30
0.0
 41
-25.3999999999999986
 42
25.3999999999999986
 43
25.3999999999999986
 50
270.0
  0
INSERT
  5
10F1
  8
_G01-IND-3GEN_DRILLS
  6
CONTINUOUS
  2
ROUND_99
 10
-49.1489999592119204
 20
104.521000040787996
 30
0.0
 41
-25.3999999999999986
 42
25.3999999999999986
 43
25.3999999999999986
 50
270.0
  0
INSERT
  5
10F2
  8
_G01-IND-3GEN_DRILLS
  6
CONTINUOUS
  2
ROUND_99
 10
-24.5109999592119117
 20
100.0760000407880028
 30
0.0
 41
-25.3999999999999986
 42
25.3999999999999986
 43
25.3999999999999986
 50
270.0
  0
INSERT
  5
10F3
  8
_G01-IND-3GEN_DRILLS
  6
CONTINUOUS
  2
ROUND_99
 10
-18.4149999592118796
 20
31.496000040788001
 30
0.0
 41
-25.3999999999999986
 42
25.3999999999999986
 43
25.3999999999999986
 50
270.0
  0
INSERT
  5
10F4
  8
_G01-IND-3GEN_DRILLS
  6
CONTINUOUS
  2
ROUND_99
 10
41.275000040788079
 20
13.6525000407880697
 30
0.0
 41
-25.3999999999999986
 42
25.3999999999999986
 43
25.3999999999999986
 50
270.0
  0
INSERT
  5
10F5
  8
_G01-IND-3GEN_DRILLS
  6
CONTINUOUS
  2
ROUND_99
 10
-50.7999999592119096
 20
78.1050000407880134
 30
0.0
 41
-25.3999999999999986
 42
25.3999999999999986
 43
25.3999999999999986
 50
270.0
  0
INSERT
  5
10F6
  8
_G01-IND-3GEN_DRILLS
  6
CONTINUOUS
  2
ROUND_99
 10
-50.7999999592119096
 20
76.8350000407880032
 30
0.0
 41
-25.3999999999999986
 42
25.3999999999999986
 43
25.3999999999999986
 50
270.0
  0
INSERT
  5
10F7
  8
_G01-IND-3GEN_DRILLS
  6
CONTINUOUS
  2
ROUND_99
 10
-54.2289999592118974
 20
76.4540000407879887
 30
0.0
 41
-25.3999999999999986
 42
25.3999999999999986
 43
25.3999999999999986
 50
270.0
  0
INSERT
  5
10F8
  8
_G01-IND-3GEN_DRILLS
  6
CONTINUOUS
  2
ROUND_99
 10
-49.2759999592119229
 20
99.0600000407879975
 30
0.0
 41
-25.3999999999999986
 42
25.3999999999999986
 43
25.3999999999999986
 50
270.0
  0
INSERT
  5
10F9
  8
_G01-IND-3GEN_DRILLS
  6
CONTINUOUS
  2
ROUND_99
 10
-1.3969999592119069
 20
14.7320000407879892
 30
0.0
 41
-25.3999999999999986
 42
25.3999999999999986
 43
25.3999999999999986
 50
270.0
  0
INSERT
  5
10FA
  8
_G01-IND-3GEN_DRILLS
  6
CONTINUOUS
  2
ROUND_99
 10
-5.9689999592118994
 20
17.6530000407880401
 30
0.0
 41
-25.3999999999999986
 42
25.3999999999999986
 43
25.3999999999999986
 50
270.0
  0
INSERT
  5
10FB
  8
_G01-IND-3GEN_DRILLS
  6
CONTINUOUS
  2
ROUND_99
 10
-19.1769999592119298
 20
115.5700000407880026
 30
0.0
 41
-25.3999999999999986
 42
25.3999999999999986
 43
25.3999999999999986
 50
270.0
  0
INSERT
  5
10FC
  8
_G01-IND-3GEN_DRILLS
  6
CONTINUOUS
  2
ROUND_99
 10
-51.0539999592119074
 20
120.396000040787996
 30
0.0
 41
-25.3999999999999986
 42
25.3999999999999986
 43
25.3999999999999986
 50
270.0
  0
INSERT
  5
10FD
  8
_G01-IND-3GEN_DRILLS
  6
CONTINUOUS
  2
ROUND_99
 10
-50.0379999592119304
 20
137.2870000407878877
 30
0.0
 41
-25.3999999999999986
 42
25.3999999999999986
 43
25.3999999999999986
 50
270.0
  0
INSERT
  5
10FE
  8
_G01-IND-3GEN_DRILLS
  6
CONTINUOUS
  2
ROUND_99
 10
-45.7199999592119326
 20
142.6210000407880045
 30
0.0
 41
-25.3999999999999986
 42
25.3999999999999986
 43
25.3999999999999986
 50
270.0
  0
INSERT
  5
10FF
  8
_G01-IND-3GEN_DRILLS
  6
CONTINUOUS
  2
ROUND_99
 10
-35.940999959211922
 20
145.7960000407879875
 30
0.0
 41
-25.3999999999999986
 42
25.3999999999999986
 43
25.3999999999999986
 50
270.0
  0
INSERT
  5
1100
  8
_G01-IND-3GEN_DRILLS
  6
CONTINUOUS
  2
ROUND_99
 10
-47.8789999592119031
 20
110.8710000407880045
 30
0.0
 41
-25.3999999999999986
 42
25.3999999999999986
 43
25.3999999999999986
 50
270.0
  0
INSERT
  5
1101
  8
_G01-IND-3GEN_DRILLS
  6
CONTINUOUS
  2
ROUND_99
 10
-52.9589999592119085
 20
109.8550000407879992
 30
0.0
 41
-25.3999999999999986
 42
25.3999999999999986
 43
25.3999999999999986
 50
270.0
  0
INSERT
  5
1102
  8
_G01-IND-3GEN_DRILLS
  6
CONTINUOUS
  2
ROUND_99
 10
-52.9589999592119085
 20
108.3310000407879983
 30
0.0
 41
-25.3999999999999986
 42
25.3999999999999986
 43
25.3999999999999986
 50
270.0
  0
INSERT
  5
1103
  8
_G01-IND-3GEN_DRILLS
  6
CONTINUOUS
  2
ROUND_99
 10
-45.7199999592119326
 20
159.5120000407879104
 30
0.0
 41
-25.3999999999999986
 42
25.3999999999999986
 43
25.3999999999999986
 50
270.0
  0
INSERT
  5
1104
  8
_G01-IND-3GEN_DRILLS
  6
CONTINUOUS
  2
ROUND_99
 10
-39.3699999592119312
 20
125.6030000407880038
 30
0.0
 41
-25.3999999999999986
 42
25.3999999999999986
 43
25.3999999999999986
 50
270.0
  0
INSERT
  5
1105
  8
_G01-IND-3GEN_DRILLS
  6
CONTINUOUS
  2
ROUND_99
 10
-39.6239999592119219
 20
159.8930000407879959
 30
0.0
 41
-25.3999999999999986
 42
25.3999999999999986
 43
25.3999999999999986
 50
270.0
  0
INSERT
  5
1106
  8
_G01-IND-3GEN_DRILLS
  6
CONTINUOUS
  2
ROUND_99
 10
-55.4989999592119219
 20
156.8450000407879941
 30
0.0
 41
-25.3999999999999986
 42
25.3999999999999986
 43
25.3999999999999986
 50
270.0
  0
INSERT
  5
1107
  8
_G01-IND-3GEN_DRILLS
  6
CONTINUOUS
  2
ROUND_99
 10
-41.1479999592119086
 20
138.1760000407880113
 30
0.0
 41
-25.3999999999999986
 42
25.3999999999999986
 43
25.3999999999999986
 50
270.0
  0
INSERT
  5
1108
  8
_G01-IND-3GEN_DRILLS
  6
CONTINUOUS
  2
ROUND_99
 10
-40.5129999592119319
 20
155.5750000407880123
 30
0.0
 41
-25.3999999999999986
 42
25.3999999999999986
 43
25.3999999999999986
 50
270.0
  0
INSERT
  5
1109
  8
_G01-IND-3GEN_DRILLS
  6
CONTINUOUS
  2
ROUND_99
 10
-81.2799999592119065
 20
125.349000040787999
 30
0.0
 41
-25.3999999999999986
 42
25.3999999999999986
 43
25.3999999999999986
 50
270.0
  0
INSERT
  5
110A
  8
_G01-IND-3GEN_DRILLS
  6
CONTINUOUS
  2
ROUND_99
 10
-81.2799999592119065
 20
103.2510000407879005
 30
0.0
 41
-25.3999999999999986
 42
25.3999999999999986
 43
25.3999999999999986
 50
270.0
  0
INSERT
  5
110B
  8
_G01-IND-3GEN_DRILLS
  6
CONTINUOUS
  2
ROUND_99
 10
-72.3899999592119059
 20
121.9200000407879969
 30
0.0
 41
-25.3999999999999986
 42
25.3999999999999986
 43
25.3999999999999986
 50
270.0
  0
INSERT
  5
110C
  8
_G01-IND-3GEN_DRILLS
  6
CONTINUOUS
  2
ROUND_99
 10
-72.3899999592119059
 20
110.2360000407879994
 30
0.0
 41
-25.3999999999999986
 42
25.3999999999999986
 43
25.3999999999999986
 50
270.0
  0
INSERT
  5
110D
  8
_G01-IND-3GEN_DRILLS
  6
CONTINUOUS
  2
ROUND_99
 10
57.9120000407880582
 20
148.3360000407880079
 30
0.0
 41
-25.3999999999999986
 42
25.3999999999999986
 43
25.3999999999999986
 50
270.0
  0
INSERT
  5
110E
  8
_G01-IND-3GEN_DRILLS
  6
CONTINUOUS
  2
ROUND_99
 10
-18.1609999592119102
 20
108.7120000407879985
 30
0.0
 41
-25.3999999999999986
 42
25.3999999999999986
 43
25.3999999999999986
 50
270.0
  0
INSERT
  5
110F
  8
_G01-IND-3GEN_DRILLS
  6
CONTINUOUS
  2
ROUND_99
 10
-51.307999959211898
 20
129.9210000407879875
 30
0.0
 41
-25.3999999999999986
 42
25.3999999999999986
 43
25.3999999999999986
 50
270.0
  0
INSERT
  5
1110
  8
_G01-IND-3GEN_DRILLS
  6
CONTINUOUS
  2
ROUND_99
 10
-48.2599999592119175
 20
48.3870000407879672
 30
0.0
 41
-25.3999999999999986
 42
25.3999999999999986
 43
25.3999999999999986
 50
270.0
  0
INSERT
  5
1111
  8
_G01-IND-3GEN_DRILLS
  6
CONTINUOUS
  2
ROUND_99
 10
-42.2909999592119092
 20
94.6150000407880327
 30
0.0
 41
-25.3999999999999986
 42
25.3999999999999986
 43
25.3999999999999986
 50
270.0
  0
INSERT
  5
1112
  8
_G01-IND-3GEN_DRILLS
  6
CONTINUOUS
  2
ROUND_99
 10
-49.4029999592119182
 20
94.6150000407880327
 30
0.0
 41
-25.3999999999999986
 42
25.3999999999999986
 43
25.3999999999999986
 50
270.0
  0
INSERT
  5
1113
  8
_G01-IND-3GEN_DRILLS
  6
CONTINUOUS
  2
ROUND_99
 10
-49.5299999592118922
 20
43.6880000407880118
 30
0.0
 41
-25.3999999999999986
 42
25.3999999999999986
 43
25.3999999999999986
 50
270.0
  0
INSERT
  5
1114
  8
_G01-IND-3GEN_DRILLS
  6
CONTINUOUS
  2
ROUND_99
 10
-18.4149999592118796
 20
33.401000040788027
 30
0.0
 41
-25.3999999999999986
 42
25.3999999999999986
 43
25.3999999999999986
 50
270.0
  0
INSERT
  5
1115
  8
_G01-IND-3GEN_DRILLS
  6
CONTINUOUS
  2
ROUND_99
 10
57.2770000407881028
 20
30.8610000407880385
 30
0.0
 41
-25.3999999999999986
 42
25.3999999999999986
 43
25.3999999999999986
 50
270.0
  0
INSERT
  5
1116
  8
_G01-IND-3GEN_DRILLS
  6
CONTINUOUS
  2
ROUND_99
 10
-81.2799999592118922
 20
79.1210000407879903
 30
0.0
 41
-25.3999999999999986
 42
25.3999999999999986
 43
25.3999999999999986
 50
270.0
  0
INSERT
  5
1117
  8
_G01-IND-3GEN_DRILLS
  6
CONTINUOUS
  2
ROUND_99
 10
-47.8789999592119031
 20
101.981000040788004
 30
0.0
 41
-25.3999999999999986
 42
25.3999999999999986
 43
25.3999999999999986
 50
270.0
  0
INSERT
  5
1118
  8
_G01-IND-3GEN_DRILLS
  6
CONTINUOUS
  2
ROUND_99
 10
-18.4149999592118796
 20
29.4640000407880507
 30
0.0
 41
-25.3999999999999986
 42
25.3999999999999986
 43
25.3999999999999986
 50
270.0
  0
INSERT
  5
1119
  8
_G01-IND-3GEN_DRILLS
  6
CONTINUOUS
  2
ROUND_99
 10
-10.6679999592119099
 20
36.3220000407880406
 30
0.0
 41
-25.3999999999999986
 42
25.3999999999999986
 43
25.3999999999999986
 50
270.0
  0
INSERT
  5
111A
  8
_G01-IND-3GEN_DRILLS
  6
CONTINUOUS
  2
ROUND_99
 10
-24.7649999592119094
 20
96.1390000407880336
 30
0.0
 41
-25.3999999999999986
 42
25.3999999999999986
 43
25.3999999999999986
 50
270.0
  0
INSERT
  5
111B
  8
_G01-IND-3GEN_DRILLS
  6
CONTINUOUS
  2
ROUND_99
 10
-48.3869999592118987
 20
43.6880000407880118
 30
0.0
 41
-25.3999999999999986
 42
25.3999999999999986
 43
25.3999999999999986
 50
270.0
  0
INSERT
  5
111C
  8
_G01-IND-3GEN_DRILLS
  6
CONTINUOUS
  2
ROUND_99
 10
-42.2909999592119092
 20
95.8850000407880145
 30
0.0
 41
-25.3999999999999986
 42
25.3999999999999986
 43
25.3999999999999986
 50
270.0
  0
INSERT
  5
111D
  8
_G01-IND-3GEN_DRILLS
  6
CONTINUOUS
  2
ROUND_99
 10
-54.1019999592119305
 20
91.8210000407879932
 30
0.0
 41
-25.3999999999999986
 42
25.3999999999999986
 43
25.3999999999999986
 50
270.0
  0
INSERT
  5
111E
  8
_G01-IND-3GEN_DRILLS
  6
CONTINUOUS
  2
ROUND_99
 10
-61.7219999592118995
 20
46.3550000407880205
 30
0.0
 41
-25.3999999999999986
 42
25.3999999999999986
 43
25.3999999999999986
 50
270.0
  0
INSERT
  5
111F
  8
_G01-IND-3GEN_DRILLS
  6
CONTINUOUS
  2
ROUND_99
 10
-38.8619999592119001
 20
34.6710000407880017
 30
0.0
 41
-25.3999999999999986
 42
25.3999999999999986
 43
25.3999999999999986
 50
270.0
  0
INSERT
  5
1120
  8
_G01-IND-3GEN_DRILLS
  6
CONTINUOUS
  2
ROUND_99
 10
-54.2289999592118974
 20
78.613000040788009
 30
0.0
 41
-25.3999999999999986
 42
25.3999999999999986
 43
25.3999999999999986
 50
270.0
  0
INSERT
  5
1121
  8
_G01-IND-3GEN_DRILLS
  6
CONTINUOUS
  2
ROUND_99
 10
-51.4349999592119218
 20
100.5840000407879984
 30
0.0
 41
-25.3999999999999986
 42
25.3999999999999986
 43
25.3999999999999986
 50
270.0
  0
INSERT
  5
1122
  8
_G01-IND-3GEN_DRILLS
  6
CONTINUOUS
  2
ROUND_99
 10
-77.7239999592119233
 20
99.4410000407880119
 30
0.0
 41
-25.3999999999999986
 42
25.3999999999999986
 43
25.3999999999999986
 50
270.0
  0
INSERT
  5
1123
  8
_G01-IND-3GEN_DRILLS
  6
CONTINUOUS
  2
ROUND_99
 10
-77.7239999592119233
 20
111.5060000407879954
 30
0.0
 41
-25.3999999999999986
 42
25.3999999999999986
 43
25.3999999999999986
 50
270.0
  0
INSERT
  5
1124
  8
_G01-IND-3GEN_DRILLS
  6
CONTINUOUS
  2
ROUND_99
 10
-33.7819999592119231
 20
78.9940000407880234
 30
0.0
 41
-25.3999999999999986
 42
25.3999999999999986
 43
25.3999999999999986
 50
270.0
  0
INSERT
  5
1125
  8
_G01-IND-3GEN_DRILLS
  6
CONTINUOUS
  2
ROUND_99
 10
-22.2249999592119103
 20
58.1660000407880133
 30
0.0
 41
-25.3999999999999986
 42
25.3999999999999986
 43
25.3999999999999986
 50
270.0
  0
INSERT
  5
1126
  8
_G01-IND-3GEN_DRILLS
  6
CONTINUOUS
  2
ROUND_99
 10
-47.1169999592119026
 20
43.6880000407880118
 30
0.0
 41
-25.3999999999999986
 42
25.3999999999999986
 43
25.3999999999999986
 50
270.0
  0
INSERT
  5
1127
  8
_G01-IND-3GEN_DRILLS
  6
CONTINUOUS
  2
ROUND_99
 10
-43.9419999592118984
 20
94.7420000407880423
 30
0.0
 41
-25.3999999999999986
 42
25.3999999999999986
 43
25.3999999999999986
 50
270.0
  0
INSERT
  5
1128
  8
_G01-IND-3GEN_DRILLS
  6
CONTINUOUS
  2
ROUND_99
 10
-29.8449999592119113
 20
53.5940000407880319
 30
0.0
 41
-25.3999999999999986
 42
25.3999999999999986
 43
25.3999999999999986
 50
270.0
  0
INSERT
  5
1129
  8
_G01-IND-3GEN_DRILLS
  6
CONTINUOUS
  2
ROUND_99
 10
-47.6249999592119124
 20
54.8640000407880422
 30
0.0
 41
-25.3999999999999986
 42
25.3999999999999986
 43
25.3999999999999986
 50
270.0
  0
INSERT
  5
112A
  8
_G01-IND-3GEN_DRILLS
  6
CONTINUOUS
  2
ROUND_99
 10
-45.5929999592119088
 20
96.0120000407880241
 30
0.0
 41
-25.3999999999999986
 42
25.3999999999999986
 43
25.3999999999999986
 50
270.0
  0
INSERT
  5
112B
  8
_G01-IND-3GEN_DRILLS
  6
CONTINUOUS
  2
ROUND_99
 10
-52.9589999592118872
 20
47.4980000407880212
 30
0.0
 41
-25.3999999999999986
 42
25.3999999999999986
 43
25.3999999999999986
 50
270.0
  0
INSERT
  5
112C
  8
_G01-IND-3GEN_DRILLS
  6
CONTINUOUS
  2
ROUND_99
 10
-45.5929999592119088
 20
94.7420000407880423
 30
0.0
 41
-25.3999999999999986
 42
25.3999999999999986
 43
25.3999999999999986
 50
270.0
  0
INSERT
  5
112D
  8
_G01-IND-3GEN_DRILLS
  6
CONTINUOUS
  2
ROUND_99
 10
-53.9749999592119067
 20
54.2290000407879802
 30
0.0
 41
-25.3999999999999986
 42
25.3999999999999986
 43
25.3999999999999986
 50
270.0
  0
INSERT
  5
112E
  8
_G01-IND-3GEN_DRILLS
  6
CONTINUOUS
  2
ROUND_99
 10
-46.8629999592118978
 20
95.8850000407880145
 30
0.0
 41
-25.3999999999999986
 42
25.3999999999999986
 43
25.3999999999999986
 50
270.0
  0
INSERT
  5
112F
  8
_G01-IND-3GEN_DRILLS
  6
CONTINUOUS
  2
ROUND_99
 10
-10.6679999592119099
 20
72.8980000407880624
 30
0.0
 41
-25.3999999999999986
 42
25.3999999999999986
 43
25.3999999999999986
 50
270.0
  0
INSERT
  5
1130
  8
_G01-IND-3GEN_DRILLS
  6
CONTINUOUS
  2
ROUND_99
 10
-4.4449999592118861
 20
20.9550000407880184
 30
0.0
 41
-25.3999999999999986
 42
25.3999999999999986
 43
25.3999999999999986
 50
270.0
  0
INSERT
  5
1131
  8
_G01-IND-3GEN_DRILLS
  6
CONTINUOUS
  2
ROUND_99
 10
-10.6679999592119099
 20
65.4050000407880248
 30
0.0
 41
-25.3999999999999986
 42
25.3999999999999986
 43
25.3999999999999986
 50
270.0
  0
INSERT
  5
1132
  8
_G01-IND-3GEN_DRILLS
  6
CONTINUOUS
  2
ROUND_99
 10
-4.4449999592118861
 20
23.4950000407880601
 30
0.0
 41
-25.3999999999999986
 42
25.3999999999999986
 43
25.3999999999999986
 50
270.0
  0
INSERT
  5
1133
  8
_G01-IND-3GEN_DRILLS
  6
CONTINUOUS
  2
ROUND_99
 10
-1.904999959211896
 20
22.9870000407880717
 30
0.0
 41
-25.3999999999999986
 42
25.3999999999999986
 43
25.3999999999999986
 50
270.0
  0
INSERT
  5
1134
  8
_G01-IND-3GEN_DRILLS
  6
CONTINUOUS
  2
ROUND_99
 10
4.572000040788077
 20
20.8280000407880515
 30
0.0
 41
-25.3999999999999986
 42
25.3999999999999986
 43
25.3999999999999986
 50
270.0
  0
INSERT
  5
1135
  8
_G01-IND-3GEN_DRILLS
  6
CONTINUOUS
  2
ROUND_99
 10
77.5970000407880747
 20
168.6560000407880011
 30
0.0
 41
-25.3999999999999986
 42
25.3999999999999986
 43
25.3999999999999986
 50
270.0
  0
INSERT
  5
1136
  8
_G01-IND-3GEN_DRILLS
  6
CONTINUOUS
  2
ROUND_99
 10
-68.7069999592119132
 20
84.7090000407880126
 30
0.0
 41
-25.3999999999999986
 42
25.3999999999999986
 43
25.3999999999999986
 50
270.0
  0
INSERT
  5
1137
  8
_G01-IND-3GEN_DRILLS
  6
CONTINUOUS
  2
ROUND_99
 10
-15.8749999592119106
 20
55.1180000407880328
 30
0.0
 41
-25.3999999999999986
 42
25.3999999999999986
 43
25.3999999999999986
 50
270.0
  0
INSERT
  5
1138
  8
_G01-IND-3GEN_DRILLS
  6
CONTINUOUS
  2
ROUND_99
 10
-20.9549999592119001
 20
55.1180000407880328
 30
0.0
 41
-25.3999999999999986
 42
25.3999999999999986
 43
25.3999999999999986
 50
270.0
  0
INSERT
  5
1139
  8
_G01-IND-3GEN_DRILLS
  6
CONTINUOUS
  2
ROUND_99
 10
-15.8749999592119106
 20
53.5940000407880319
 30
0.0
 41
-25.3999999999999986
 42
25.3999999999999986
 43
25.3999999999999986
 50
270.0
  0
INSERT
  5
113A
  8
_G01-IND-3GEN_DRILLS
  6
CONTINUOUS
  2
ROUND_99
 10
-31.2419999592118991
 20
97.4090000407880154
 30
0.0
 41
-25.3999999999999986
 42
25.3999999999999986
 43
25.3999999999999986
 50
270.0
  0
INSERT
  5
113B
  8
_G01-IND-3GEN_DRILLS
  6
CONTINUOUS
  2
ROUND_99
 10
-21.7169999592119005
 20
53.8480000407880581
 30
0.0
 41
-25.3999999999999986
 42
25.3999999999999986
 43
25.3999999999999986
 50
270.0
  0
INSERT
  5
113C
  8
_G01-IND-3GEN_DRILLS
  6
CONTINUOUS
  2
ROUND_99
 10
-21.7169999592119005
 20
39.2430000407880328
 30
0.0
 41
-25.3999999999999986
 42
25.3999999999999986
 43
25.3999999999999986
 50
270.0
  0
INSERT
  5
113D
  8
_G01-IND-3GEN_DRILLS
  6
CONTINUOUS
  2
ROUND_99
 10
-41.6559999592119183
 20
115.6970000407879979
 30
0.0
 41
-25.3999999999999986
 42
25.3999999999999986
 43
25.3999999999999986
 50
270.0
  0
INSERT
  5
113E
  8
_G01-IND-3GEN_DRILLS
  6
CONTINUOUS
  2
ROUND_99
 10
57.6580000407880675
 20
133.8580000407879993
 30
0.0
 41
-25.3999999999999986
 42
25.3999999999999986
 43
25.3999999999999986
 50
270.0
  0
INSERT
  5
113F
  8
_G01-IND-3GEN_DRILLS
  6
CONTINUOUS
  2
ROUND_99
 10
17.0180000407880812
 20
194.3100000407879975
 30
0.0
 41
-25.3999999999999986
 42
25.3999999999999986
 43
25.3999999999999986
 50
270.0
  0
INSERT
  5
1140
  8
_G01-IND-3GEN_DRILLS
  6
CONTINUOUS
  2
ROUND_99
 10
3.048000040788065
 20
144.0180000407879959
 30
0.0
 41
-25.3999999999999986
 42
25.3999999999999986
 43
25.3999999999999986
 50
270.0
  0
INSERT
  5
1141
  8
_G01-IND-3GEN_DRILLS
  6
CONTINUOUS
  2
ROUND_99
 10
-15.1129999592119297
 20
115.5700000407880026
 30
0.0
 41
-25.3999999999999986
 42
25.3999999999999986
 43
25.3999999999999986
 50
270.0
  0
INSERT
  5
1142
  8
_G01-IND-3GEN_DRILLS
  6
CONTINUOUS
  2
ROUND_99
 10
-22.859999959211919
 20
104.7750000407880009
 30
0.0
 41
-25.3999999999999986
 42
25.3999999999999986
 43
25.3999999999999986
 50
270.0
  0
INSERT
  5
1143
  8
_G01-IND-3GEN_DRILLS
  6
CONTINUOUS
  2
ROUND_99
 10
61.8490000407880487
 20
180.9750000407879895
 30
0.0
 41
-25.3999999999999986
 42
25.3999999999999986
 43
25.3999999999999986
 50
270.0
  0
INSERT
  5
1144
  8
_G01-IND-3GEN_DRILLS
  6
CONTINUOUS
  2
ROUND_99
 10
-17.1449999592119298
 20
112.2680000407879959
 30
0.0
 41
-25.3999999999999986
 42
25.3999999999999986
 43
25.3999999999999986
 50
270.0
  0
INSERT
  5
1145
  8
_G01-IND-3GEN_DRILLS
  6
CONTINUOUS
  2
ROUND_99
 10
-18.1609999592119102
 20
107.4420000407880025
 30
0.0
 41
-25.3999999999999986
 42
25.3999999999999986
 43
25.3999999999999986
 50
270.0
  0
INSERT
  5
1146
  8
_G01-IND-3GEN_DRILLS
  6
CONTINUOUS
  2
ROUND_99
 10
60.3250000407880904
 20
117.9830000407879993
 30
0.0
 41
-25.3999999999999986
 42
25.3999999999999986
 43
25.3999999999999986
 50
270.0
  0
INSERT
  5
1147
  8
_G01-IND-3GEN_DRILLS
  6
CONTINUOUS
  2
ROUND_99
 10
17.9070000407880912
 20
194.3100000407879975
 30
0.0
 41
-25.3999999999999986
 42
25.3999999999999986
 43
25.3999999999999986
 50
270.0
  0
INSERT
  5
1148
  8
_G01-IND-3GEN_DRILLS
  6
CONTINUOUS
  2
ROUND_99
 10
3.048000040788065
 20
142.6210000407880045
 30
0.0
 41
-25.3999999999999986
 42
25.3999999999999986
 43
25.3999999999999986
 50
270.0
  0
INSERT
  5
1149
  8
_G01-IND-3GEN_DRILLS
  6
CONTINUOUS
  2
ROUND_99
 10
-13.71599995921191
 20
115.5700000407880026
 30
0.0
 41
-25.3999999999999986
 42
25.3999999999999986
 43
25.3999999999999986
 50
270.0
  0
INSERT
  5
114A
  8
_G01-IND-3GEN_DRILLS
  6
CONTINUOUS
  2
ROUND_99
 10
-22.0979999592119185
 20
98.1710000407880159
 30
0.0
 41
-25.3999999999999986
 42
25.3999999999999986
 43
25.3999999999999986
 50
270.0
  0
INSERT
  5
114B
  8
_G01-IND-3GEN_DRILLS
  6
CONTINUOUS
  2
ROUND_99
 10
61.0870000407880624
 20
159.8930000407879959
 30
0.0
 41
-25.3999999999999986
 42
25.3999999999999986
 43
25.3999999999999986
 50
270.0
  0
INSERT
  5
114C
  8
_G01-IND-3GEN_DRILLS
  6
CONTINUOUS
  2
ROUND_99
 10
-18.4149999592119009
 20
111.8870000407879957
 30
0.0
 41
-25.3999999999999986
 42
25.3999999999999986
 43
25.3999999999999986
 50
270.0
  0
INSERT
  5
114D
  8
_G01-IND-3GEN_DRILLS
  6
CONTINUOUS
  2
ROUND_99
 10
-76.4539999592118988
 20
99.4410000407880119
 30
0.0
 41
-25.3999999999999986
 42
25.3999999999999986
 43
25.3999999999999986
 50
270.0
  0
INSERT
  5
114E
  8
_G01-IND-3GEN_DRILLS
  6
CONTINUOUS
  2
ROUND_99
 10
-47.8789999592119031
 20
104.521000040787996
 30
0.0
 41
-25.3999999999999986
 42
25.3999999999999986
 43
25.3999999999999986
 50
270.0
  0
INSERT
  5
114F
  8
_G01-IND-3GEN_DRILLS
  6
CONTINUOUS
  2
ROUND_99
 10
-40.3859999592119081
 20
115.6970000407879979
 30
0.0
 41
-25.3999999999999986
 42
25.3999999999999986
 43
25.3999999999999986
 50
270.0
  0
INSERT
  5
1150
  8
_G01-IND-3GEN_DRILLS
  6
CONTINUOUS
  2
ROUND_99
 10
-49.1489999592119204
 20
119.5070000407880002
 30
0.0
 41
-25.3999999999999986
 42
25.3999999999999986
 43
25.3999999999999986
 50
270.0
  0
INSERT
  5
1151
  8
_G01-IND-3GEN_DRILLS
  6
CONTINUOUS
  2
ROUND_99
 10
-50.7999999592119096
 20
81.4070000407880059
 30
0.0
 41
-25.3999999999999986
 42
25.3999999999999986
 43
25.3999999999999986
 50
270.0
  0
INSERT
  5
1152
  8
_G01-IND-3GEN_DRILLS
  6
CONTINUOUS
  2
ROUND_99
 10
-47.8789999592119031
 20
99.0600000407879975
 30
0.0
 41
-25.3999999999999986
 42
25.3999999999999986
 43
25.3999999999999986
 50
270.0
  0
INSERT
  5
1153
  8
_G01-IND-3GEN_DRILLS
  6
CONTINUOUS
  2
ROUND_99
 10
-47.8789999592119031
 20
97.7900000407880157
 30
0.0
 41
-25.3999999999999986
 42
25.3999999999999986
 43
25.3999999999999986
 50
270.0
  0
INSERT
  5
1154
  8
_G01-IND-3GEN_DRILLS
  6
CONTINUOUS
  2
ROUND_99
 10
-44.0689999592119221
 20
84.4550000407880219
 30
0.0
 41
-25.3999999999999986
 42
25.3999999999999986
 43
25.3999999999999986
 50
270.0
  0
INSERT
  5
1155
  8
_G01-IND-3GEN_DRILLS
  6
CONTINUOUS
  2
ROUND_99
 10
-28.8289999592119308
 20
201.8030000407879925
 30
0.0
 41
-25.3999999999999986
 42
25.3999999999999986
 43
25.3999999999999986
 50
270.0
  0
INSERT
  5
1156
  8
_G01-IND-3GEN_DRILLS
  6
CONTINUOUS
  2
ROUND_99
 10
-40.1319999592119103
 20
131.8260000407881023
 30
0.0
 41
-25.3999999999999986
 42
25.3999999999999986
 43
25.3999999999999986
 50
270.0
  0
INSERT
  5
1157
  8
_G01-IND-3GEN_DRILLS
  6
CONTINUOUS
  2
ROUND_99
 10
-26.4159999592119412
 20
209.0420000407881105
 30
0.0
 41
-25.3999999999999986
 42
25.3999999999999986
 43
25.3999999999999986
 50
270.0
  0
INSERT
  5
1158
  8
_G01-IND-3GEN_DRILLS
  6
CONTINUOUS
  2
ROUND_99
 10
-28.4479999592119199
 20
101.3460000407879988
 30
0.0
 41
-25.3999999999999986
 42
25.3999999999999986
 43
25.3999999999999986
 50
270.0
  0
INSERT
  5
1159
  8
_G01-IND-3GEN_DRILLS
  6
CONTINUOUS
  2
ROUND_99
 10
-24.5109999592119117
 20
101.3460000407879988
 30
0.0
 41
-25.3999999999999986
 42
25.3999999999999986
 43
25.3999999999999986
 50
270.0
  0
INSERT
  5
115A
  8
_G01-IND-3GEN_DRILLS
  6
CONTINUOUS
  2
ROUND_99
 10
-31.3689999592119406
 20
201.8030000407879072
 30
0.0
 41
-25.3999999999999986
 42
25.3999999999999986
 43
25.3999999999999986
 50
270.0
  0
INSERT
  5
115B
  8
_G01-IND-3GEN_DRILLS
  6
CONTINUOUS
  2
ROUND_99
 10
-43.4339999592119312
 20
166.2430000407879902
 30
0.0
 41
-25.3999999999999986
 42
25.3999999999999986
 43
25.3999999999999986
 50
270.0
  0
INSERT
  5
115C
  8
_G01-IND-3GEN_DRILLS
  6
CONTINUOUS
  2
ROUND_99
 10
-38.9889999592119167
 20
165.2270000407879991
 30
0.0
 41
-25.3999999999999986
 42
25.3999999999999986
 43
25.3999999999999986
 50
270.0
  0
INSERT
  5
115D
  8
_G01-IND-3GEN_DRILLS
  6
CONTINUOUS
  2
ROUND_99
 10
4.8260000407880721
 20
82.4230000407880539
 30
0.0
 41
-25.3999999999999986
 42
25.3999999999999986
 43
25.3999999999999986
 50
270.0
  0
INSERT
  5
115E
  8
_G01-IND-3GEN_DRILLS
  6
CONTINUOUS
  2
ROUND_99
 10
-50.7999999592119096
 20
86.8680000407879902
 30
0.0
 41
-25.3999999999999986
 42
25.3999999999999986
 43
25.3999999999999986
 50
270.0
  0
INSERT
  5
115F
  8
_G01-IND-3GEN_DRILLS
  6
CONTINUOUS
  2
ROUND_99
 10
-57.2769999592119206
 20
85.3440000407880177
 30
0.0
 41
-25.3999999999999986
 42
25.3999999999999986
 43
25.3999999999999986
 50
270.0
  0
INSERT
  5
1160
  8
_G01-IND-3GEN_DRILLS
  6
CONTINUOUS
  2
ROUND_99
 10
-67.3099999592119218
 20
83.5660000407880119
 30
0.0
 41
-25.3999999999999986
 42
25.3999999999999986
 43
25.3999999999999986
 50
270.0
  0
INSERT
  5
1161
  8
_G01-IND-3GEN_DRILLS
  6
CONTINUOUS
  2
ROUND_99
 10
-58.2929999592119117
 20
82.550000040788035
 30
0.0
 41
-25.3999999999999986
 42
25.3999999999999986
 43
25.3999999999999986
 50
270.0
  0
INSERT
  5
1162
  8
_G01-IND-3GEN_DRILLS
  6
CONTINUOUS
  2
ROUND_99
 10
-61.4679999592119088
 20
84.8360000407880364
 30
0.0
 41
-25.3999999999999986
 42
25.3999999999999986
 43
25.3999999999999986
 50
270.0
  0
INSERT
  5
1163
  8
_G01-IND-3GEN_DRILLS
  6
CONTINUOUS
  2
ROUND_99
 10
-62.4839999592119
 20
86.1060000407880466
 30
0.0
 41
-25.3999999999999986
 42
25.3999999999999986
 43
25.3999999999999986
 50
270.0
  0
INSERT
  5
1164
  8
_G01-IND-3GEN_DRILLS
  6
CONTINUOUS
  2
ROUND_99
 10
-77.4699999592119326
 20
118.8720000407879951
 30
0.0
 41
-25.3999999999999986
 42
25.3999999999999986
 43
25.3999999999999986
 50
270.0
  0
INSERT
  5
1165
  8
_G01-IND-3GEN_DRILLS
  6
CONTINUOUS
  2
ROUND_99
 10
-78.6129999592119333
 20
101.981000040788004
 30
0.0
 41
-25.3999999999999986
 42
25.3999999999999986
 43
25.3999999999999986
 50
270.0
  0
INSERT
  5
1166
  8
_G01-IND-3GEN_DRILLS
  6
CONTINUOUS
  2
ROUND_99
 10
-50.7999999592119096
 20
93.2180000407879845
 30
0.0
 41
-25.3999999999999986
 42
25.3999999999999986
 43
25.3999999999999986
 50
270.0
  0
INSERT
  5
1167
  8
_G01-IND-3GEN_DRILLS
  6
CONTINUOUS
  2
ROUND_99
 10
-73.913999959211921
 20
99.0600000407879975
 30
0.0
 41
-25.3999999999999986
 42
25.3999999999999986
 43
25.3999999999999986
 50
270.0
  0
INSERT
  5
1168
  8
_G01-IND-3GEN_DRILLS
  6
CONTINUOUS
  2
ROUND_99
 10
-73.5329999592119066
 20
81.2800000407880248
 30
0.0
 41
-25.3999999999999986
 42
25.3999999999999986
 43
25.3999999999999986
 50
270.0
  0
INSERT
  5
1169
  8
_G01-IND-3GEN_DRILLS
  6
CONTINUOUS
  2
ROUND_99
 10
-29.3369999592119193
 20
152.6540000407881053
 30
0.0
 41
-25.3999999999999986
 42
25.3999999999999986
 43
25.3999999999999986
 50
270.0
  0
INSERT
  5
116A
  8
_G01-IND-3GEN_DRILLS
  6
CONTINUOUS
  2
ROUND_99
 10
-59.3089999592119312
 20
154.9400000407879077
 30
0.0
 41
-25.3999999999999986
 42
25.3999999999999986
 43
25.3999999999999986
 50
270.0
  0
INSERT
  5
116B
  8
_G01-IND-3GEN_DRILLS
  6
CONTINUOUS
  2
ROUND_99
 10
-67.5639999592119125
 20
107.950000040787998
 30
0.0
 41
-25.3999999999999986
 42
25.3999999999999986
 43
25.3999999999999986
 50
270.0
  0
INSERT
  5
116C
  8
_G01-IND-3GEN_DRILLS
  6
CONTINUOUS
  2
ROUND_99
 10
9.7790000407880786
 20
155.3210000407879932
 30
0.0
 41
-25.3999999999999986
 42
25.3999999999999986
 43
25.3999999999999986
 50
270.0
  0
INSERT
  5
116D
  8
_G01-IND-3GEN_DRILLS
  6
CONTINUOUS
  2
ROUND_99
 10
-67.5639999592119125
 20
110.3630000407879947
 30
0.0
 41
-25.3999999999999986
 42
25.3999999999999986
 43
25.3999999999999986
 50
270.0
  0
INSERT
  5
116E
  8
_G01-IND-3GEN_DRILLS
  6
CONTINUOUS
  2
ROUND_99
 10
-59.3089999592119312
 20
153.1620000407878877
 30
0.0
 41
-25.3999999999999986
 42
25.3999999999999986
 43
25.3999999999999986
 50
270.0
  0
INSERT
  5
116F
  8
_G01-IND-3GEN_DRILLS
  6
CONTINUOUS
  2
ROUND_99
 10
7.4930000407880826
 20
149.6060000407879897
 30
0.0
 41
-25.3999999999999986
 42
25.3999999999999986
 43
25.3999999999999986
 50
270.0
  0
INSERT
  5
1170
  8
_G01-IND-3GEN_DRILLS
  6
CONTINUOUS
  2
ROUND_99
 10
76.5810000407880551
 20
168.6560000407880011
 30
0.0
 41
-25.3999999999999986
 42
25.3999999999999986
 43
25.3999999999999986
 50
270.0
  0
INSERT
  5
1171
  8
_G01-IND-3GEN_DRILLS
  6
CONTINUOUS
  2
ROUND_99
 10
-53.5939999592119207
 20
105.1560000407880011
 30
0.0
 41
-25.3999999999999986
 42
25.3999999999999986
 43
25.3999999999999986
 50
270.0
  0
INSERT
  5
1172
  8
_G01-IND-3GEN_DRILLS
  6
CONTINUOUS
  2
ROUND_99
 10
-84.5819999592119132
 20
111.5060000407879954
 30
0.0
 41
-25.3999999999999986
 42
25.3999999999999986
 43
25.3999999999999986
 50
270.0
  0
INSERT
  5
1173
  8
_G01-IND-3GEN_DRILLS
  6
CONTINUOUS
  2
ROUND_99
 10
86.6140000407881132
 20
35.0520000407880232
 30
0.0
 41
-25.3999999999999986
 42
25.3999999999999986
 43
25.3999999999999986
 50
270.0
  0
INSERT
  5
1174
  8
_G01-IND-3GEN_DRILLS
  6
CONTINUOUS
  2
ROUND_99
 10
-85.7249999592119138
 20
134.1120000407879047
 30
0.0
 41
-25.3999999999999986
 42
25.3999999999999986
 43
25.3999999999999986
 50
270.0
  0
INSERT
  5
1175
  8
_G01-IND-3GEN_DRILLS
  6
CONTINUOUS
  2
ROUND_99
 10
-63.2459999592119075
 20
134.8740000407879904
 30
0.0
 41
-25.3999999999999986
 42
25.3999999999999986
 43
25.3999999999999986
 50
270.0
  0
INSERT
  5
1176
  8
_G01-IND-3GEN_DRILLS
  6
CONTINUOUS
  2
ROUND_99
 10
-56.7689999592119179
 20
138.9380000407880118
 30
0.0
 41
-25.3999999999999986
 42
25.3999999999999986
 43
25.3999999999999986
 50
270.0
  0
INSERT
  5
1177
  8
_G01-IND-3GEN_DRILLS
  6
CONTINUOUS
  2
ROUND_99
 10
-50.0379999592119304
 20
138.9380000407880118
 30
0.0
 41
-25.3999999999999986
 42
25.3999999999999986
 43
25.3999999999999986
 50
270.0
  0
INSERT
  5
1178
  8
_G01-IND-3GEN_DRILLS
  6
CONTINUOUS
  2
ROUND_99
 10
-50.0379999592119304
 20
143.5100000407879861
 30
0.0
 41
-25.3999999999999986
 42
25.3999999999999986
 43
25.3999999999999986
 50
270.0
  0
INSERT
  5
1179
  8
_G01-IND-3GEN_DRILLS
  6
CONTINUOUS
  2
ROUND_99
 10
-60.4519999592119319
 20
132.4610000407880079
 30
0.0
 41
-25.3999999999999986
 42
25.3999999999999986
 43
25.3999999999999986
 50
270.0
  0
INSERT
  5
117A
  8
_G01-IND-3GEN_DRILLS
  6
CONTINUOUS
  2
ROUND_99
 10
-62.3569999592119117
 20
125.4760000407879943
 30
0.0
 41
-25.3999999999999986
 42
25.3999999999999986
 43
25.3999999999999986
 50
270.0
  0
INSERT
  5
117B
  8
_G01-IND-3GEN_DRILLS
  6
CONTINUOUS
  2
ROUND_99
 10
-44.7039999592119273
 20
140.7160000407880034
 30
0.0
 41
-25.3999999999999986
 42
25.3999999999999986
 43
25.3999999999999986
 50
270.0
  0
INSERT
  5
117C
  8
_G01-IND-3GEN_DRILLS
  6
CONTINUOUS
  2
ROUND_99
 10
-41.1479999592119086
 20
140.7160000407880034
 30
0.0
 41
-25.3999999999999986
 42
25.3999999999999986
 43
25.3999999999999986
 50
270.0
  0
INSERT
  5
117D
  8
_G01-IND-3GEN_DRILLS
  6
CONTINUOUS
  2
ROUND_99
 10
-41.0209999592119203
 20
129.2860000407879966
 30
0.0
 41
-25.3999999999999986
 42
25.3999999999999986
 43
25.3999999999999986
 50
270.0
  0
INSERT
  5
117E
  8
_G01-IND-3GEN_DRILLS
  6
CONTINUOUS
  2
ROUND_99
 10
-29.0829999592119286
 20
147.4470000407879979
 30
0.0
 41
-25.3999999999999986
 42
25.3999999999999986
 43
25.3999999999999986
 50
270.0
  0
INSERT
  5
117F
  8
_G01-IND-3GEN_DRILLS
  6
CONTINUOUS
  2
ROUND_99
 10
-27.1779999592119204
 20
126.4920000407879996
 30
0.0
 41
-25.3999999999999986
 42
25.3999999999999986
 43
25.3999999999999986
 50
270.0
  0
INSERT
  5
1180
  8
_G01-IND-3GEN_DRILLS
  6
CONTINUOUS
  2
ROUND_99
 10
-5.2069999592119149
 20
132.3340000407879984
 30
0.0
 41
-25.3999999999999986
 42
25.3999999999999986
 43
25.3999999999999986
 50
270.0
  0
INSERT
  5
1181
  8
_G01-IND-3GEN_DRILLS
  6
CONTINUOUS
  2
ROUND_99
 10
-58.038999959211921
 20
165.8620000407879047
 30
0.0
 41
-25.3999999999999986
 42
25.3999999999999986
 43
25.3999999999999986
 50
270.0
  0
INSERT
  5
1182
  8
_G01-IND-3GEN_DRILLS
  6
CONTINUOUS
  2
ROUND_99
 10
-79.5019999592119291
 20
186.5630000407880118
 30
0.0
 41
-25.3999999999999986
 42
25.3999999999999986
 43
25.3999999999999986
 50
270.0
  0
INSERT
  5
1183
  8
_G01-IND-3GEN_DRILLS
  6
CONTINUOUS
  2
ROUND_99
 10
-44.5769999592119319
 20
151.5110000407879909
 30
0.0
 41
-25.3999999999999986
 42
25.3999999999999986
 43
25.3999999999999986
 50
270.0
  0
INSERT
  5
1184
  8
_G01-IND-3GEN_DRILLS
  6
CONTINUOUS
  2
ROUND_99
 10
-49.1489999592119204
 20
150.4950000407879998
 30
0.0
 41
-25.3999999999999986
 42
25.3999999999999986
 43
25.3999999999999986
 50
270.0
  0
INSERT
  5
1185
  8
_G01-IND-3GEN_DRILLS
  6
CONTINUOUS
  2
ROUND_99
 10
-55.8799999592119079
 20
143.383000040788005
 30
0.0
 41
-25.3999999999999986
 42
25.3999999999999986
 43
25.3999999999999986
 50
270.0
  0
INSERT
  5
1186
  8
_G01-IND-3GEN_DRILLS
  6
CONTINUOUS
  2
ROUND_99
 10
-28.4479999592119199
 20
107.4420000407880025
 30
0.0
 41
-25.3999999999999986
 42
25.3999999999999986
 43
25.3999999999999986
 50
270.0
  0
INSERT
  5
1187
  8
_G01-IND-3GEN_DRILLS
  6
CONTINUOUS
  2
ROUND_99
 10
-44.5769999592119319
 20
134.3660000407880091
 30
0.0
 41
-25.3999999999999986
 42
25.3999999999999986
 43
25.3999999999999986
 50
270.0
  0
INSERT
  5
1188
  8
_G01-IND-3GEN_DRILLS
  6
CONTINUOUS
  2
ROUND_99
 10
58.1660000407880631
 20
177.673000040787997
 30
0.0
 41
-25.3999999999999986
 42
25.3999999999999986
 43
25.3999999999999986
 50
270.0
  0
INSERT
  5
1189
  8
_G01-IND-3GEN_DRILLS
  6
CONTINUOUS
  2
ROUND_99
 10
58.5470000407880704
 20
154.1780000407879925
 30
0.0
 41
-25.3999999999999986
 42
25.3999999999999986
 43
25.3999999999999986
 50
270.0
  0
INSERT
  5
118A
  8
_G01-IND-3GEN_DRILLS
  6
CONTINUOUS
  2
ROUND_99
 10
-14.0969999592119493
 20
194.0560000407880068
 30
0.0
 41
-25.3999999999999986
 42
25.3999999999999986
 43
25.3999999999999986
 50
270.0
  0
INSERT
  5
118B
  8
_G01-IND-3GEN_DRILLS
  6
CONTINUOUS
  2
ROUND_99
 10
-27.0509999592119215
 20
109.7280000407880038
 30
0.0
 41
-25.3999999999999986
 42
25.3999999999999986
 43
25.3999999999999986
 50
270.0
  0
INSERT
  5
118C
  8
_G01-IND-3GEN_DRILLS
  6
CONTINUOUS
  2
ROUND_99
 10
-49.9109999592119067
 20
108.3310000407879983
 30
0.0
 41
-25.3999999999999986
 42
25.3999999999999986
 43
25.3999999999999986
 50
270.0
  0
INSERT
  5
118D
  8
_G01-IND-3GEN_DRILLS
  6
CONTINUOUS
  2
ROUND_99
 10
-67.6909999592119078
 20
123.4440000407879978
 30
0.0
 41
-25.3999999999999986
 42
25.3999999999999986
 43
25.3999999999999986
 50
270.0
  0
INSERT
  5
118E
  8
_G01-IND-3GEN_DRILLS
  6
CONTINUOUS
  2
ROUND_99
 10
60.8330000407880718
 20
95.5040000407880854
 30
0.0
 41
-25.3999999999999986
 42
25.3999999999999986
 43
25.3999999999999986
 50
270.0
  0
INSERT
  5
118F
  8
_G01-IND-3GEN_DRILLS
  6
CONTINUOUS
  2
ROUND_99
 10
61.0870000407880624
 20
165.3540000407880086
 30
0.0
 41
-25.3999999999999986
 42
25.3999999999999986
 43
25.3999999999999986
 50
270.0
  0
INSERT
  5
1190
  8
_G01-IND-3GEN_DRILLS
  6
CONTINUOUS
  2
ROUND_99
 10
59.3090000407880567
 20
185.9280000407879925
 30
0.0
 41
-25.3999999999999986
 42
25.3999999999999986
 43
25.3999999999999986
 50
270.0
  0
INSERT
  5
1191
  8
_G01-IND-3GEN_DRILLS
  6
CONTINUOUS
  2
ROUND_99
 10
61.0870000407881122
 20
130.048000040787997
 30
0.0
 41
-25.3999999999999986
 42
25.3999999999999986
 43
25.3999999999999986
 50
270.0
  0
INSERT
  5
1192
  8
_G01-IND-3GEN_DRILLS
  6
CONTINUOUS
  2
ROUND_99
 10
61.0870000407880624
 20
161.1630000407880914
 30
0.0
 41
-25.3999999999999986
 42
25.3999999999999986
 43
25.3999999999999986
 50
270.0
  0
INSERT
  5
1193
  8
_G01-IND-3GEN_DRILLS
  6
CONTINUOUS
  2
ROUND_99
 10
73.6600000407880486
 20
104.0130000407880004
 30
0.0
 41
-25.3999999999999986
 42
25.3999999999999986
 43
25.3999999999999986
 50
270.0
  0
INSERT
  5
1194
  8
_G01-IND-3GEN_DRILLS
  6
CONTINUOUS
  2
ROUND_99
 10
100.457000040788003
 20
90.4240000407880444
 30
0.0
 41
-25.3999999999999986
 42
25.3999999999999986
 43
25.3999999999999986
 50
270.0
  0
INSERT
  5
1195
  8
_G01-IND-3GEN_DRILLS
  6
CONTINUOUS
  2
ROUND_99
 10
4.4450000407881021
 20
18.7960000407880017
 30
0.0
 41
-25.3999999999999986
 42
25.3999999999999986
 43
25.3999999999999986
 50
270.0
  0
INSERT
  5
1196
  8
_G01-IND-3GEN_DRILLS
  6
CONTINUOUS
  2
ROUND_99
 10
12.0650000407880693
 20
19.0500000407880385
 30
0.0
 41
-25.3999999999999986
 42
25.3999999999999986
 43
25.3999999999999986
 50
270.0
  0
INSERT
  5
1197
  8
_G01-IND-3GEN_DRILLS
  6
CONTINUOUS
  2
ROUND_99
 10
-9.9059999592119272
 20
18.415000040788069
 30
0.0
 41
-25.3999999999999986
 42
25.3999999999999986
 43
25.3999999999999986
 50
270.0
  0
INSERT
  5
1198
  8
_G01-IND-3GEN_DRILLS
  6
CONTINUOUS
  2
ROUND_99
 10
-12.4459999592119193
 20
33.401000040788027
 30
0.0
 41
-25.3999999999999986
 42
25.3999999999999986
 43
25.3999999999999986
 50
270.0
  0
INSERT
  5
1199
  8
_G01-IND-3GEN_DRILLS
  6
CONTINUOUS
  2
ROUND_99
 10
-14.8589999592119106
 20
64.2620000407880667
 30
0.0
 41
-25.3999999999999986
 42
25.3999999999999986
 43
25.3999999999999986
 50
270.0
  0
INSERT
  5
119A
  8
_G01-IND-3GEN_DRILLS
  6
CONTINUOUS
  2
ROUND_99
 10
-15.3669999592119204
 20
69.215000040788027
 30
0.0
 41
-25.3999999999999986
 42
25.3999999999999986
 43
25.3999999999999986
 50
270.0
  0
INSERT
  5
119B
  8
_G01-IND-3GEN_DRILLS
  6
CONTINUOUS
  2
ROUND_99
 10
96.2660000407881
 20
18.0340000407880616
 30
0.0
 41
-25.3999999999999986
 42
25.3999999999999986
 43
25.3999999999999986
 50
270.0
  0
INSERT
  5
119C
  8
_G01-IND-3GEN_DRILLS
  6
CONTINUOUS
  2
ROUND_99
 10
-1.015999959211892
 20
19.685000040788001
 30
0.0
 41
-25.3999999999999986
 42
25.3999999999999986
 43
25.3999999999999986
 50
270.0
  0
INSERT
  5
119D
  8
_G01-IND-3GEN_DRILLS
  6
CONTINUOUS
  2
ROUND_99
 10
-1.015999959211892
 20
17.1450000407880587
 30
0.0
 41
-25.3999999999999986
 42
25.3999999999999986
 43
25.3999999999999986
 50
270.0
  0
INSERT
  5
119E
  8
_G01-IND-3GEN_DRILLS
  6
CONTINUOUS
  2
ROUND_99
 10
66.1670000407880963
 20
25.1460000407880884
 30
0.0
 41
-25.3999999999999986
 42
25.3999999999999986
 43
25.3999999999999986
 50
270.0
  0
INSERT
  5
119F
  8
_G01-IND-3GEN_DRILLS
  6
CONTINUOUS
  2
ROUND_99
 10
-1.015999959211892
 20
18.415000040788069
 30
0.0
 41
-25.3999999999999986
 42
25.3999999999999986
 43
25.3999999999999986
 50
270.0
  0
INSERT
  5
11A0
  8
_G01-IND-3GEN_DRILLS
  6
CONTINUOUS
  2
ROUND_99
 10
16.0020000407881007
 20
16.1290000407880783
 30
0.0
 41
-25.3999999999999986
 42
25.3999999999999986
 43
25.3999999999999986
 50
270.0
  0
INSERT
  5
11A1
  8
_G01-IND-3GEN_DRILLS
  6
CONTINUOUS
  2
ROUND_99
 10
-9.2709999592119203
 20
14.0970000407880303
 30
0.0
 41
-25.3999999999999986
 42
25.3999999999999986
 43
25.3999999999999986
 50
270.0
  0
INSERT
  5
11A2
  8
_G01-IND-3GEN_DRILLS
  6
CONTINUOUS
  2
ROUND_99
 10
62.3570000407880798
 20
39.4970000407880306
 30
0.0
 41
-25.3999999999999986
 42
25.3999999999999986
 43
25.3999999999999986
 50
270.0
  0
INSERT
  5
11A3
  8
_G01-IND-3GEN_DRILLS
  6
CONTINUOUS
  2
ROUND_99
 10
-16.0019999592119291
 20
49.276000040788027
 30
0.0
 41
-25.3999999999999986
 42
25.3999999999999986
 43
25.3999999999999986
 50
270.0
  0
INSERT
  5
11A4
  8
_G01-IND-3GEN_DRILLS
  6
CONTINUOUS
  2
ROUND_99
 10
-21.2089999592118907
 20
51.6890000407880308
 30
0.0
 41
-25.3999999999999986
 42
25.3999999999999986
 43
25.3999999999999986
 50
270.0
  0
INSERT
  5
11A5
  8
_G01-IND-3GEN_DRILLS
  6
CONTINUOUS
  2
ROUND_99
 10
-46.8629999592118978
 20
94.6150000407880327
 30
0.0
 41
-25.3999999999999986
 42
25.3999999999999986
 43
25.3999999999999986
 50
270.0
  0
INSERT
  5
11A6
  8
_G01-IND-3GEN_DRILLS
  6
CONTINUOUS
  2
ROUND_99
 10
-50.7999999592119096
 20
94.488000040788009
 30
0.0
 41
-25.3999999999999986
 42
25.3999999999999986
 43
25.3999999999999986
 50
270.0
  0
INSERT
  5
11A7
  8
_G01-IND-3GEN_DRILLS
  6
CONTINUOUS
  2
ROUND_99
 10
60.1980000407881093
 20
101.7270000407879991
 30
0.0
 41
-25.3999999999999986
 42
25.3999999999999986
 43
25.3999999999999986
 50
270.0
  0
INSERT
  5
11A8
  8
_G01-IND-3GEN_DRILLS
  6
CONTINUOUS
  2
ROUND_99
 10
8.7630000407881017
 20
77.8510000407880227
 30
0.0
 41
-25.3999999999999986
 42
25.3999999999999986
 43
25.3999999999999986
 50
270.0
  0
INSERT
  5
11A9
  8
_G01-IND-3GEN_DRILLS
  6
CONTINUOUS
  2
ROUND_99
 10
-12.8269999592119106
 20
113.9190000407880063
 30
0.0
 41
-25.3999999999999986
 42
25.3999999999999986
 43
25.3999999999999986
 50
270.0
  0
INSERT
  5
11AA
  8
_G01-IND-3GEN_DRILLS
  6
CONTINUOUS
  2
ROUND_99
 10
-34.2049099592119319
 20
114.9060465807880007
 30
0.0
 41
-25.3999999999999986
 42
25.3999999999999986
 43
25.3999999999999986
 50
270.0
  0
INSERT
  5
11AB
  8
_G01-IND-3GEN_DRILLS
  6
CONTINUOUS
  2
ROUND_99
 10
58.6740000407881013
 20
84.2010000407880739
 30
0.0
 41
-25.3999999999999986
 42
25.3999999999999986
 43
25.3999999999999986
 50
270.0
  0
INSERT
  5
11AC
  8
_G01-IND-3GEN_DRILLS
  6
CONTINUOUS
  2
ROUND_99
 10
7.6200000407881019
 20
77.8510000407880227
 30
0.0
 41
-25.3999999999999986
 42
25.3999999999999986
 43
25.3999999999999986
 50
270.0
  0
INSERT
  5
11AD
  8
_G01-IND-3GEN_DRILLS
  6
CONTINUOUS
  2
ROUND_99
 10
-14.60499995921192
 20
113.6650000407880015
 30
0.0
 41
-25.3999999999999986
 42
25.3999999999999986
 43
25.3999999999999986
 50
270.0
  0
INSERT
  5
11AE
  8
_G01-IND-3GEN_DRILLS
  6
CONTINUOUS
  2
ROUND_99
 10
-47.8789999592119031
 20
105.7910000407880062
 30
0.0
 41
-25.3999999999999986
 42
25.3999999999999986
 43
25.3999999999999986
 50
270.0
  0
INSERT
  5
11AF
  8
_G01-IND-3GEN_DRILLS
  6
CONTINUOUS
  2
ROUND_99
 10
-67.3099999592119218
 20
96.3930000407879817
 30
0.0
 41
-25.3999999999999986
 42
25.3999999999999986
 43
25.3999999999999986
 50
270.0
  0
INSERT
  5
11B0
  8
_G01-IND-3GEN_DRILLS
  6
CONTINUOUS
  2
ROUND_99
 10
-71.3739999592119148
 20
96.9010000407879772
 30
0.0
 41
-25.3999999999999986
 42
25.3999999999999986
 43
25.3999999999999986
 50
270.0
  0
INSERT
  5
11B1
  8
_G01-IND-3GEN_DRILLS
  6
CONTINUOUS
  2
ROUND_99
 10
-85.9789999592119045
 20
96.3930000407879817
 30
0.0
 41
-25.3999999999999986
 42
25.3999999999999986
 43
25.3999999999999986
 50
270.0
  0
INSERT
  5
11B2
  8
_G01-IND-3GEN_DRILLS
  6
CONTINUOUS
  2
ROUND_99
 10
-41.655999959211897
 20
62.9920000407880494
 30
0.0
 41
-25.3999999999999986
 42
25.3999999999999986
 43
25.3999999999999986
 50
270.0
  0
INSERT
  5
11B3
  8
_G01-IND-3GEN_DRILLS
  6
CONTINUOUS
  2
ROUND_99
 10
-34.7979999592118929
 20
52.3240000407880075
 30
0.0
 41
-25.3999999999999986
 42
25.3999999999999986
 43
25.3999999999999986
 50
270.0
  0
INSERT
  5
11B4
  8
_G01-IND-3GEN_DRILLS
  6
CONTINUOUS
  2
ROUND_99
 10
-55.4989999592119005
 20
82.1690000407880206
 30
0.0
 41
-25.3999999999999986
 42
25.3999999999999986
 43
25.3999999999999986
 50
270.0
  0
INSERT
  5
11B5
  8
_G01-IND-3GEN_DRILLS
  6
CONTINUOUS
  2
ROUND_99
 10
-41.0209999592119203
 20
97.4090000407880154
 30
0.0
 41
-25.3999999999999986
 42
25.3999999999999986
 43
25.3999999999999986
 50
270.0
  0
INSERT
  5
11B6
  8
_G01-IND-3GEN_DRILLS
  6
CONTINUOUS
  2
ROUND_99
 10
-39.7509999592119314
 20
97.4090000407880154
 30
0.0
 41
-25.3999999999999986
 42
25.3999999999999986
 43
25.3999999999999986
 50
270.0
  0
INSERT
  5
11B7
  8
_G01-IND-3GEN_DRILLS
  6
CONTINUOUS
  2
ROUND_99
 10
-38.480999959211907
 20
97.4090000407880154
 30
0.0
 41
-25.3999999999999986
 42
25.3999999999999986
 43
25.3999999999999986
 50
270.0
  0
INSERT
  5
11B8
  8
_G01-IND-3GEN_DRILLS
  6
CONTINUOUS
  2
ROUND_99
 10
-37.2109999592119109
 20
97.4090000407880154
 30
0.0
 41
-25.3999999999999986
 42
25.3999999999999986
 43
25.3999999999999986
 50
270.0
  0
INSERT
  5
11B9
  8
_G01-IND-3GEN_DRILLS
  6
CONTINUOUS
  2
ROUND_99
 10
-35.940999959211922
 20
96.1390000407880336
 30
0.0
 41
-25.3999999999999986
 42
25.3999999999999986
 43
25.3999999999999986
 50
270.0
  0
INSERT
  5
11BA
  8
_G01-IND-3GEN_DRILLS
  6
CONTINUOUS
  2
ROUND_99
 10
-35.940999959211922
 20
97.4090000407880154
 30
0.0
 41
-25.3999999999999986
 42
25.3999999999999986
 43
25.3999999999999986
 50
270.0
  0
INSERT
  5
11BB
  8
_G01-IND-3GEN_DRILLS
  6
CONTINUOUS
  2
ROUND_99
 10
-34.5439999592119307
 20
97.4090000407880154
 30
0.0
 41
-25.3999999999999986
 42
25.3999999999999986
 43
25.3999999999999986
 50
270.0
  0
INSERT
  5
11BC
  8
_G01-IND-3GEN_DRILLS
  6
CONTINUOUS
  2
ROUND_99
 10
-33.1469999592118967
 20
97.4090000407880154
 30
0.0
 41
-25.3999999999999986
 42
25.3999999999999986
 43
25.3999999999999986
 50
270.0
  0
INSERT
  5
11BD
  8
_G01-IND-3GEN_DRILLS
  6
CONTINUOUS
  2
ROUND_99
 10
-35.6869999592119029
 20
39.2430000407879902
 30
0.0
 41
-25.3999999999999986
 42
25.3999999999999986
 43
25.3999999999999986
 50
270.0
  0
INSERT
  5
11BE
  8
_G01-IND-3GEN_DRILLS
  6
CONTINUOUS
  2
ROUND_99
 10
-34.2899999592118974
 20
39.2430000407879902
 30
0.0
 41
-25.3999999999999986
 42
25.3999999999999986
 43
25.3999999999999986
 50
270.0
  0
INSERT
  5
11BF
  8
_G01-IND-3GEN_DRILLS
  6
CONTINUOUS
  2
ROUND_99
 10
-32.5119999592118987
 20
39.2430000407879902
 30
0.0
 41
-25.3999999999999986
 42
25.3999999999999986
 43
25.3999999999999986
 50
270.0
  0
INSERT
  5
11C0
  8
_G01-IND-3GEN_DRILLS
  6
CONTINUOUS
  2
ROUND_99
 10
-31.2419999592118991
 20
40.5130000407880004
 30
0.0
 41
-25.3999999999999986
 42
25.3999999999999986
 43
25.3999999999999986
 50
270.0
  0
INSERT
  5
11C1
  8
_G01-IND-3GEN_DRILLS
  6
CONTINUOUS
  2
ROUND_99
 10
-29.3369999592119015
 20
39.2430000407880328
 30
0.0
 41
-25.3999999999999986
 42
25.3999999999999986
 43
25.3999999999999986
 50
270.0
  0
INSERT
  5
11C2
  8
_G01-IND-3GEN_DRILLS
  6
CONTINUOUS
  2
ROUND_99
 10
-28.0669999592118984
 20
39.2430000407880328
 30
0.0
 41
-25.3999999999999986
 42
25.3999999999999986
 43
25.3999999999999986
 50
270.0
  0
INSERT
  5
11C3
  8
_G01-IND-3GEN_DRILLS
  6
CONTINUOUS
  2
ROUND_99
 10
-28.8289999592119095
 20
35.8140000407880521
 30
0.0
 41
-25.3999999999999986
 42
25.3999999999999986
 43
25.3999999999999986
 50
270.0
  0
INSERT
  5
11C4
  8
_G01-IND-3GEN_DRILLS
  6
CONTINUOUS
  2
ROUND_99
 10
-35.6869999592119029
 20
40.5130000407880004
 30
0.0
 41
-25.3999999999999986
 42
25.3999999999999986
 43
25.3999999999999986
 50
270.0
  0
INSERT
  5
11C5
  8
_G01-IND-3GEN_DRILLS
  6
CONTINUOUS
  2
ROUND_99
 10
-34.2899999592118974
 20
40.5130000407880004
 30
0.0
 41
-25.3999999999999986
 42
25.3999999999999986
 43
25.3999999999999986
 50
270.0
  0
INSERT
  5
11C6
  8
_G01-IND-3GEN_DRILLS
  6
CONTINUOUS
  2
ROUND_99
 10
-31.2419999592118991
 20
39.2430000407879902
 30
0.0
 41
-25.3999999999999986
 42
25.3999999999999986
 43
25.3999999999999986
 50
270.0
  0
INSERT
  5
11C7
  8
_G01-IND-3GEN_DRILLS
  6
CONTINUOUS
  2
ROUND_99
 10
-29.3369999592119015
 20
40.5130000407880004
 30
0.0
 41
-25.3999999999999986
 42
25.3999999999999986
 43
25.3999999999999986
 50
270.0
  0
INSERT
  5
11C8
  8
_G01-IND-3GEN_DRILLS
  6
CONTINUOUS
  2
ROUND_99
 10
-28.0669999592118984
 20
40.5130000407880004
 30
0.0
 41
-25.3999999999999986
 42
25.3999999999999986
 43
25.3999999999999986
 50
270.0
  0
INSERT
  5
11C9
  8
_G01-IND-3GEN_DRILLS
  6
CONTINUOUS
  2
ROUND_99
 10
-26.4159999592118915
 20
39.2430000407880328
 30
0.0
 41
-25.3999999999999986
 42
25.3999999999999986
 43
25.3999999999999986
 50
270.0
  0
INSERT
  5
11CA
  8
_G01-IND-3GEN_DRILLS
  6
CONTINUOUS
  2
ROUND_99
 10
-25.1459999592118884
 20
39.2430000407880328
 30
0.0
 41
-25.3999999999999986
 42
25.3999999999999986
 43
25.3999999999999986
 50
270.0
  0
INSERT
  5
11CB
  8
_G01-IND-3GEN_DRILLS
  6
CONTINUOUS
  2
ROUND_99
 10
-27.4319999592119004
 20
35.8140000407880521
 30
0.0
 41
-25.3999999999999986
 42
25.3999999999999986
 43
25.3999999999999986
 50
270.0
  0
INSERT
  5
11CC
  8
_G01-IND-3GEN_DRILLS
  6
CONTINUOUS
  2
ROUND_99
 10
-32.5119999592118987
 20
40.5130000407880004
 30
0.0
 41
-25.3999999999999986
 42
25.3999999999999986
 43
25.3999999999999986
 50
270.0
  0
INSERT
  5
11CD
  8
_G01-IND-3GEN_DRILLS
  6
CONTINUOUS
  2
ROUND_99
 10
-26.4159999592118915
 20
40.5130000407880004
 30
0.0
 41
-25.3999999999999986
 42
25.3999999999999986
 43
25.3999999999999986
 50
270.0
  0
INSERT
  5
11CE
  8
_G01-IND-3GEN_DRILLS
  6
CONTINUOUS
  2
ROUND_99
 10
-25.1459999592118884
 20
40.5130000407880004
 30
0.0
 41
-25.3999999999999986
 42
25.3999999999999986
 43
25.3999999999999986
 50
270.0
  0
INSERT
  5
11CF
  8
_G01-IND-3GEN_DRILLS
  6
CONTINUOUS
  2
ROUND_99
 10
-42.9259999592119215
 20
115.5700000407880026
 30
0.0
 41
-25.3999999999999986
 42
25.3999999999999986
 43
25.3999999999999986
 50
270.0
  0
INSERT
  5
11D0
  8
_G01-IND-3GEN_DRILLS
  6
CONTINUOUS
  2
ROUND_99
 10
-44.1959999592119104
 20
115.443000040787993
 30
0.0
 41
-25.3999999999999986
 42
25.3999999999999986
 43
25.3999999999999986
 50
270.0
  0
INSERT
  5
11D1
  8
_G01-IND-3GEN_DRILLS
  6
CONTINUOUS
  2
ROUND_99
 10
-45.4659999592119135
 20
115.443000040787993
 30
0.0
 41
-25.3999999999999986
 42
25.3999999999999986
 43
25.3999999999999986
 50
270.0
  0
INSERT
  5
11D2
  8
_G01-IND-3GEN_DRILLS
  6
CONTINUOUS
  2
ROUND_99
 10
-46.7359999592119095
 20
115.443000040787993
 30
0.0
 41
-25.3999999999999986
 42
25.3999999999999986
 43
25.3999999999999986
 50
270.0
  0
INSERT
  5
11D3
  8
_G01-IND-3GEN_DRILLS
  6
CONTINUOUS
  2
ROUND_99
 10
-28.4479999592119199
 20
98.0440000407880206
 30
0.0
 41
-25.3999999999999986
 42
25.3999999999999986
 43
25.3999999999999986
 50
270.0
  0
INSERT
  5
11D4
  8
_G01-IND-3GEN_DRILLS
  6
CONTINUOUS
  2
ROUND_99
 10
-28.4479999592119199
 20
96.1390000407880336
 30
0.0
 41
-25.3999999999999986
 42
25.3999999999999986
 43
25.3999999999999986
 50
270.0
  0
INSERT
  5
11D5
  8
_G01-IND-3GEN_DRILLS
  6
CONTINUOUS
  2
ROUND_99
 10
-28.4479999592119199
 20
103.1240000407880046
 30
0.0
 41
-25.3999999999999986
 42
25.3999999999999986
 43
25.3999999999999986
 50
270.0
  0
INSERT
  5
11D6
  8
_G01-IND-3GEN_DRILLS
  6
CONTINUOUS
  2
ROUND_99
 10
-28.4479999592119199
 20
94.488000040788009
 30
0.0
 41
-25.3999999999999986
 42
25.3999999999999986
 43
25.3999999999999986
 50
270.0
  0
INSERT
  5
11D7
  8
_G01-IND-3GEN_DRILLS
  6
CONTINUOUS
  2
ROUND_99
 10
-47.8789999592119031
 20
100.7110000407879937
 30
0.0
 41
-25.3999999999999986
 42
25.3999999999999986
 43
25.3999999999999986
 50
270.0
  0
INSERT
  5
11D8
  8
_G01-IND-3GEN_DRILLS
  6
CONTINUOUS
  2
ROUND_99
 10
-48.0059999592119198
 20
118.3640000407879995
 30
0.0
 41
-25.3999999999999986
 42
25.3999999999999986
 43
25.3999999999999986
 50
270.0
  0
INSERT
  5
11D9
  8
_G01-IND-3GEN_DRILLS
  6
CONTINUOUS
  2
ROUND_99
 10
-48.0059999592119198
 20
116.4590000407879984
 30
0.0
 41
-25.3999999999999986
 42
25.3999999999999986
 43
25.3999999999999986
 50
270.0
  0
INSERT
  5
11DA
  8
_G01-IND-3GEN_DRILLS
  6
CONTINUOUS
  2
ROUND_99
 10
-35.6869999592119171
 20
115.443000040787993
 30
0.0
 41
-25.3999999999999986
 42
25.3999999999999986
 43
25.3999999999999986
 50
270.0
  0
INSERT
  5
11DB
  8
_G01-IND-3GEN_DRILLS
  6
CONTINUOUS
  2
ROUND_99
 10
-19.1769999592119298
 20
54.2290000407880299
 30
0.0
 41
-25.3999999999999986
 42
25.3999999999999986
 43
25.3999999999999986
 50
270.0
  0
INSERT
  5
11DC
  8
_G01-IND-3GEN_DRILLS
  6
CONTINUOUS
  2
ROUND_99
 10
-11.9379999592118793
 20
55.1180000407880328
 30
0.0
 41
-25.3999999999999986
 42
25.3999999999999986
 43
25.3999999999999986
 50
270.0
  0
INSERT
  5
11DD
  8
_G01-IND-3GEN_DRILLS
  6
CONTINUOUS
  2
ROUND_99
 10
-81.2799999592119065
 20
111.5060000407879954
 30
0.0
 41
-25.3999999999999986
 42
25.3999999999999986
 43
25.3999999999999986
 50
270.0
  0
INSERT
  5
11DE
  8
_G01-IND-3GEN_DRILLS
  6
CONTINUOUS
  2
ROUND_99
 10
-47.8789999592119031
 20
42.1640000407880393
 30
0.0
 41
-25.3999999999999986
 42
25.3999999999999986
 43
25.3999999999999986
 50
270.0
  0
INSERT
  5
11DF
  8
_G01-IND-3GEN_DRILLS
  6
CONTINUOUS
  2
ROUND_99
 10
-67.3099999592119218
 20
81.6610000407880392
 30
0.0
 41
-25.3999999999999986
 42
25.3999999999999986
 43
25.3999999999999986
 50
270.0
  0
INSERT
  5
11E0
  8
_G01-IND-3GEN_DRILLS
  6
CONTINUOUS
  2
ROUND_99
 10
-52.7049999592119107
 20
113.1570000407880059
 30
0.0
 41
-25.3999999999999986
 42
25.3999999999999986
 43
25.3999999999999986
 50
270.0
  0
INSERT
  5
11E1
  8
_G01-IND-3GEN_DRILLS
  6
CONTINUOUS
  2
ROUND_99
 10
-50.9269999592119404
 20
109.8550000407879992
 30
0.0
 41
-25.3999999999999986
 42
25.3999999999999986
 43
25.3999999999999986
 50
270.0
  0
INSERT
  5
11E2
  8
_G01-IND-3GEN_DRILLS
  6
CONTINUOUS
  2
ROUND_99
 10
-10.6679999592119099
 20
49.7840000407880581
 30
0.0
 41
-25.3999999999999986
 42
25.3999999999999986
 43
25.3999999999999986
 50
270.0
  0
INSERT
  5
11E3
  8
_G01-IND-3GEN_DRILLS
  6
CONTINUOUS
  2
ROUND_99
 10
-21.2089999592118907
 20
50.673000040788061
 30
0.0
 41
-25.3999999999999986
 42
25.3999999999999986
 43
25.3999999999999986
 50
270.0
  0
INSERT
  5
11E4
  8
_G01-IND-3GEN_DRILLS
  6
CONTINUOUS
  2
ROUND_99
 10
-60.8329999592119108
 20
92.7100000407880032
 30
0.0
 41
-25.3999999999999986
 42
25.3999999999999986
 43
25.3999999999999986
 50
270.0
  0
INSERT
  5
11E5
  8
_G01-IND-3GEN_DRILLS
  6
CONTINUOUS
  2
ROUND_99
 10
-62.6109999592119095
 20
94.9960000407879761
 30
0.0
 41
-25.3999999999999986
 42
25.3999999999999986
 43
25.3999999999999986
 50
270.0
  0
INSERT
  5
11E6
  8
_G01-IND-3GEN_DRILLS
  6
CONTINUOUS
  2
ROUND_99
 10
-5.07999995921194
 20
204.5970000407880036
 30
0.0
 41
-25.3999999999999986
 42
25.3999999999999986
 43
25.3999999999999986
 50
270.0
  0
INSERT
  5
11E7
  8
_G01-IND-3GEN_DRILLS
  6
CONTINUOUS
  2
ROUND_99
 10
-8.2549999592119416
 20
204.5970000407880036
 30
0.0
 41
-25.3999999999999986
 42
25.3999999999999986
 43
25.3999999999999986
 50
270.0
  0
INSERT
  5
11E8
  8
_G01-IND-3GEN_DRILLS
  6
CONTINUOUS
  2
ROUND_99
 10
-19.1769999592119511
 20
204.7240000407880132
 30
0.0
 41
-25.3999999999999986
 42
25.3999999999999986
 43
25.3999999999999986
 50
270.0
  0
INSERT
  5
11E9
  8
_G01-IND-3GEN_DRILLS
  6
CONTINUOUS
  2
ROUND_99
 10
-28.8289999592119308
 20
203.4540000407880882
 30
0.0
 41
-25.3999999999999986
 42
25.3999999999999986
 43
25.3999999999999986
 50
270.0
  0
INSERT
  5
11EA
  8
_G01-IND-3GEN_DRILLS
  6
CONTINUOUS
  2
ROUND_99
 10
-58.5469999592119024
 20
95.2500000407880236
 30
0.0
 41
-25.3999999999999986
 42
25.3999999999999986
 43
25.3999999999999986
 50
270.0
  0
INSERT
  5
11EB
  8
_G01-IND-3GEN_DRILLS
  6
CONTINUOUS
  2
ROUND_99
 10
-44.8309999592119226
 20
114.6810000407880068
 30
0.0
 41
-25.3999999999999986
 42
25.3999999999999986
 43
25.3999999999999986
 50
270.0
  0
INSERT
  5
11EC
  8
_G01-IND-3GEN_DRILLS
  6
CONTINUOUS
  2
ROUND_99
 10
-37.5919999592119325
 20
114.9350000407879975
 30
0.0
 41
-25.3999999999999986
 42
25.3999999999999986
 43
25.3999999999999986
 50
270.0
  0
INSERT
  5
11ED
  8
_G01-IND-3GEN_DRILLS
  6
CONTINUOUS
  2
ROUND_99
 10
-40.6399999592119201
 20
190.119000040787995
 30
0.0
 41
-25.3999999999999986
 42
25.3999999999999986
 43
25.3999999999999986
 50
270.0
  0
INSERT
  5
11EE
  8
_G01-IND-3GEN_DRILLS
  6
CONTINUOUS
  2
ROUND_99
 10
-10.7949999592119301
 20
211.8360000407880079
 30
0.0
 41
-25.3999999999999986
 42
25.3999999999999986
 43
25.3999999999999986
 50
270.0
  0
INSERT
  5
11EF
  8
_G01-IND-3GEN_DRILLS
  6
CONTINUOUS
  2
ROUND_99
 10
-11.8109999592119106
 20
211.8360000407880079
 30
0.0
 41
-25.3999999999999986
 42
25.3999999999999986
 43
25.3999999999999986
 50
270.0
  0
INSERT
  5
11F0
  8
_G01-IND-3GEN_DRILLS
  6
CONTINUOUS
  2
ROUND_99
 10
-28.8289999592119308
 20
208.4070000407880059
 30
0.0
 41
-25.3999999999999986
 42
25.3999999999999986
 43
25.3999999999999986
 50
270.0
  0
INSERT
  5
11F1
  8
_G01-IND-3GEN_DRILLS
  6
CONTINUOUS
  2
ROUND_99
 10
-35.5599999592119218
 20
118.6180000407880044
 30
0.0
 41
-25.3999999999999986
 42
25.3999999999999986
 43
25.3999999999999986
 50
270.0
  0
INSERT
  5
11F2
  8
_G01-IND-3GEN_DRILLS
  6
CONTINUOUS
  2
ROUND_99
 10
-25.6539999592119088
 20
109.8550000407879992
 30
0.0
 41
-25.3999999999999986
 42
25.3999999999999986
 43
25.3999999999999986
 50
270.0
  0
INSERT
  5
11F3
  8
_G01-IND-3GEN_DRILLS
  6
CONTINUOUS
  2
ROUND_99
 10
-25.9079999592118995
 20
106.9340000407880069
 30
0.0
 41
-25.3999999999999986
 42
25.3999999999999986
 43
25.3999999999999986
 50
270.0
  0
INSERT
  5
11F4
  8
_G01-IND-3GEN_DRILLS
  6
CONTINUOUS
  2
ROUND_99
 10
-7.8739999592119272
 20
102.7430000407880044
 30
0.0
 41
-25.3999999999999986
 42
25.3999999999999986
 43
25.3999999999999986
 50
270.0
  0
INSERT
  5
11F5
  8
_G01-IND-3GEN_DRILLS
  6
CONTINUOUS
  2
ROUND_99
 10
-11.0489999592119208
 20
102.7430000407880044
 30
0.0
 41
-25.3999999999999986
 42
25.3999999999999986
 43
25.3999999999999986
 50
270.0
  0
INSERT
  5
11F6
  8
_G01-IND-3GEN_DRILLS
  6
CONTINUOUS
  2
ROUND_99
 10
-15.4939999592119193
 20
101.3460000407879988
 30
0.0
 41
-25.3999999999999986
 42
25.3999999999999986
 43
25.3999999999999986
 50
270.0
  0
INSERT
  5
11F7
  8
_G01-IND-3GEN_DRILLS
  6
CONTINUOUS
  2
ROUND_99
 10
-15.4939999592119193
 20
109.8550000407879992
 30
0.0
 41
-25.3999999999999986
 42
25.3999999999999986
 43
25.3999999999999986
 50
270.0
  0
INSERT
  5
11F8
  8
_G01-IND-3GEN_DRILLS
  6
CONTINUOUS
  2
ROUND_99
 10
-9.1439999592119001
 20
112.7760000407880057
 30
0.0
 41
-25.3999999999999986
 42
25.3999999999999986
 43
25.3999999999999986
 50
270.0
  0
INSERT
  5
11F9
  8
_G01-IND-3GEN_DRILLS
  6
CONTINUOUS
  2
ROUND_99
 10
-15.7479999592119206
 20
112.2680000407879959
 30
0.0
 41
-25.3999999999999986
 42
25.3999999999999986
 43
25.3999999999999986
 50
270.0
  0
INSERT
  5
11FA
  8
_G01-IND-3GEN_DRILLS
  6
CONTINUOUS
  2
ROUND_99
 10
-20.3199999592119305
 20
112.903000040788001
 30
0.0
 41
-25.3999999999999986
 42
25.3999999999999986
 43
25.3999999999999986
 50
270.0
  0
INSERT
  5
11FB
  8
_G01-IND-3GEN_DRILLS
  6
CONTINUOUS
  2
ROUND_99
 10
-16.3829999592119009
 20
107.3150000407879929
 30
0.0
 41
-25.3999999999999986
 42
25.3999999999999986
 43
25.3999999999999986
 50
270.0
  0
INSERT
  5
11FC
  8
_G01-IND-3GEN_DRILLS
  6
CONTINUOUS
  2
ROUND_99
 10
-22.0979999592119185
 20
99.568000040787993
 30
0.0
 41
-25.3999999999999986
 42
25.3999999999999986
 43
25.3999999999999986
 50
270.0
  0
INSERT
  5
11FD
  8
_G01-IND-3GEN_DRILLS
  6
CONTINUOUS
  2
ROUND_99
 10
-15.3669999592119204
 20
107.3150000407879929
 30
0.0
 41
-25.3999999999999986
 42
25.3999999999999986
 43
25.3999999999999986
 50
270.0
  0
INSERT
  5
11FE
  8
_G01-IND-3GEN_DRILLS
  6
CONTINUOUS
  2
ROUND_99
 10
-20.0659999592119185
 20
96.9010000407880199
 30
0.0
 41
-25.3999999999999986
 42
25.3999999999999986
 43
25.3999999999999986
 50
270.0
  0
INSERT
  5
11FF
  8
_G01-IND-3GEN_DRILLS
  6
CONTINUOUS
  2
ROUND_99
 10
-20.1929999592119103
 20
108.0770000407879934
 30
0.0
 41
-25.3999999999999986
 42
25.3999999999999986
 43
25.3999999999999986
 50
270.0
  0
INSERT
  5
1200
  8
_G01-IND-3GEN_DRILLS
  6
CONTINUOUS
  2
ROUND_99
 10
-47.7050099592119068
 20
108.4059300407879931
 30
0.0
 41
-25.3999999999999986
 42
25.3999999999999986
 43
25.3999999999999986
 50
270.0
  0
INSERT
  5
1201
  8
_G01-IND-3GEN_DRILLS
  6
CONTINUOUS
  2
ROUND_99
 10
-17.7799999592119207
 20
105.6640000407879967
 30
0.0
 41
-25.3999999999999986
 42
25.3999999999999986
 43
25.3999999999999986
 50
270.0
  0
INSERT
  5
1202
  8
_G01-IND-3GEN_DRILLS
  6
CONTINUOUS
  2
ROUND_99
 10
-20.1929999592119103
 20
103.251000040788
 30
0.0
 41
-25.3999999999999986
 42
25.3999999999999986
 43
25.3999999999999986
 50
270.0
  0
INSERT
  5
1203
  8
_G01-IND-3GEN_DRILLS
  6
CONTINUOUS
  2
ROUND_99
 10
-20.1929999592119103
 20
105.6640000407879967
 30
0.0
 41
-25.3999999999999986
 42
25.3999999999999986
 43
25.3999999999999986
 50
270.0
  0
INSERT
  5
1204
  8
_G01-IND-3GEN_DRILLS
  6
CONTINUOUS
  2
ROUND_99
 10
-17.7799999592119207
 20
103.5050000407880049
 30
0.0
 41
-25.3999999999999986
 42
25.3999999999999986
 43
25.3999999999999986
 50
270.0
  0
INSERT
  5
1205
  8
_G01-IND-3GEN_DRILLS
  6
CONTINUOUS
  2
ROUND_99
 10
-16.3829999592119009
 20
103.5050000407880049
 30
0.0
 41
-25.3999999999999986
 42
25.3999999999999986
 43
25.3999999999999986
 50
270.0
  0
INSERT
  5
1206
  8
_G01-IND-3GEN_DRILLS
  6
CONTINUOUS
  2
ROUND_99
 10
-13.7159999592119295
 20
211.8360000407880079
 30
0.0
 41
-25.3999999999999986
 42
25.3999999999999986
 43
25.3999999999999986
 50
270.0
  0
INSERT
  5
1207
  8
_G01-IND-3GEN_DRILLS
  6
CONTINUOUS
  2
ROUND_99
 10
-28.0669999592118984
 20
50.1650000407880299
 30
0.0
 41
-25.3999999999999986
 42
25.3999999999999986
 43
25.3999999999999986
 50
270.0
  0
INSERT
  5
1208
  8
_G01-IND-3GEN_DRILLS
  6
CONTINUOUS
  2
ROUND_99
 10
-35.6869999592119029
 20
34.6710000407880017
 30
0.0
 41
-25.3999999999999986
 42
25.3999999999999986
 43
25.3999999999999986
 50
270.0
  0
INSERT
  5
1209
  8
_G01-IND-3GEN_DRILLS
  6
CONTINUOUS
  2
ROUND_99
 10
-63.3729999592119171
 20
99.314000040788045
 30
0.0
 41
-25.3999999999999986
 42
25.3999999999999986
 43
25.3999999999999986
 50
270.0
  0
INSERT
  5
120A
  8
_G01-IND-3GEN_DRILLS
  6
CONTINUOUS
  2
ROUND_99
 10
-23.7489999592119005
 20
35.8140000407880521
 30
0.0
 41
-25.3999999999999986
 42
25.3999999999999986
 43
25.3999999999999986
 50
270.0
  0
INSERT
  5
120B
  8
_G01-IND-3GEN_DRILLS
  6
CONTINUOUS
  2
ROUND_99
 10
-32.2579999592119009
 20
61.4680000407879916
 30
0.0
 41
-25.3999999999999986
 42
25.3999999999999986
 43
25.3999999999999986
 50
270.0
  0
INSERT
  5
120C
  8
_G01-IND-3GEN_DRILLS
  6
CONTINUOUS
  2
ROUND_99
 10
-40.6399999592118988
 20
84.328000040788055
 30
0.0
 41
-25.3999999999999986
 42
25.3999999999999986
 43
25.3999999999999986
 50
270.0
  0
INSERT
  5
120D
  8
_G01-IND-3GEN_DRILLS
  6
CONTINUOUS
  2
ROUND_99
 10
-59.4359999592118982
 20
104.521000040787996
 30
0.0
 41
-25.3999999999999986
 42
25.3999999999999986
 43
25.3999999999999986
 50
270.0
  0
INSERT
  5
120E
  8
_G01-IND-3GEN_DRILLS
  6
CONTINUOUS
  2
ROUND_99
 10
-76.3269999592119035
 20
108.9660000407880034
 30
0.0
 41
-25.3999999999999986
 42
25.3999999999999986
 43
25.3999999999999986
 50
270.0
  0
INSERT
  5
120F
  8
_G01-IND-3GEN_DRILLS
  6
CONTINUOUS
  2
ROUND_99
 10
-48.3869999592118987
 20
40.5130000407880004
 30
0.0
 41
-25.3999999999999986
 42
25.3999999999999986
 43
25.3999999999999986
 50
270.0
  0
INSERT
  5
1210
  8
_G01-IND-3GEN_DRILLS
  6
CONTINUOUS
  2
ROUND_99
 10
-39.2429999592119074
 20
57.0230000407880198
 30
0.0
 41
-25.3999999999999986
 42
25.3999999999999986
 43
25.3999999999999986
 50
270.0
  0
INSERT
  5
1211
  8
_G01-IND-3GEN_DRILLS
  6
CONTINUOUS
  2
ROUND_99
 10
-39.3699999592119099
 20
38.2270000407880204
 30
0.0
 41
-25.3999999999999986
 42
25.3999999999999986
 43
25.3999999999999986
 50
270.0
  0
INSERT
  5
1212
  8
_G01-IND-3GEN_DRILLS
  6
CONTINUOUS
  2
ROUND_99
 10
-38.3539999592119116
 20
35.941000040788019
 30
0.0
 41
-25.3999999999999986
 42
25.3999999999999986
 43
25.3999999999999986
 50
270.0
  0
INSERT
  5
1213
  8
_G01-IND-3GEN_DRILLS
  6
CONTINUOUS
  2
ROUND_99
 10
74.0410000407880631
 20
134.2390000407879995
 30
0.0
 41
-25.3999999999999986
 42
25.3999999999999986
 43
25.3999999999999986
 50
270.0
  0
INSERT
  5
1214
  8
_G01-IND-3GEN_DRILLS
  6
CONTINUOUS
  2
ROUND_99
 10
-8.0009999592119012
 20
43.0530000407880422
 30
0.0
 41
-25.3999999999999986
 42
25.3999999999999986
 43
25.3999999999999986
 50
270.0
  0
INSERT
  5
1215
  8
_G01-IND-3GEN_DRILLS
  6
CONTINUOUS
  2
ROUND_99
 10
-70.484999959211919
 20
58.0390000407880393
 30
0.0
 41
-25.3999999999999986
 42
25.3999999999999986
 43
25.3999999999999986
 50
270.0
  0
INSERT
  5
1216
  8
_G01-IND-3GEN_DRILLS
  6
CONTINUOUS
  2
ROUND_99
 10
-62.9919999592119026
 20
79.6290000407879859
 30
0.0
 41
-25.3999999999999986
 42
25.3999999999999986
 43
25.3999999999999986
 50
270.0
  0
INSERT
  5
1217
  8
_G01-IND-3GEN_DRILLS
  6
CONTINUOUS
  2
ROUND_99
 10
-64.0079999592119009
 20
81.9150000407879872
 30
0.0
 41
-25.3999999999999986
 42
25.3999999999999986
 43
25.3999999999999986
 50
270.0
  0
INSERT
  5
1218
  8
_G01-IND-3GEN_DRILLS
  6
CONTINUOUS
  2
ROUND_99
 10
-62.9919999592119026
 20
75.1840000407880069
 30
0.0
 41
-25.3999999999999986
 42
25.3999999999999986
 43
25.3999999999999986
 50
270.0
  0
INSERT
  5
1219
  8
_G01-IND-3GEN_DRILLS
  6
CONTINUOUS
  2
ROUND_99
 10
-67.3099999592119218
 20
79.7560000407880523
 30
0.0
 41
-25.3999999999999986
 42
25.3999999999999986
 43
25.3999999999999986
 50
270.0
  0
INSERT
  5
121A
  8
_G01-IND-3GEN_DRILLS
  6
CONTINUOUS
  2
ROUND_99
 10
-67.3099999592119218
 20
77.8510000407879801
 30
0.0
 41
-25.3999999999999986
 42
25.3999999999999986
 43
25.3999999999999986
 50
270.0
  0
INSERT
  5
121B
  8
_G01-IND-3GEN_DRILLS
  6
CONTINUOUS
  2
ROUND_99
 10
-16.0019999592119291
 20
47.3710000407879974
 30
0.0
 41
-25.3999999999999986
 42
25.3999999999999986
 43
25.3999999999999986
 50
270.0
  0
INSERT
  5
121C
  8
_G01-IND-3GEN_DRILLS
  6
CONTINUOUS
  2
ROUND_99
 10
-15.1129999592119102
 20
15.4940000407880198
 30
0.0
 41
-25.3999999999999986
 42
25.3999999999999986
 43
25.3999999999999986
 50
270.0
  0
INSERT
  5
121D
  8
_G01-IND-3GEN_DRILLS
  6
CONTINUOUS
  2
ROUND_99
 10
-39.6239999592119005
 20
29.3370000407880305
 30
0.0
 41
-25.3999999999999986
 42
25.3999999999999986
 43
25.3999999999999986
 50
270.0
  0
INSERT
  5
121E
  8
_G01-IND-3GEN_DRILLS
  6
CONTINUOUS
  2
ROUND_99
 10
-39.6239999592119005
 20
21.4630000407880104
 30
0.0
 41
-25.3999999999999986
 42
25.3999999999999986
 43
25.3999999999999986
 50
270.0
  0
INSERT
  5
121F
  8
_G01-IND-3GEN_DRILLS
  6
CONTINUOUS
  2
ROUND_99
 10
-54.4829999592119023
 20
27.8130000407880082
 30
0.0
 41
-25.3999999999999986
 42
25.3999999999999986
 43
25.3999999999999986
 50
270.0
  0
INSERT
  5
1220
  8
_G01-IND-3GEN_DRILLS
  6
CONTINUOUS
  2
ROUND_99
 10
-47.2439999592118909
 20
29.8450000407880616
 30
0.0
 41
-25.3999999999999986
 42
25.3999999999999986
 43
25.3999999999999986
 50
270.0
  0
INSERT
  5
1221
  8
_G01-IND-3GEN_DRILLS
  6
CONTINUOUS
  2
ROUND_99
 10
-55.8799999592118866
 20
39.8780000407880522
 30
0.0
 41
-25.3999999999999986
 42
25.3999999999999986
 43
25.3999999999999986
 50
270.0
  0
INSERT
  5
1222
  8
_G01-IND-3GEN_DRILLS
  6
CONTINUOUS
  2
ROUND_99
 10
-51.6889999592119125
 20
28.5750000407880407
 30
0.0
 41
-25.3999999999999986
 42
25.3999999999999986
 43
25.3999999999999986
 50
270.0
  0
INSERT
  5
1223
  8
_G01-IND-3GEN_DRILLS
  6
CONTINUOUS
  2
ROUND_99
 10
-79.6289999592119102
 20
59.3090000407880567
 30
0.0
 41
-25.3999999999999986
 42
25.3999999999999986
 43
25.3999999999999986
 50
270.0
  0
INSERT
  5
1224
  8
_G01-IND-3GEN_DRILLS
  6
CONTINUOUS
  2
ROUND_99
 10
-67.1829999592118838
 20
45.5930000407879774
 30
0.0
 41
-25.3999999999999986
 42
25.3999999999999986
 43
25.3999999999999986
 50
270.0
  0
INSERT
  5
1225
  8
_G01-IND-3GEN_DRILLS
  6
CONTINUOUS
  2
ROUND_99
 10
-56.1339999592118915
 20
34.0360000407880321
 30
0.0
 41
-25.3999999999999986
 42
25.3999999999999986
 43
25.3999999999999986
 50
270.0
  0
INSERT
  5
1226
  8
_G01-IND-3GEN_DRILLS
  6
CONTINUOUS
  2
ROUND_99
 10
-55.3719999592119123
 20
21.9710000407879988
 30
0.0
 41
-25.3999999999999986
 42
25.3999999999999986
 43
25.3999999999999986
 50
270.0
  0
INSERT
  5
1227
  8
_G01-IND-3GEN_DRILLS
  6
CONTINUOUS
  2
ROUND_99
 10
-84.962999959211885
 20
63.8810000407880523
 30
0.0
 41
-25.3999999999999986
 42
25.3999999999999986
 43
25.3999999999999986
 50
270.0
  0
INSERT
  5
1228
  8
_G01-IND-3GEN_DRILLS
  6
CONTINUOUS
  2
ROUND_99
 10
-82.1689999592119023
 20
57.4040000407879774
 30
0.0
 41
-25.3999999999999986
 42
25.3999999999999986
 43
25.3999999999999986
 50
270.0
  0
INSERT
  5
1229
  8
_G01-IND-3GEN_DRILLS
  6
CONTINUOUS
  2
ROUND_99
 10
-81.406999959211916
 20
89.1540000407879916
 30
0.0
 41
-25.3999999999999986
 42
25.3999999999999986
 43
25.3999999999999986
 50
270.0
  0
INSERT
  5
122A
  8
_G01-IND-3GEN_DRILLS
  6
CONTINUOUS
  2
ROUND_99
 10
-82.676999959211912
 20
90.4240000407880018
 30
0.0
 41
-25.3999999999999986
 42
25.3999999999999986
 43
25.3999999999999986
 50
270.0
  0
INSERT
  5
122B
  8
_G01-IND-3GEN_DRILLS
  6
CONTINUOUS
  2
ROUND_99
 10
-82.676999959211912
 20
89.1540000407879916
 30
0.0
 41
-25.3999999999999986
 42
25.3999999999999986
 43
25.3999999999999986
 50
270.0
  0
INSERT
  5
122C
  8
_G01-IND-3GEN_DRILLS
  6
CONTINUOUS
  2
ROUND_99
 10
-82.676999959211912
 20
87.8840000407879955
 30
0.0
 41
-25.3999999999999986
 42
25.3999999999999986
 43
25.3999999999999986
 50
270.0
  0
INSERT
  5
122D
  8
_G01-IND-3GEN_DRILLS
  6
CONTINUOUS
  2
ROUND_99
 10
-82.676999959211912
 20
86.6140000407880564
 30
0.0
 41
-25.3999999999999986
 42
25.3999999999999986
 43
25.3999999999999986
 50
270.0
  0
INSERT
  5
122E
  8
_G01-IND-3GEN_DRILLS
  6
CONTINUOUS
  2
ROUND_99
 10
-81.406999959211916
 20
85.3440000407880177
 30
0.0
 41
-25.3999999999999986
 42
25.3999999999999986
 43
25.3999999999999986
 50
270.0
  0
INSERT
  5
122F
  8
_G01-IND-3GEN_DRILLS
  6
CONTINUOUS
  2
ROUND_99
 10
-73.7869999592119115
 20
91.1860000407880307
 30
0.0
 41
-25.3999999999999986
 42
25.3999999999999986
 43
25.3999999999999986
 50
270.0
  0
INSERT
  5
1230
  8
_G01-IND-3GEN_DRILLS
  6
CONTINUOUS
  2
ROUND_99
 10
-75.0569999592118933
 20
91.1860000407880307
 30
0.0
 41
-25.3999999999999986
 42
25.3999999999999986
 43
25.3999999999999986
 50
270.0
  0
INSERT
  5
1231
  8
_G01-IND-3GEN_DRILLS
  6
CONTINUOUS
  2
ROUND_99
 10
-76.4539999592118988
 20
91.1860000407880307
 30
0.0
 41
-25.3999999999999986
 42
25.3999999999999986
 43
25.3999999999999986
 50
270.0
  0
INSERT
  5
1232
  8
_G01-IND-3GEN_DRILLS
  6
CONTINUOUS
  2
ROUND_99
 10
-78.1049999592118951
 20
84.7090000407880126
 30
0.0
 41
-25.3999999999999986
 42
25.3999999999999986
 43
25.3999999999999986
 50
270.0
  0
INSERT
  5
1233
  8
_G01-IND-3GEN_DRILLS
  6
CONTINUOUS
  2
ROUND_99
 10
-76.8349999592119133
 20
85.217000040787994
 30
0.0
 41
-25.3999999999999986
 42
25.3999999999999986
 43
25.3999999999999986
 50
270.0
  0
INSERT
  5
1234
  8
_G01-IND-3GEN_DRILLS
  6
CONTINUOUS
  2
ROUND_99
 10
-76.8349999592119133
 20
75.9460000407879932
 30
0.0
 41
-25.3999999999999986
 42
25.3999999999999986
 43
25.3999999999999986
 50
270.0
  0
INSERT
  5
1235
  8
_G01-IND-3GEN_DRILLS
  6
CONTINUOUS
  2
ROUND_99
 10
-69.9769999592118808
 20
52.3240000407880075
 30
0.0
 41
-25.3999999999999986
 42
25.3999999999999986
 43
25.3999999999999986
 50
270.0
  0
INSERT
  5
1236
  8
_G01-IND-3GEN_DRILLS
  6
CONTINUOUS
  2
ROUND_99
 10
-76.0729999592118844
 20
44.8310000407880622
 30
0.0
 41
-25.3999999999999986
 42
25.3999999999999986
 43
25.3999999999999986
 50
270.0
  0
INSERT
  5
1237
  8
_G01-IND-3GEN_DRILLS
  6
CONTINUOUS
  2
ROUND_99
 10
-48.1329999592119009
 20
94.6150000407880327
 30
0.0
 41
-25.3999999999999986
 42
25.3999999999999986
 43
25.3999999999999986
 50
270.0
  0
INSERT
  5
1238
  8
_G01-IND-3GEN_DRILLS
  6
CONTINUOUS
  2
ROUND_99
 10
-45.5929999592119088
 20
87.1220000407880235
 30
0.0
 41
-25.3999999999999986
 42
25.3999999999999986
 43
25.3999999999999986
 50
270.0
  0
INSERT
  5
1239
  8
_G01-IND-3GEN_DRILLS
  6
CONTINUOUS
  2
ROUND_99
 10
-44.0689999592119221
 20
85.8520000407880133
 30
0.0
 41
-25.3999999999999986
 42
25.3999999999999986
 43
25.3999999999999986
 50
270.0
  0
INSERT
  5
123A
  8
_G01-IND-3GEN_DRILLS
  6
CONTINUOUS
  2
ROUND_99
 10
-42.2909999592119092
 20
87.1220000407880235
 30
0.0
 41
-25.3999999999999986
 42
25.3999999999999986
 43
25.3999999999999986
 50
270.0
  0
INSERT
  5
123B
  8
_G01-IND-3GEN_DRILLS
  6
CONTINUOUS
  2
ROUND_99
 10
-49.4029999592119182
 20
84.328000040788055
 30
0.0
 41
-25.3999999999999986
 42
25.3999999999999986
 43
25.3999999999999986
 50
270.0
  0
INSERT
  5
123C
  8
_G01-IND-3GEN_DRILLS
  6
CONTINUOUS
  2
ROUND_99
 10
-48.1329999592119009
 20
83.0580000407880163
 30
0.0
 41
-25.3999999999999986
 42
25.3999999999999986
 43
25.3999999999999986
 50
270.0
  0
INSERT
  5
123D
  8
_G01-IND-3GEN_DRILLS
  6
CONTINUOUS
  2
ROUND_99
 10
-49.4029999592119182
 20
82.6770000407880161
 30
0.0
 41
-25.3999999999999986
 42
25.3999999999999986
 43
25.3999999999999986
 50
270.0
  0
INSERT
  5
123E
  8
_G01-IND-3GEN_DRILLS
  6
CONTINUOUS
  2
ROUND_99
 10
-50.7999999592119096
 20
82.6770000407880161
 30
0.0
 41
-25.3999999999999986
 42
25.3999999999999986
 43
25.3999999999999986
 50
270.0
  0
INSERT
  5
123F
  8
_G01-IND-3GEN_DRILLS
  6
CONTINUOUS
  2
ROUND_99
 10
-54.2289999592118974
 20
82.9310000407880494
 30
0.0
 41
-25.3999999999999986
 42
25.3999999999999986
 43
25.3999999999999986
 50
270.0
  0
INSERT
  5
1240
  8
_G01-IND-3GEN_DRILLS
  6
CONTINUOUS
  2
ROUND_99
 10
-50.926999959211912
 20
73.1520000407880104
 30
0.0
 41
-25.3999999999999986
 42
25.3999999999999986
 43
25.3999999999999986
 50
270.0
  0
INSERT
  5
1241
  8
_G01-IND-3GEN_DRILLS
  6
CONTINUOUS
  2
ROUND_99
 10
-56.514999959211913
 20
74.9300000407880162
 30
0.0
 41
-25.3999999999999986
 42
25.3999999999999986
 43
25.3999999999999986
 50
270.0
  0
INSERT
  5
1242
  8
_G01-IND-3GEN_DRILLS
  6
CONTINUOUS
  2
ROUND_99
 10
-72.3899999592119059
 20
112.7760000407880057
 30
0.0
 41
-25.3999999999999986
 42
25.3999999999999986
 43
25.3999999999999986
 50
270.0
  0
INSERT
  5
1243
  8
_G01-IND-3GEN_DRILLS
  6
CONTINUOUS
  2
ROUND_99
 10
-36.8299999592119178
 20
92.3290000407880314
 30
0.0
 41
-25.3999999999999986
 42
25.3999999999999986
 43
25.3999999999999986
 50
270.0
  0
INSERT
  5
1244
  8
_G01-IND-3GEN_DRILLS
  6
CONTINUOUS
  2
ROUND_99
 10
-52.5779999592119225
 20
102.7430000407880044
 30
0.0
 41
-25.3999999999999986
 42
25.3999999999999986
 43
25.3999999999999986
 50
270.0
  0
INSERT
  5
1245
  8
_G01-IND-3GEN_DRILLS
  6
CONTINUOUS
  2
ROUND_99
 10
-51.307999959211898
 20
108.3310000407879983
 30
0.0
 41
-25.3999999999999986
 42
25.3999999999999986
 43
25.3999999999999986
 50
270.0
  0
INSERT
  5
1246
  8
_G01-IND-3GEN_DRILLS
  6
CONTINUOUS
  2
ROUND_99
 10
-50.6729999592119071
 20
104.521000040787996
 30
0.0
 41
-25.3999999999999986
 42
25.3999999999999986
 43
25.3999999999999986
 50
270.0
  0
INSERT
  5
1247
  8
_G01-IND-3GEN_DRILLS
  6
CONTINUOUS
  2
ROUND_99
 10
-51.1809999592119169
 20
112.7760000407880057
 30
0.0
 41
-25.3999999999999986
 42
25.3999999999999986
 43
25.3999999999999986
 50
270.0
  0
INSERT
  5
1248
  8
_G01-IND-3GEN_DRILLS
  6
CONTINUOUS
  2
ROUND_99
 10
-33.5279999592119182
 20
116.0780000407879982
 30
0.0
 41
-25.3999999999999986
 42
25.3999999999999986
 43
25.3999999999999986
 50
270.0
  0
INSERT
  5
1249
  8
_G01-IND-3GEN_DRILLS
  6
CONTINUOUS
  2
ROUND_99
 10
-53.5939999592119207
 20
101.3460000407879988
 30
0.0
 41
-25.3999999999999986
 42
25.3999999999999986
 43
25.3999999999999986
 50
270.0
  0
INSERT
  5
124A
  8
_G01-IND-3GEN_DRILLS
  6
CONTINUOUS
  2
ROUND_99
 10
-33.5279999592119182
 20
117.7290000407879944
 30
0.0
 41
-25.3999999999999986
 42
25.3999999999999986
 43
25.3999999999999986
 50
270.0
  0
INSERT
  5
124B
  8
_G01-IND-3GEN_DRILLS
  6
CONTINUOUS
  2
ROUND_99
 10
-36.9569999592119203
 20
115.6970000407879979
 30
0.0
 41
-25.3999999999999986
 42
25.3999999999999986
 43
25.3999999999999986
 50
270.0
  0
INSERT
  5
124C
  8
_G01-IND-3GEN_DRILLS
  6
CONTINUOUS
  2
ROUND_99
 10
-25.780999959211929
 20
113.6650000407880015
 30
0.0
 41
-25.3999999999999986
 42
25.3999999999999986
 43
25.3999999999999986
 50
270.0
  0
INSERT
  5
124D
  8
_G01-IND-3GEN_DRILLS
  6
CONTINUOUS
  2
ROUND_99
 10
-31.6229999592119206
 20
95.8850000407880145
 30
0.0
 41
-25.3999999999999986
 42
25.3999999999999986
 43
25.3999999999999986
 50
270.0
  0
INSERT
  5
124E
  8
_G01-IND-3GEN_DRILLS
  6
CONTINUOUS
  2
ROUND_99
 10
-46.4819999592119117
 20
97.7900000407880157
 30
0.0
 41
-25.3999999999999986
 42
25.3999999999999986
 43
25.3999999999999986
 50
270.0
  0
INSERT
  5
124F
  8
_G01-IND-3GEN_DRILLS
  6
CONTINUOUS
  2
ROUND_99
 10
-43.9419999592118984
 20
96.0120000407880241
 30
0.0
 41
-25.3999999999999986
 42
25.3999999999999986
 43
25.3999999999999986
 50
270.0
  0
INSERT
  5
1250
  8
_G01-IND-3GEN_DRILLS
  6
CONTINUOUS
  2
ROUND_99
 10
-52.1969999592119009
 20
105.0290000407880058
 30
0.0
 41
-25.3999999999999986
 42
25.3999999999999986
 43
25.3999999999999986
 50
270.0
  0
INSERT
  5
1251
  8
_G01-IND-3GEN_DRILLS
  6
CONTINUOUS
  2
ROUND_99
 10
-51.1809999592119169
 20
114.173000040787997
 30
0.0
 41
-25.3999999999999986
 42
25.3999999999999986
 43
25.3999999999999986
 50
270.0
  0
INSERT
  5
1252
  8
_G01-IND-3GEN_DRILLS
  6
CONTINUOUS
  2
ROUND_99
 10
-28.4479999592119199
 20
109.7280000407880038
 30
0.0
 41
-25.3999999999999986
 42
25.3999999999999986
 43
25.3999999999999986
 50
270.0
  0
INSERT
  5
1253
  8
_G01-IND-3GEN_DRILLS
  6
CONTINUOUS
  2
ROUND_99
 10
-26.9239999592119297
 20
100.2030000407879982
 30
0.0
 41
-25.3999999999999986
 42
25.3999999999999986
 43
25.3999999999999986
 50
270.0
  0
INSERT
  5
1254
  8
_G01-IND-3GEN_DRILLS
  6
CONTINUOUS
  2
ROUND_99
 10
-22.859999959211919
 20
109.9820000407879945
 30
0.0
 41
-25.3999999999999986
 42
25.3999999999999986
 43
25.3999999999999986
 50
270.0
  0
INSERT
  5
1255
  8
_G01-IND-3GEN_DRILLS
  6
CONTINUOUS
  2
ROUND_99
 10
-42.4179999592119117
 20
97.4090000407880154
 30
0.0
 41
-25.3999999999999986
 42
25.3999999999999986
 43
25.3999999999999986
 50
270.0
  0
INSERT
  5
1256
  8
_G01-IND-3GEN_DRILLS
  6
CONTINUOUS
  2
ROUND_99
 10
-40.5129999592119319
 20
118.1100000407879946
 30
0.0
 41
-25.3999999999999986
 42
25.3999999999999986
 43
25.3999999999999986
 50
270.0
  0
INSERT
  5
1257
  8
_G01-IND-3GEN_DRILLS
  6
CONTINUOUS
  2
ROUND_99
 10
-53.5939999592119207
 20
103.8860000407880051
 30
0.0
 41
-25.3999999999999986
 42
25.3999999999999986
 43
25.3999999999999986
 50
270.0
  0
INSERT
  5
1258
  8
_G01-IND-3GEN_DRILLS
  6
CONTINUOUS
  2
ROUND_99
 10
-24.6379999592119283
 20
111.2520000407880048
 30
0.0
 41
-25.3999999999999986
 42
25.3999999999999986
 43
25.3999999999999986
 50
270.0
  0
INSERT
  5
1259
  8
_G01-IND-3GEN_DRILLS
  6
CONTINUOUS
  2
ROUND_99
 10
-51.1809999592119169
 20
115.443000040787993
 30
0.0
 41
-25.3999999999999986
 42
25.3999999999999986
 43
25.3999999999999986
 50
270.0
  0
INSERT
  5
125A
  8
_G01-IND-3GEN_DRILLS
  6
CONTINUOUS
  2
ROUND_99
 10
59.5630000407880473
 20
123.9012000407879981
 30
0.0
 41
-25.3999999999999986
 42
25.3999999999999986
 43
25.3999999999999986
 50
270.0
  0
INSERT
  5
125B
  8
_G01-IND-3GEN_DRILLS
  6
CONTINUOUS
  2
ROUND_99
 10
60.9600000407880387
 20
137.3378000407880108
 30
0.0
 41
-25.3999999999999986
 42
25.3999999999999986
 43
25.3999999999999986
 50
270.0
  0
INSERT
  5
125C
  8
_G01-IND-3GEN_DRILLS
  6
CONTINUOUS
  2
ROUND_99
 10
60.8584000407880481
 20
190.1444000407880139
 30
0.0
 41
-25.3999999999999986
 42
25.3999999999999986
 43
25.3999999999999986
 50
270.0
  0
INSERT
  5
125D
  8
_G01-IND-3GEN_DRILLS
  6
CONTINUOUS
  2
ROUND_237
 10
12.7000000407880798
 20
20.574000040788011
 30
0.0
 41
-25.3999999999999986
 42
25.3999999999999986
 43
25.3999999999999986
 50
270.0
  0
INSERT
  5
125E
  8
_G01-IND-3GEN_DRILLS
  6
CONTINUOUS
  2
ROUND_237
 10
23.368000040788079
 20
43.4340000407880495
 30
0.0
 41
-25.3999999999999986
 42
25.3999999999999986
 43
25.3999999999999986
 50
270.0
  0
INSERT
  5
125F
  8
_G01-IND-3GEN_DRILLS
  6
CONTINUOUS
  2
ROUND_237
 10
21.5900000407880803
 20
43.4340000407880495
 30
0.0
 41
-25.3999999999999986
 42
25.3999999999999986
 43
25.3999999999999986
 50
270.0
  0
INSERT
  5
1260
  8
_G01-IND-3GEN_DRILLS
  6
CONTINUOUS
  2
ROUND_237
 10
23.368000040788079
 20
40.6400000407880313
 30
0.0
 41
-25.3999999999999986
 42
25.3999999999999986
 43
25.3999999999999986
 50
270.0
  0
INSERT
  5
1261
  8
_G01-IND-3GEN_DRILLS
  6
CONTINUOUS
  2
ROUND_237
 10
21.5900000407880803
 20
40.6400000407880313
 30
0.0
 41
-25.3999999999999986
 42
25.3999999999999986
 43
25.3999999999999986
 50
270.0
  0
INSERT
  5
1262
  8
_G01-IND-3GEN_DRILLS
  6
CONTINUOUS
  2
ROUND_237
 10
-3.6829999592119029
 20
36.957000040788003
 30
0.0
 41
-25.3999999999999986
 42
25.3999999999999986
 43
25.3999999999999986
 50
270.0
  0
INSERT
  5
1263
  8
_G01-IND-3GEN_DRILLS
  6
CONTINUOUS
  2
ROUND_237
 10
13.3350000407880902
 20
53.0860000407880435
 30
0.0
 41
-25.3999999999999986
 42
25.3999999999999986
 43
25.3999999999999986
 50
270.0
  0
INSERT
  5
1264
  8
_G01-IND-3GEN_DRILLS
  6
CONTINUOUS
  2
ROUND_237
 10
15.3670000407880902
 20
53.0860000407880435
 30
0.0
 41
-25.3999999999999986
 42
25.3999999999999986
 43
25.3999999999999986
 50
270.0
  0
INSERT
  5
1265
  8
_G01-IND-3GEN_DRILLS
  6
CONTINUOUS
  2
ROUND_237
 10
32.7660000407881071
 20
41.1480000407880624
 30
0.0
 41
-25.3999999999999986
 42
25.3999999999999986
 43
25.3999999999999986
 50
270.0
  0
INSERT
  5
1266
  8
_G01-IND-3GEN_DRILLS
  6
CONTINUOUS
  2
ROUND_237
 10
32.7660000407881071
 20
43.1800000407880233
 30
0.0
 41
-25.3999999999999986
 42
25.3999999999999986
 43
25.3999999999999986
 50
270.0
  0
INSERT
  5
1267
  8
_G01-IND-3GEN_DRILLS
  6
CONTINUOUS
  2
ROUND_237
 10
100.7110000407879937
 20
80.1370000407880667
 30
0.0
 41
-25.3999999999999986
 42
25.3999999999999986
 43
25.3999999999999986
 50
270.0
  0
INSERT
  5
1268
  8
_G01-IND-3GEN_DRILLS
  6
CONTINUOUS
  2
ROUND_237
 10
15.3670000407880902
 20
46.7360000407880278
 30
0.0
 41
-25.3999999999999986
 42
25.3999999999999986
 43
25.3999999999999986
 50
270.0
  0
INSERT
  5
1269
  8
_G01-IND-3GEN_DRILLS
  6
CONTINUOUS
  2
ROUND_237
 10
13.3350000407880902
 20
46.7360000407880278
 30
0.0
 41
-25.3999999999999986
 42
25.3999999999999986
 43
25.3999999999999986
 50
270.0
  0
INSERT
  5
126A
  8
_G01-IND-3GEN_DRILLS
  6
CONTINUOUS
  2
ROUND_237
 10
-0.7619999592118983
 20
33.2740000407880032
 30
0.0
 41
-25.3999999999999986
 42
25.3999999999999986
 43
25.3999999999999986
 50
270.0
  0
INSERT
  5
126B
  8
_G01-IND-3GEN_DRILLS
  6
CONTINUOUS
  2
ROUND_237
 10
-0.7619999592118983
 20
35.6870000407880212
 30
0.0
 41
-25.3999999999999986
 42
25.3999999999999986
 43
25.3999999999999986
 50
270.0
  0
INSERT
  5
126C
  8
_G01-IND-3GEN_DRILLS
  6
CONTINUOUS
  2
ROUND_237
 10
66.1670000407880963
 20
26.9240000407879982
 30
0.0
 41
-25.3999999999999986
 42
25.3999999999999986
 43
25.3999999999999986
 50
270.0
  0
INSERT
  5
126D
  8
_G01-IND-3GEN_DRILLS
  6
CONTINUOUS
  2
ROUND_237
 10
-5.0926999592119113
 20
18.9738000407880314
 30
0.0
 41
-25.3999999999999986
 42
25.3999999999999986
 43
25.3999999999999986
 50
270.0
  0
INSERT
  5
126E
  8
_G01-IND-3GEN_DRILLS
  6
CONTINUOUS
  2
ROUND_237
 10
65.1510000407880625
 20
36.4490000407880075
 30
0.0
 41
-25.3999999999999986
 42
25.3999999999999986
 43
25.3999999999999986
 50
270.0
  0
INSERT
  5
126F
  8
_G01-IND-3GEN_DRILLS
  6
CONTINUOUS
  2
ROUND_148
 10
2.5908000407880931
 20
88.8238000407880151
 30
0.0
 41
-25.3999999999999986
 42
25.3999999999999986
 43
25.3999999999999986
 50
270.0
  0
INSERT
  5
1270
  8
_G01-IND-3GEN_DRILLS
  6
CONTINUOUS
  2
ROUND_148
 10
10.2108000407881097
 20
88.8238000407880151
 30
0.0
 41
-25.3999999999999986
 42
25.3999999999999986
 43
25.3999999999999986
 50
270.0
  0
INSERT
  5
1271
  8
_G01-IND-3GEN_DRILLS
  6
CONTINUOUS
  2
ROUND_148
 10
2.5908000407880931
 20
91.3638000407880213
 30
0.0
 41
-25.3999999999999986
 42
25.3999999999999986
 43
25.3999999999999986
 50
270.0
  0
INSERT
  5
1272
  8
_G01-IND-3GEN_DRILLS
  6
CONTINUOUS
  2
ROUND_148
 10
10.2108000407881097
 20
91.3638000407880213
 30
0.0
 41
-25.3999999999999986
 42
25.3999999999999986
 43
25.3999999999999986
 50
270.0
  0
INSERT
  5
1273
  8
_G01-IND-3GEN_DRILLS
  6
CONTINUOUS
  2
ROUND_148
 10
2.5908000407880931
 20
93.9038000407880133
 30
0.0
 41
-25.3999999999999986
 42
25.3999999999999986
 43
25.3999999999999986
 50
270.0
  0
INSERT
  5
1274
  8
_G01-IND-3GEN_DRILLS
  6
CONTINUOUS
  2
ROUND_148
 10
10.2108000407881097
 20
93.9038000407880133
 30
0.0
 41
-25.3999999999999986
 42
25.3999999999999986
 43
25.3999999999999986
 50
270.0
  0
INSERT
  5
1275
  8
_G01-IND-3GEN_DRILLS
  6
CONTINUOUS
  2
ROUND_148
 10
2.5908000407880931
 20
96.4438000407880338
 30
0.0
 41
-25.3999999999999986
 42
25.3999999999999986
 43
25.3999999999999986
 50
270.0
  0
INSERT
  5
1276
  8
_G01-IND-3GEN_DRILLS
  6
CONTINUOUS
  2
ROUND_148
 10
10.2108000407881097
 20
96.4438000407880338
 30
0.0
 41
-25.3999999999999986
 42
25.3999999999999986
 43
25.3999999999999986
 50
270.0
  0
INSERT
  5
1277
  8
_G01-IND-3GEN_DRILLS
  6
CONTINUOUS
  2
ROUND_148
 10
2.5908000407880931
 20
98.9838000407879974
 30
0.0
 41
-25.3999999999999986
 42
25.3999999999999986
 43
25.3999999999999986
 50
270.0
  0
INSERT
  5
1278
  8
_G01-IND-3GEN_DRILLS
  6
CONTINUOUS
  2
ROUND_148
 10
10.2108000407881097
 20
98.9838000407880401
 30
0.0
 41
-25.3999999999999986
 42
25.3999999999999986
 43
25.3999999999999986
 50
270.0
  0
INSERT
  5
1279
  8
_G01-IND-3GEN_DRILLS
  6
CONTINUOUS
  2
ROUND_148
 10
2.5908000407880931
 20
101.5238000407880037
 30
0.0
 41
-25.3999999999999986
 42
25.3999999999999986
 43
25.3999999999999986
 50
270.0
  0
INSERT
  5
127A
  8
_G01-IND-3GEN_DRILLS
  6
CONTINUOUS
  2
ROUND_148
 10
10.2108000407881097
 20
101.5238000407880037
 30
0.0
 41
-25.3999999999999986
 42
25.3999999999999986
 43
25.3999999999999986
 50
270.0
  0
INSERT
  5
127B
  8
_G01-IND-3GEN_DRILLS
  6
CONTINUOUS
  2
ROUND_148
 10
2.5908000407880931
 20
104.0638000407879957
 30
0.0
 41
-25.3999999999999986
 42
25.3999999999999986
 43
25.3999999999999986
 50
270.0
  0
INSERT
  5
127C
  8
_G01-IND-3GEN_DRILLS
  6
CONTINUOUS
  2
ROUND_148
 10
10.2108000407881097
 20
104.0638000407879957
 30
0.0
 41
-25.3999999999999986
 42
25.3999999999999986
 43
25.3999999999999986
 50
270.0
  0
INSERT
  5
127D
  8
_G01-IND-3GEN_DRILLS
  6
CONTINUOUS
  2
ROUND_148
 10
2.5908000407880931
 20
106.603800040788002
 30
0.0
 41
-25.3999999999999986
 42
25.3999999999999986
 43
25.3999999999999986
 50
270.0
  0
INSERT
  5
127E
  8
_G01-IND-3GEN_DRILLS
  6
CONTINUOUS
  2
ROUND_148
 10
10.2108000407881097
 20
106.603800040788002
 30
0.0
 41
-25.3999999999999986
 42
25.3999999999999986
 43
25.3999999999999986
 50
270.0
  0
INSERT
  5
127F
  8
_G01-IND-3GEN_DRILLS
  6
CONTINUOUS
  2
ROUND_148
 10
2.5908000407880931
 20
109.143800040787994
 30
0.0
 41
-25.3999999999999986
 42
25.3999999999999986
 43
25.3999999999999986
 50
270.0
  0
INSERT
  5
1280
  8
_G01-IND-3GEN_DRILLS
  6
CONTINUOUS
  2
ROUND_148
 10
10.2108000407881097
 20
109.143800040787994
 30
0.0
 41
-25.3999999999999986
 42
25.3999999999999986
 43
25.3999999999999986
 50
270.0
  0
INSERT
  5
1281
  8
_G01-IND-3GEN_DRILLS
  6
CONTINUOUS
  2
ROUND_148
 10
2.5908000407880931
 20
111.6838000407880003
 30
0.0
 41
-25.3999999999999986
 42
25.3999999999999986
 43
25.3999999999999986
 50
270.0
  0
INSERT
  5
1282
  8
_G01-IND-3GEN_DRILLS
  6
CONTINUOUS
  2
ROUND_148
 10
10.2108000407881097
 20
111.6838000407880003
 30
0.0
 41
-25.3999999999999986
 42
25.3999999999999986
 43
25.3999999999999986
 50
270.0
  0
INSERT
  5
1283
  8
_G01-IND-3GEN_DRILLS
  6
CONTINUOUS
  2
ROUND_148
 10
2.5908000407880931
 20
114.2238000407880065
 30
0.0
 41
-25.3999999999999986
 42
25.3999999999999986
 43
25.3999999999999986
 50
270.0
  0
INSERT
  5
1284
  8
_G01-IND-3GEN_DRILLS
  6
CONTINUOUS
  2
ROUND_148
 10
10.2108000407881097
 20
114.2238000407880065
 30
0.0
 41
-25.3999999999999986
 42
25.3999999999999986
 43
25.3999999999999986
 50
270.0
  0
INSERT
  5
1285
  8
_G01-IND-3GEN_DRILLS
  6
CONTINUOUS
  2
ROUND_148
 10
2.5908000407880478
 20
116.7638000407879986
 30
0.0
 41
-25.3999999999999986
 42
25.3999999999999986
 43
25.3999999999999986
 50
270.0
  0
INSERT
  5
1286
  8
_G01-IND-3GEN_DRILLS
  6
CONTINUOUS
  2
ROUND_148
 10
10.2108000407881097
 20
116.7638000407879986
 30
0.0
 41
-25.3999999999999986
 42
25.3999999999999986
 43
25.3999999999999986
 50
270.0
  0
INSERT
  5
1287
  8
_G01-IND-3GEN_DRILLS
  6
CONTINUOUS
  2
ROUND_148
 10
37.5920000407880508
 20
188.9760000407879943
 30
0.0
 41
-25.3999999999999986
 42
25.3999999999999986
 43
25.3999999999999986
 50
270.0
  0
INSERT
  5
1288
  8
_G01-IND-3GEN_DRILLS
  6
CONTINUOUS
  2
ROUND_148
 10
95.3770000407880474
 20
186.6900000407881066
 30
0.0
 41
-25.3999999999999986
 42
25.3999999999999986
 43
25.3999999999999986
 50
270.0
  0
INSERT
  5
1289
  8
_G01-IND-3GEN_DRILLS
  6
CONTINUOUS
  2
ROUND_148
 10
-92.5829999592119037
 20
158.4960000407880045
 30
0.0
 41
-25.3999999999999986
 42
25.3999999999999986
 43
25.3999999999999986
 50
270.0
  0
INSERT
  5
128A
  8
_G01-IND-3GEN_DRILLS
  6
CONTINUOUS
  2
ROUND_148
 10
-92.5829999592119037
 20
31.7500000407880414
 30
0.0
 41
-25.3999999999999986
 42
25.3999999999999986
 43
25.3999999999999986
 50
270.0
  0
INSERT
  5
128B
  8
_G01-IND-3GEN_DRILLS
  6
CONTINUOUS
  2
ROUND_148
 10
-92.5829999592119037
 20
44.4500000407880407
 30
0.0
 41
-25.3999999999999986
 42
25.3999999999999986
 43
25.3999999999999986
 50
270.0
  0
INSERT
  5
128C
  8
_G01-IND-3GEN_DRILLS
  6
CONTINUOUS
  2
ROUND_148
 10
-92.5829999592119037
 20
69.5960000407879988
 30
0.0
 41
-25.3999999999999986
 42
25.3999999999999986
 43
25.3999999999999986
 50
270.0
  0
INSERT
  5
128D
  8
_G01-IND-3GEN_DRILLS
  6
CONTINUOUS
  2
ROUND_148
 10
98.9330000407881158
 20
8.1280000407880468
 30
0.0
 41
-25.3999999999999986
 42
25.3999999999999986
 43
25.3999999999999986
 50
270.0
  0
INSERT
  5
128E
  8
_G01-IND-3GEN_DRILLS
  6
CONTINUOUS
  2
ROUND_148
 10
108.3310000407879983
 20
13.3350000407880902
 30
0.0
 41
-25.3999999999999986
 42
25.3999999999999986
 43
25.3999999999999986
 50
270.0
  0
INSERT
  5
128F
  8
_G01-IND-3GEN_DRILLS
  6
CONTINUOUS
  2
ROUND_148
 10
116.5860000407879937
 20
23.6220000407880306
 30
0.0
 41
-25.3999999999999986
 42
25.3999999999999986
 43
25.3999999999999986
 50
270.0
  0
INSERT
  5
1290
  8
_G01-IND-3GEN_DRILLS
  6
CONTINUOUS
  2
ROUND_148
 10
112.7760000407880057
 20
188.0870000407880127
 30
0.0
 41
-25.3999999999999986
 42
25.3999999999999986
 43
25.3999999999999986
 50
270.0
  0
INSERT
  5
1291
  8
_G01-IND-3GEN_DRILLS
  6
CONTINUOUS
  2
ROUND_148
 10
118.6180000407880044
 20
175.7680000407879959
 30
0.0
 41
-25.3999999999999986
 42
25.3999999999999986
 43
25.3999999999999986
 50
270.0
  0
INSERT
  5
1292
  8
_G01-IND-3GEN_DRILLS
  6
CONTINUOUS
  2
ROUND_148
 10
100.8380000407880033
 20
197.2310000407879897
 30
0.0
 41
-25.3999999999999986
 42
25.3999999999999986
 43
25.3999999999999986
 50
270.0
  0
INSERT
  5
1293
  8
_G01-IND-3GEN_DRILLS
  6
CONTINUOUS
  2
ROUND_148
 10
-92.5829999592119037
 20
94.8690000407880234
 30
0.0
 41
-25.3999999999999986
 42
25.3999999999999986
 43
25.3999999999999986
 50
270.0
  0
INSERT
  5
1294
  8
_G01-IND-3GEN_DRILLS
  6
CONTINUOUS
  2
ROUND_148
 10
-92.5829999592119037
 20
82.2960000407880017
 30
0.0
 41
-25.3999999999999986
 42
25.3999999999999986
 43
25.3999999999999986
 50
270.0
  0
INSERT
  5
1295
  8
_G01-IND-3GEN_DRILLS
  6
CONTINUOUS
  2
ROUND_148
 10
-92.5829999592119037
 20
57.02300004078797
 30
0.0
 41
-25.3999999999999986
 42
25.3999999999999986
 43
25.3999999999999986
 50
270.0
  0
INSERT
  5
1296
  8
_G01-IND-3GEN_DRILLS
  6
CONTINUOUS
  2
ROUND_148
 10
-92.5829999592119037
 20
19.0500000407880385
 30
0.0
 41
-25.3999999999999986
 42
25.3999999999999986
 43
25.3999999999999986
 50
270.0
  0
INSERT
  5
1297
  8
_G01-IND-3GEN_DRILLS
  6
CONTINUOUS
  2
ROUND_148
 10
119.2530000407879953
 20
163.0680000407880073
 30
0.0
 41
-25.3999999999999986
 42
25.3999999999999986
 43
25.3999999999999986
 50
270.0
  0
INSERT
  5
1298
  8
_G01-IND-3GEN_DRILLS
  6
CONTINUOUS
  2
ROUND_148
 10
119.2530000407879953
 20
36.0680000407880783
 30
0.0
 41
-25.3999999999999986
 42
25.3999999999999986
 43
25.3999999999999986
 50
270.0
  0
INSERT
  5
1299
  8
_G01-IND-3GEN_DRILLS
  6
CONTINUOUS
  2
ROUND_148
 10
-92.5829999592119037
 20
107.5690000407879978
 30
0.0
 41
-25.3999999999999986
 42
25.3999999999999986
 43
25.3999999999999986
 50
270.0
  0
INSERT
  5
129A
  8
_G01-IND-3GEN_DRILLS
  6
CONTINUOUS
  2
ROUND_148
 10
-92.5829999592119037
 20
120.2690000407880007
 30
0.0
 41
-25.3999999999999986
 42
25.3999999999999986
 43
25.3999999999999986
 50
270.0
  0
INSERT
  5
129B
  8
_G01-IND-3GEN_DRILLS
  6
CONTINUOUS
  2
ROUND_148
 10
-92.5829999592119037
 20
145.6690000407880063
 30
0.0
 41
-25.3999999999999986
 42
25.3999999999999986
 43
25.3999999999999986
 50
270.0
  0
INSERT
  5
129C
  8
_G01-IND-3GEN_DRILLS
  6
CONTINUOUS
  2
ROUND_148
 10
-92.5829999592119037
 20
132.9690000407879893
 30
0.0
 41
-25.3999999999999986
 42
25.3999999999999986
 43
25.3999999999999986
 50
270.0
  0
INSERT
  5
129D
  8
_G01-IND-3GEN_DRILLS
  6
CONTINUOUS
  2
ROUND_148
 10
-92.5829999592119037
 20
182.7530000407878958
 30
0.0
 41
-25.3999999999999986
 42
25.3999999999999986
 43
25.3999999999999986
 50
270.0
  0
INSERT
  5
129E
  8
_G01-IND-3GEN_DRILLS
  6
CONTINUOUS
  2
ROUND_148
 10
-92.5829999592119037
 20
193.2940000407880063
 30
0.0
 41
-25.3999999999999986
 42
25.3999999999999986
 43
25.3999999999999986
 50
270.0
  0
INSERT
  5
129F
  8
_G01-IND-3GEN_DRILLS
  6
CONTINUOUS
  2
ROUND_148
 10
-92.5829999592119037
 20
170.0530000407879072
 30
0.0
 41
-25.3999999999999986
 42
25.3999999999999986
 43
25.3999999999999986
 50
270.0
  0
INSERT
  5
12A0
  8
_G01-IND-3GEN_DRILLS
  6
CONTINUOUS
  2
ROUND_148
 10
-59.1819999592118933
 20
18.923000040788061
 30
0.0
 41
-25.3999999999999986
 42
25.3999999999999986
 43
25.3999999999999986
 50
270.0
  0
INSERT
  5
12A1
  8
_G01-IND-3GEN_DRILLS
  6
CONTINUOUS
  2
ROUND_148
 10
-66.6749999592118883
 20
18.923000040788061
 30
0.0
 41
-25.3999999999999986
 42
25.3999999999999986
 43
25.3999999999999986
 50
270.0
  0
INSERT
  5
12A2
  8
_G01-IND-3GEN_DRILLS
  6
CONTINUOUS
  2
ROUND_148
 10
-76.58099995921188
 20
18.923000040788061
 30
0.0
 41
-25.3999999999999986
 42
25.3999999999999986
 43
25.3999999999999986
 50
270.0
  0
INSERT
  5
12A3
  8
_G01-IND-3GEN_DRILLS
  6
CONTINUOUS
  2
ROUND_148
 10
-82.8039999592119074
 20
18.923000040788061
 30
0.0
 41
-25.3999999999999986
 42
25.3999999999999986
 43
25.3999999999999986
 50
270.0
  0
INSERT
  5
12A4
  8
_G01-IND-3GEN_DRILLS
  6
CONTINUOUS
  2
ROUND_148
 10
-78.4859999592118811
 20
22.3520000407880204
 30
0.0
 41
-25.3999999999999986
 42
25.3999999999999986
 43
25.3999999999999986
 50
270.0
  0
INSERT
  5
12A5
  8
_G01-IND-3GEN_DRILLS
  6
CONTINUOUS
  2
ROUND_148
 10
-69.3419999592119183
 20
26.0350000407879989
 30
0.0
 41
-25.3999999999999986
 42
25.3999999999999986
 43
25.3999999999999986
 50
270.0
  0
INSERT
  5
12A6
  8
_G01-IND-3GEN_DRILLS
  6
CONTINUOUS
  2
ROUND_148
 10
-78.1049999592118951
 20
47.879000040787993
 30
0.0
 41
-25.3999999999999986
 42
25.3999999999999986
 43
25.3999999999999986
 50
270.0
  0
INSERT
  5
12A7
  8
_G01-IND-3GEN_DRILLS
  6
CONTINUOUS
  2
ROUND_148
 10
-82.9309999592119027
 20
47.879000040787993
 30
0.0
 41
-25.3999999999999986
 42
25.3999999999999986
 43
25.3999999999999986
 50
270.0
  0
INSERT
  5
12A8
  8
_G01-IND-3GEN_DRILLS
  6
CONTINUOUS
  2
ROUND_148
 10
119.2530000407879953
 20
150.6220000407880093
 30
0.0
 41
-25.3999999999999986
 42
25.3999999999999986
 43
25.3999999999999986
 50
270.0
  0
INSERT
  5
12A9
  8
_G01-IND-3GEN_DRILLS
  6
CONTINUOUS
  2
ROUND_148
 10
119.2530000407879953
 20
137.9220000407879922
 30
0.0
 41
-25.3999999999999986
 42
25.3999999999999986
 43
25.3999999999999986
 50
270.0
  0
INSERT
  5
12AA
  8
_G01-IND-3GEN_DRILLS
  6
CONTINUOUS
  2
ROUND_148
 10
119.2530000407879953
 20
125.2220000407880036
 30
0.0
 41
-25.3999999999999986
 42
25.3999999999999986
 43
25.3999999999999986
 50
270.0
  0
INSERT
  5
12AB
  8
_G01-IND-3GEN_DRILLS
  6
CONTINUOUS
  2
ROUND_148
 10
119.2530000407879953
 20
112.5220000407880008
 30
0.0
 41
-25.3999999999999986
 42
25.3999999999999986
 43
25.3999999999999986
 50
270.0
  0
INSERT
  5
12AC
  8
_G01-IND-3GEN_DRILLS
  6
CONTINUOUS
  2
ROUND_148
 10
119.2530000407879953
 20
99.8220000407880264
 30
0.0
 41
-25.3999999999999986
 42
25.3999999999999986
 43
25.3999999999999986
 50
270.0
  0
INSERT
  5
12AD
  8
_G01-IND-3GEN_DRILLS
  6
CONTINUOUS
  2
ROUND_148
 10
119.2530000407879953
 20
87.1220000407880235
 30
0.0
 41
-25.3999999999999986
 42
25.3999999999999986
 43
25.3999999999999986
 50
270.0
  0
INSERT
  5
12AE
  8
_G01-IND-3GEN_DRILLS
  6
CONTINUOUS
  2
ROUND_148
 10
119.2530000407879953
 20
74.4220000407880349
 30
0.0
 41
-25.3999999999999986
 42
25.3999999999999986
 43
25.3999999999999986
 50
270.0
  0
INSERT
  5
12AF
  8
_G01-IND-3GEN_DRILLS
  6
CONTINUOUS
  2
ROUND_148
 10
119.2530000407879953
 20
61.722000040788032
 30
0.0
 41
-25.3999999999999986
 42
25.3999999999999986
 43
25.3999999999999986
 50
270.0
  0
INSERT
  5
12B0
  8
_G01-IND-3GEN_DRILLS
  6
CONTINUOUS
  2
ROUND_148
 10
119.2530000407879953
 20
49.0220000407880292
 30
0.0
 41
-25.3999999999999986
 42
25.3999999999999986
 43
25.3999999999999986
 50
270.0
  0
INSERT
  5
12B1
  8
_G01-IND-3GEN_DRILLS
  6
CONTINUOUS
  2
ROUND_148
 10
-91.1859999592119266
 20
6.8580000407880286
 30
0.0
 41
-25.3999999999999986
 42
25.3999999999999986
 43
25.3999999999999986
 50
270.0
  0
INSERT
  5
12B2
  8
_G01-IND-3GEN_DRILLS
  6
CONTINUOUS
  2
ROUND_148
 10
-78.4859999592118811
 20
6.8580000407880286
 30
0.0
 41
-25.3999999999999986
 42
25.3999999999999986
 43
25.3999999999999986
 50
270.0
  0
INSERT
  5
12B3
  8
_G01-IND-3GEN_DRILLS
  6
CONTINUOUS
  2
ROUND_148
 10
-65.7859999592118641
 20
6.8580000407880286
 30
0.0
 41
-25.3999999999999986
 42
25.3999999999999986
 43
25.3999999999999986
 50
270.0
  0
INSERT
  5
12B4
  8
_G01-IND-3GEN_DRILLS
  6
CONTINUOUS
  2
ROUND_148
 10
-53.0859999592119109
 20
6.8580000407880286
 30
0.0
 41
-25.3999999999999986
 42
25.3999999999999986
 43
25.3999999999999986
 50
270.0
  0
INSERT
  5
12B5
  8
_G01-IND-3GEN_DRILLS
  6
CONTINUOUS
  2
ROUND_148
 10
-35.3059999592118814
 20
6.8580000407880286
 30
0.0
 41
-25.3999999999999986
 42
25.3999999999999986
 43
25.3999999999999986
 50
270.0
  0
INSERT
  5
12B6
  8
_G01-IND-3GEN_DRILLS
  6
CONTINUOUS
  2
ROUND_148
 10
-14.98599995921189
 20
6.8580000407880286
 30
0.0
 41
-25.3999999999999986
 42
25.3999999999999986
 43
25.3999999999999986
 50
270.0
  0
INSERT
  5
12B7
  8
_G01-IND-3GEN_DRILLS
  6
CONTINUOUS
  2
ROUND_148
 10
-2.2859999592119098
 20
6.8580000407880286
 30
0.0
 41
-25.3999999999999986
 42
25.3999999999999986
 43
25.3999999999999986
 50
270.0
  0
INSERT
  5
12B8
  8
_G01-IND-3GEN_DRILLS
  6
CONTINUOUS
  2
ROUND_148
 10
10.4140000407880908
 20
6.8580000407880286
 30
0.0
 41
-25.3999999999999986
 42
25.3999999999999986
 43
25.3999999999999986
 50
270.0
  0
INSERT
  5
12B9
  8
_G01-IND-3GEN_DRILLS
  6
CONTINUOUS
  2
ROUND_148
 10
26.9240000407880515
 20
199.5170000407879911
 30
0.0
 41
-25.3999999999999986
 42
25.3999999999999986
 43
25.3999999999999986
 50
270.0
  0
INSERT
  5
12BA
  8
_G01-IND-3GEN_DRILLS
  6
CONTINUOUS
  2
ROUND_148
 10
35.8140000407880876
 20
199.5170000407879911
 30
0.0
 41
-25.3999999999999986
 42
25.3999999999999986
 43
25.3999999999999986
 50
270.0
  0
INSERT
  5
12BB
  8
_G01-IND-3GEN_DRILLS
  6
CONTINUOUS
  2
ROUND_148
 10
48.5140000407880834
 20
199.5170000407879911
 30
0.0
 41
-25.3999999999999986
 42
25.3999999999999986
 43
25.3999999999999986
 50
270.0
  0
INSERT
  5
12BC
  8
_G01-IND-3GEN_DRILLS
  6
CONTINUOUS
  2
ROUND_148
 10
61.2140000407880791
 20
199.5170000407879911
 30
0.0
 41
-25.3999999999999986
 42
25.3999999999999986
 43
25.3999999999999986
 50
270.0
  0
INSERT
  5
12BD
  8
_G01-IND-3GEN_DRILLS
  6
CONTINUOUS
  2
ROUND_148
 10
73.9140000407880819
 20
199.5170000407879911
 30
0.0
 41
-25.3999999999999986
 42
25.3999999999999986
 43
25.3999999999999986
 50
270.0
  0
INSERT
  5
12BE
  8
_G01-IND-3GEN_DRILLS
  6
CONTINUOUS
  2
ROUND_148
 10
86.6140000407880848
 20
199.5170000407879911
 30
0.0
 41
-25.3999999999999986
 42
25.3999999999999986
 43
25.3999999999999986
 50
270.0
  0
INSERT
  5
12BF
  8
_G01-IND-3GEN_DRILLS
  6
CONTINUOUS
  2
ROUND_148
 10
23.1140000407880883
 20
6.8580000407880286
 30
0.0
 41
-25.3999999999999986
 42
25.3999999999999986
 43
25.3999999999999986
 50
270.0
  0
INSERT
  5
12C0
  8
_G01-IND-3GEN_DRILLS
  6
CONTINUOUS
  2
ROUND_148
 10
35.8140000407880876
 20
6.8580000407880286
 30
0.0
 41
-25.3999999999999986
 42
25.3999999999999986
 43
25.3999999999999986
 50
270.0
  0
INSERT
  5
12C1
  8
_G01-IND-3GEN_DRILLS
  6
CONTINUOUS
  2
ROUND_148
 10
48.5140000407880834
 20
6.8580000407880286
 30
0.0
 41
-25.3999999999999986
 42
25.3999999999999986
 43
25.3999999999999986
 50
270.0
  0
INSERT
  5
12C2
  8
_G01-IND-3GEN_DRILLS
  6
CONTINUOUS
  2
ROUND_148
 10
61.2140000407880791
 20
6.8580000407880286
 30
0.0
 41
-25.3999999999999986
 42
25.3999999999999986
 43
25.3999999999999986
 50
270.0
  0
INSERT
  5
12C3
  8
_G01-IND-3GEN_DRILLS
  6
CONTINUOUS
  2
ROUND_148
 10
73.9140000407880819
 20
6.8580000407880286
 30
0.0
 41
-25.3999999999999986
 42
25.3999999999999986
 43
25.3999999999999986
 50
270.0
  0
INSERT
  5
12C4
  8
_G01-IND-3GEN_DRILLS
  6
CONTINUOUS
  2
ROUND_148
 10
86.6140000407881132
 20
6.8580000407880286
 30
0.0
 41
-25.3999999999999986
 42
25.3999999999999986
 43
25.3999999999999986
 50
270.0
  0
INSERT
  5
12C5
  8
_G01-IND-3GEN_DRILLS
  6
CONTINUOUS
  2
ROUND_148
 10
-26.0603999592119102
 20
23.4950000407880601
 30
0.0
 41
-25.3999999999999986
 42
25.3999999999999986
 43
25.3999999999999986
 50
270.0
  0
INSERT
  5
12C6
  8
_G01-IND-3GEN_DRILLS
  6
CONTINUOUS
  2
ROUND_148
 10
-26.0603999592119102
 20
25.5270000407880104
 30
0.0
 41
-25.3999999999999986
 42
25.3999999999999986
 43
25.3999999999999986
 50
270.0
  0
INSERT
  5
12C7
  8
_G01-IND-3GEN_DRILLS
  6
CONTINUOUS
  2
ROUND_148
 10
-118.1099999592119048
 20
180.7210000407879988
 30
0.0
 41
-25.3999999999999986
 42
25.3999999999999986
 43
25.3999999999999986
 50
270.0
  0
INSERT
  5
12C8
  8
_G01-IND-3GEN_DRILLS
  6
CONTINUOUS
  2
ROUND_148
 10
-118.1099999592119048
 20
183.2610000407879909
 30
0.0
 41
-25.3999999999999986
 42
25.3999999999999986
 43
25.3999999999999986
 50
270.0
  0
INSERT
  5
12C9
  8
_G01-IND-3GEN_DRILLS
  6
CONTINUOUS
  2
ROUND_148
 10
-93.9799999592119377
 20
173.101000040787909
 30
0.0
 41
-25.3999999999999986
 42
25.3999999999999986
 43
25.3999999999999986
 50
270.0
  0
INSERT
  5
12CA
  8
_G01-IND-3GEN_DRILLS
  6
CONTINUOUS
  2
ROUND_148
 10
-93.9799999592119377
 20
190.8810000407879102
 30
0.0
 41
-25.3999999999999986
 42
25.3999999999999986
 43
25.3999999999999986
 50
270.0
  0
INSERT
  5
12CB
  8
_G01-IND-3GEN_DRILLS
  6
CONTINUOUS
  2
ROUND_148
 10
-113.7284999592119021
 20
199.5805000407879959
 30
0.0
 41
-25.3999999999999986
 42
25.3999999999999986
 43
25.3999999999999986
 50
270.0
  0
INSERT
  5
12CC
  8
_G01-IND-3GEN_DRILLS
  6
CONTINUOUS
  2
ROUND_148
 10
-78.6764999592118954
 20
199.5805000407879959
 30
0.0
 41
-25.3999999999999986
 42
25.3999999999999986
 43
25.3999999999999986
 50
270.0
  0
INSERT
  5
12CD
  8
_G01-IND-3GEN_DRILLS
  6
CONTINUOUS
  2
ROUND_148
 10
-65.976499959211921
 20
199.5805000407879959
 30
0.0
 41
-25.3999999999999986
 42
25.3999999999999986
 43
25.3999999999999986
 50
270.0
  0
INSERT
  5
12CE
  8
_G01-IND-3GEN_DRILLS
  6
CONTINUOUS
  2
ROUND_148
 10
-53.2764999592119111
 20
199.5805000407879959
 30
0.0
 41
-25.3999999999999986
 42
25.3999999999999986
 43
25.3999999999999986
 50
270.0
  0
INSERT
  5
12CF
  8
_G01-IND-3GEN_DRILLS
  6
CONTINUOUS
  2
ROUND_148
 10
-36.1949999592119411
 20
199.1360000407879909
 30
0.0
 41
-25.3999999999999986
 42
25.3999999999999986
 43
25.3999999999999986
 50
270.0
  0
INSERT
  5
12D0
  8
_G01-IND-3GEN_DRILLS
  6
CONTINUOUS
  2
ROUND_241
 10
-6.9849999592119234
 20
209.4484000407879876
 30
0.0
 41
-25.3999999999999986
 42
25.3999999999999986
 43
25.3999999999999986
 50
270.0
  0
INSERT
  5
12D1
  8
_G01-IND-3GEN_DRILLS
  6
CONTINUOUS
  2
ROUND_241
 10
-6.9849999592119234
 20
206.9084000407879955
 30
0.0
 41
-25.3999999999999986
 42
25.3999999999999986
 43
25.3999999999999986
 50
270.0
  0
INSERT
  5
12D2
  8
_G01-IND-3GEN_DRILLS
  6
CONTINUOUS
  2
ROUND_241
 10
-9.5249999592119146
 20
209.4484000407879876
 30
0.0
 41
-25.3999999999999986
 42
25.3999999999999986
 43
25.3999999999999986
 50
270.0
  0
INSERT
  5
12D3
  8
_G01-IND-3GEN_DRILLS
  6
CONTINUOUS
  2
ROUND_241
 10
-9.5249999592119146
 20
206.9084000407879955
 30
0.0
 41
-25.3999999999999986
 42
25.3999999999999986
 43
25.3999999999999986
 50
270.0
  0
INSERT
  5
12D4
  8
_G01-IND-3GEN_DRILLS
  6
CONTINUOUS
  2
ROUND_241
 10
-12.0649999592119492
 20
209.4484000407879876
 30
0.0
 41
-25.3999999999999986
 42
25.3999999999999986
 43
25.3999999999999986
 50
270.0
  0
INSERT
  5
12D5
  8
_G01-IND-3GEN_DRILLS
  6
CONTINUOUS
  2
ROUND_241
 10
-12.0649999592119492
 20
206.9084000407879955
 30
0.0
 41
-25.3999999999999986
 42
25.3999999999999986
 43
25.3999999999999986
 50
270.0
  0
INSERT
  5
12D6
  8
_G01-IND-3GEN_DRILLS
  6
CONTINUOUS
  2
ROUND_241
 10
-14.6049999592119395
 20
209.4484000407879876
 30
0.0
 41
-25.3999999999999986
 42
25.3999999999999986
 43
25.3999999999999986
 50
270.0
  0
INSERT
  5
12D7
  8
_G01-IND-3GEN_DRILLS
  6
CONTINUOUS
  2
ROUND_241
 10
-14.6049999592119395
 20
206.9084000407879955
 30
0.0
 41
-25.3999999999999986
 42
25.3999999999999986
 43
25.3999999999999986
 50
270.0
  0
INSERT
  5
12D8
  8
_G01-IND-3GEN_DRILLS
  6
CONTINUOUS
  2
ROUND_241
 10
-17.1449999592119511
 20
209.4484000407879876
 30
0.0
 41
-25.3999999999999986
 42
25.3999999999999986
 43
25.3999999999999986
 50
270.0
  0
INSERT
  5
12D9
  8
_G01-IND-3GEN_DRILLS
  6
CONTINUOUS
  2
ROUND_241
 10
-17.1449999592119511
 20
206.9084000407879955
 30
0.0
 41
-25.3999999999999986
 42
25.3999999999999986
 43
25.3999999999999986
 50
270.0
  0
INSERT
  5
12DA
  8
_G01-IND-3GEN_DRILLS
  6
CONTINUOUS
  2
ROUND_241
 10
-19.6849999592119502
 20
209.4484000407879876
 30
0.0
 41
-25.3999999999999986
 42
25.3999999999999986
 43
25.3999999999999986
 50
270.0
  0
INSERT
  5
12DB
  8
_G01-IND-3GEN_DRILLS
  6
CONTINUOUS
  2
ROUND_241
 10
-19.6849999592119502
 20
206.9084000407879955
 30
0.0
 41
-25.3999999999999986
 42
25.3999999999999986
 43
25.3999999999999986
 50
270.0
  0
INSERT
  5
12DC
  8
_G01-IND-3GEN_DRILLS
  6
CONTINUOUS
  2
ROUND_241
 10
-22.2249999592119316
 20
209.4484000407879876
 30
0.0
 41
-25.3999999999999986
 42
25.3999999999999986
 43
25.3999999999999986
 50
270.0
  0
INSERT
  5
12DD
  8
_G01-IND-3GEN_DRILLS
  6
CONTINUOUS
  2
ROUND_241
 10
-22.2249999592119316
 20
206.9084000407879955
 30
0.0
 41
-25.3999999999999986
 42
25.3999999999999986
 43
25.3999999999999986
 50
270.0
  0
INSERT
  5
12DE
  8
_G01-IND-3GEN_DRILLS
  6
CONTINUOUS
  2
ROUND_241
 10
-24.7649999592119308
 20
209.4484000407879876
 30
0.0
 41
-25.3999999999999986
 42
25.3999999999999986
 43
25.3999999999999986
 50
270.0
  0
INSERT
  5
12DF
  8
_G01-IND-3GEN_DRILLS
  6
CONTINUOUS
  2
ROUND_241
 10
-24.7649999592119308
 20
206.9084000407879955
 30
0.0
 41
-25.3999999999999986
 42
25.3999999999999986
 43
25.3999999999999986
 50
270.0
  0
INSERT
  5
12E0
  8
_G01-IND-3GEN_DRILLS
  6
CONTINUOUS
  2
ROUND_241
 10
31.8770000407881113
 20
27.5590000407880602
 30
0.0
 41
-25.3999999999999986
 42
25.3999999999999986
 43
25.3999999999999986
 50
270.0
  0
INSERT
  5
12E1
  8
_G01-IND-3GEN_DRILLS
  6
CONTINUOUS
  2
ROUND_241
 10
36.9570000407880883
 20
27.5590000407880602
 30
0.0
 41
-25.3999999999999986
 42
25.3999999999999986
 43
25.3999999999999986
 50
270.0
  0
INSERT
  5
12E2
  8
_G01-IND-3GEN_DRILLS
  6
CONTINUOUS
  2
ROUND_139
 10
36.3982000407880832
 20
34.6710000407880514
 30
0.0
 41
-25.3999999999999986
 42
25.3999999999999986
 43
25.3999999999999986
 50
270.0
  0
INSERT
  5
12E3
  8
_G01-IND-3GEN_DRILLS
  6
CONTINUOUS
  2
ROUND_139
 10
38.9382000407880682
 20
34.6710000407880514
 30
0.0
 41
-25.3999999999999986
 42
25.3999999999999986
 43
25.3999999999999986
 50
270.0
  0
INSERT
  5
12E4
  8
_G01-IND-3GEN_DRILLS
  6
CONTINUOUS
  2
ROUND_139
 10
36.3982000407880832
 20
37.2110000407880435
 30
0.0
 41
-25.3999999999999986
 42
25.3999999999999986
 43
25.3999999999999986
 50
270.0
  0
INSERT
  5
12E5
  8
_G01-IND-3GEN_DRILLS
  6
CONTINUOUS
  2
ROUND_139
 10
38.9382000407880682
 20
37.2110000407880435
 30
0.0
 41
-25.3999999999999986
 42
25.3999999999999986
 43
25.3999999999999986
 50
270.0
  0
INSERT
  5
12E6
  8
_G01-IND-3GEN_DRILLS
  6
CONTINUOUS
  2
ROUND_139
 10
36.3982000407880832
 20
39.751000040788071
 30
0.0
 41
-25.3999999999999986
 42
25.3999999999999986
 43
25.3999999999999986
 50
270.0
  0
INSERT
  5
12E7
  8
_G01-IND-3GEN_DRILLS
  6
CONTINUOUS
  2
ROUND_139
 10
38.9382000407880682
 20
39.751000040788071
 30
0.0
 41
-25.3999999999999986
 42
25.3999999999999986
 43
25.3999999999999986
 50
270.0
  0
INSERT
  5
12E8
  8
_G01-IND-3GEN_DRILLS
  6
CONTINUOUS
  2
ROUND_139
 10
59.5630000407880473
 20
86.2330000407880277
 30
0.0
 41
-25.3999999999999986
 42
25.3999999999999986
 43
25.3999999999999986
 50
270.0
  0
INSERT
  5
12E9
  8
_G01-IND-3GEN_DRILLS
  6
CONTINUOUS
  2
ROUND_139
 10
59.5630000407880473
 20
88.7730000407880624
 30
0.0
 41
-25.3999999999999986
 42
25.3999999999999986
 43
25.3999999999999986
 50
270.0
  0
INSERT
  5
12EA
  8
_G01-IND-3GEN_DRILLS
  6
CONTINUOUS
  2
ROUND_139
 10
59.5630000407880473
 20
109.0930000407880982
 30
0.0
 41
-25.3999999999999986
 42
25.3999999999999986
 43
25.3999999999999986
 50
270.0
  0
INSERT
  5
12EB
  8
_G01-IND-3GEN_DRILLS
  6
CONTINUOUS
  2
ROUND_139
 10
59.5630000407880473
 20
111.633000040788005
 30
0.0
 41
-25.3999999999999986
 42
25.3999999999999986
 43
25.3999999999999986
 50
270.0
  0
INSERT
  5
12EC
  8
_G01-IND-3GEN_DRILLS
  6
CONTINUOUS
  2
ROUND_139
 10
49.4030000407880934
 20
119.2530000407879953
 30
0.0
 41
-25.3999999999999986
 42
25.3999999999999986
 43
25.3999999999999986
 50
270.0
  0
INSERT
  5
12ED
  8
_G01-IND-3GEN_DRILLS
  6
CONTINUOUS
  2
ROUND_139
 10
49.4030000407880934
 20
116.7130000407880033
 30
0.0
 41
-25.3999999999999986
 42
25.3999999999999986
 43
25.3999999999999986
 50
270.0
  0
INSERT
  5
12EE
  8
_G01-IND-3GEN_DRILLS
  6
CONTINUOUS
  2
ROUND_139
 10
49.4030000407880934
 20
111.633000040788005
 30
0.0
 41
-25.3999999999999986
 42
25.3999999999999986
 43
25.3999999999999986
 50
270.0
  0
INSERT
  5
12EF
  8
_G01-IND-3GEN_DRILLS
  6
CONTINUOUS
  2
ROUND_139
 10
49.4030000407880934
 20
109.0930000407879987
 30
0.0
 41
-25.3999999999999986
 42
25.3999999999999986
 43
25.3999999999999986
 50
270.0
  0
INSERT
  5
12F0
  8
_G01-IND-3GEN_DRILLS
  6
CONTINUOUS
  2
ROUND_139
 10
49.4030000407880934
 20
104.0130000407880004
 30
0.0
 41
-25.3999999999999986
 42
25.3999999999999986
 43
25.3999999999999986
 50
270.0
  0
INSERT
  5
12F1
  8
_G01-IND-3GEN_DRILLS
  6
CONTINUOUS
  2
ROUND_139
 10
49.4030000407880934
 20
101.4730000407879942
 30
0.0
 41
-25.3999999999999986
 42
25.3999999999999986
 43
25.3999999999999986
 50
270.0
  0
INSERT
  5
12F2
  8
_G01-IND-3GEN_DRILLS
  6
CONTINUOUS
  2
ROUND_139
 10
49.4030000407880934
 20
96.3930000407880527
 30
0.0
 41
-25.3999999999999986
 42
25.3999999999999986
 43
25.3999999999999986
 50
270.0
  0
INSERT
  5
12F3
  8
_G01-IND-3GEN_DRILLS
  6
CONTINUOUS
  2
ROUND_139
 10
49.4030000407880934
 20
93.8530000407880465
 30
0.0
 41
-25.3999999999999986
 42
25.3999999999999986
 43
25.3999999999999986
 50
270.0
  0
INSERT
  5
12F4
  8
_G01-IND-3GEN_DRILLS
  6
CONTINUOUS
  2
ROUND_139
 10
49.4030000407880934
 20
88.7730000407880624
 30
0.0
 41
-25.3999999999999986
 42
25.3999999999999986
 43
25.3999999999999986
 50
270.0
  0
INSERT
  5
12F5
  8
_G01-IND-3GEN_DRILLS
  6
CONTINUOUS
  2
ROUND_139
 10
49.4030000407880934
 20
86.2330000407880277
 30
0.0
 41
-25.3999999999999986
 42
25.3999999999999986
 43
25.3999999999999986
 50
270.0
  0
INSERT
  5
12F6
  8
_G01-IND-3GEN_DRILLS
  6
CONTINUOUS
  2
ROUND_139
 10
49.4030000407880934
 20
81.1530000407880436
 30
0.0
 41
-25.3999999999999986
 42
25.3999999999999986
 43
25.3999999999999986
 50
270.0
  0
INSERT
  5
12F7
  8
_G01-IND-3GEN_DRILLS
  6
CONTINUOUS
  2
ROUND_139
 10
49.4030000407880934
 20
78.613000040788009
 30
0.0
 41
-25.3999999999999986
 42
25.3999999999999986
 43
25.3999999999999986
 50
270.0
  0
INSERT
  5
12F8
  8
_G01-IND-3GEN_DRILLS
  6
CONTINUOUS
  2
ROUND_139
 10
59.5630000407880473
 20
149.8600000407880941
 30
0.0
 41
-25.3999999999999986
 42
25.3999999999999986
 43
25.3999999999999986
 50
270.0
  0
INSERT
  5
12F9
  8
_G01-IND-3GEN_DRILLS
  6
CONTINUOUS
  2
ROUND_139
 10
59.5630000407880473
 20
152.4000000407880009
 30
0.0
 41
-25.3999999999999986
 42
25.3999999999999986
 43
25.3999999999999986
 50
270.0
  0
INSERT
  5
12FA
  8
_G01-IND-3GEN_DRILLS
  6
CONTINUOUS
  2
ROUND_139
 10
59.5630000407880473
 20
172.7200000407879941
 30
0.0
 41
-25.3999999999999986
 42
25.3999999999999986
 43
25.3999999999999986
 50
270.0
  0
INSERT
  5
12FB
  8
_G01-IND-3GEN_DRILLS
  6
CONTINUOUS
  2
ROUND_139
 10
59.5630000407880473
 20
175.2600000407879861
 30
0.0
 41
-25.3999999999999986
 42
25.3999999999999986
 43
25.3999999999999986
 50
270.0
  0
INSERT
  5
12FC
  8
_G01-IND-3GEN_DRILLS
  6
CONTINUOUS
  2
ROUND_139
 10
49.4030000407880365
 20
182.8800000407879907
 30
0.0
 41
-25.3999999999999986
 42
25.3999999999999986
 43
25.3999999999999986
 50
270.0
  0
INSERT
  5
12FD
  8
_G01-IND-3GEN_DRILLS
  6
CONTINUOUS
  2
ROUND_139
 10
49.4030000407880365
 20
180.3400000407879986
 30
0.0
 41
-25.3999999999999986
 42
25.3999999999999986
 43
25.3999999999999986
 50
270.0
  0
INSERT
  5
12FE
  8
_G01-IND-3GEN_DRILLS
  6
CONTINUOUS
  2
ROUND_139
 10
49.4030000407880365
 20
175.2600000407879861
 30
0.0
 41
-25.3999999999999986
 42
25.3999999999999986
 43
25.3999999999999986
 50
270.0
  0
INSERT
  5
12FF
  8
_G01-IND-3GEN_DRILLS
  6
CONTINUOUS
  2
ROUND_139
 10
49.4030000407880365
 20
172.7200000407879941
 30
0.0
 41
-25.3999999999999986
 42
25.3999999999999986
 43
25.3999999999999986
 50
270.0
  0
INSERT
  5
1300
  8
_G01-IND-3GEN_DRILLS
  6
CONTINUOUS
  2
ROUND_139
 10
49.4030000407880365
 20
167.64000004078801
 30
0.0
 41
-25.3999999999999986
 42
25.3999999999999986
 43
25.3999999999999986
 50
270.0
  0
INSERT
  5
1301
  8
_G01-IND-3GEN_DRILLS
  6
CONTINUOUS
  2
ROUND_139
 10
49.4030000407880365
 20
165.1000000407879895
 30
0.0
 41
-25.3999999999999986
 42
25.3999999999999986
 43
25.3999999999999986
 50
270.0
  0
INSERT
  5
1302
  8
_G01-IND-3GEN_DRILLS
  6
CONTINUOUS
  2
ROUND_139
 10
49.4030000407880365
 20
160.0200000407880054
 30
0.0
 41
-25.3999999999999986
 42
25.3999999999999986
 43
25.3999999999999986
 50
270.0
  0
INSERT
  5
1303
  8
_G01-IND-3GEN_DRILLS
  6
CONTINUOUS
  2
ROUND_139
 10
49.4030000407880365
 20
157.4800000407880134
 30
0.0
 41
-25.3999999999999986
 42
25.3999999999999986
 43
25.3999999999999986
 50
270.0
  0
INSERT
  5
1304
  8
_G01-IND-3GEN_DRILLS
  6
CONTINUOUS
  2
ROUND_139
 10
49.4030000407880365
 20
152.4000000407880009
 30
0.0
 41
-25.3999999999999986
 42
25.3999999999999986
 43
25.3999999999999986
 50
270.0
  0
INSERT
  5
1305
  8
_G01-IND-3GEN_DRILLS
  6
CONTINUOUS
  2
ROUND_139
 10
49.4030000407880365
 20
149.8600000407880941
 30
0.0
 41
-25.3999999999999986
 42
25.3999999999999986
 43
25.3999999999999986
 50
270.0
  0
INSERT
  5
1306
  8
_G01-IND-3GEN_DRILLS
  6
CONTINUOUS
  2
ROUND_139
 10
49.4030000407880365
 20
144.7800000407879963
 30
0.0
 41
-25.3999999999999986
 42
25.3999999999999986
 43
25.3999999999999986
 50
270.0
  0
INSERT
  5
1307
  8
_G01-IND-3GEN_DRILLS
  6
CONTINUOUS
  2
ROUND_139
 10
49.4030000407880365
 20
142.2400000407880043
 30
0.0
 41
-25.3999999999999986
 42
25.3999999999999986
 43
25.3999999999999986
 50
270.0
  0
INSERT
  5
1308
  8
_G01-IND-3GEN_DRILLS
  6
CONTINUOUS
  2
ROUND_139
 10
65.2780000407880436
 20
186.1820000407880116
 30
0.0
 41
-25.3999999999999986
 42
25.3999999999999986
 43
25.3999999999999986
 50
270.0
  0
INSERT
  5
1309
  8
_G01-IND-3GEN_DRILLS
  6
CONTINUOUS
  2
ROUND_139
 10
77.9780000407880465
 20
186.1820000407880116
 30
0.0
 41
-25.3999999999999986
 42
25.3999999999999986
 43
25.3999999999999986
 50
270.0
  0
INSERT
  5
130A
  8
_G01-IND-3GEN_DRILLS
  6
CONTINUOUS
  2
ROUND_139
 10
5.1308000407880829
 20
88.8238000407880151
 30
0.0
 41
-25.3999999999999986
 42
25.3999999999999986
 43
25.3999999999999986
 50
270.0
  0
INSERT
  5
130B
  8
_G01-IND-3GEN_DRILLS
  6
CONTINUOUS
  2
ROUND_139
 10
7.6708000407880741
 20
88.8238000407880151
 30
0.0
 41
-25.3999999999999986
 42
25.3999999999999986
 43
25.3999999999999986
 50
270.0
  0
INSERT
  5
130C
  8
_G01-IND-3GEN_DRILLS
  6
CONTINUOUS
  2
ROUND_139
 10
5.1308000407880829
 20
91.3638000407880213
 30
0.0
 41
-25.3999999999999986
 42
25.3999999999999986
 43
25.3999999999999986
 50
270.0
  0
INSERT
  5
130D
  8
_G01-IND-3GEN_DRILLS
  6
CONTINUOUS
  2
ROUND_139
 10
7.6708000407880741
 20
91.3638000407880213
 30
0.0
 41
-25.3999999999999986
 42
25.3999999999999986
 43
25.3999999999999986
 50
270.0
  0
INSERT
  5
130E
  8
_G01-IND-3GEN_DRILLS
  6
CONTINUOUS
  2
ROUND_139
 10
5.1308000407880829
 20
93.9038000407880133
 30
0.0
 41
-25.3999999999999986
 42
25.3999999999999986
 43
25.3999999999999986
 50
270.0
  0
INSERT
  5
130F
  8
_G01-IND-3GEN_DRILLS
  6
CONTINUOUS
  2
ROUND_139
 10
7.6708000407880741
 20
93.9038000407880133
 30
0.0
 41
-25.3999999999999986
 42
25.3999999999999986
 43
25.3999999999999986
 50
270.0
  0
INSERT
  5
1310
  8
_G01-IND-3GEN_DRILLS
  6
CONTINUOUS
  2
ROUND_139
 10
5.1308000407880829
 20
96.4438000407880338
 30
0.0
 41
-25.3999999999999986
 42
25.3999999999999986
 43
25.3999999999999986
 50
270.0
  0
INSERT
  5
1311
  8
_G01-IND-3GEN_DRILLS
  6
CONTINUOUS
  2
ROUND_139
 10
7.6708000407880741
 20
96.4438000407880338
 30
0.0
 41
-25.3999999999999986
 42
25.3999999999999986
 43
25.3999999999999986
 50
270.0
  0
INSERT
  5
1312
  8
_G01-IND-3GEN_DRILLS
  6
CONTINUOUS
  2
ROUND_139
 10
5.1308000407880829
 20
98.9838000407879974
 30
0.0
 41
-25.3999999999999986
 42
25.3999999999999986
 43
25.3999999999999986
 50
270.0
  0
INSERT
  5
1313
  8
_G01-IND-3GEN_DRILLS
  6
CONTINUOUS
  2
ROUND_139
 10
7.6708000407880741
 20
98.9838000407879974
 30
0.0
 41
-25.3999999999999986
 42
25.3999999999999986
 43
25.3999999999999986
 50
270.0
  0
INSERT
  5
1314
  8
_G01-IND-3GEN_DRILLS
  6
CONTINUOUS
  2
ROUND_139
 10
5.1308000407880829
 20
101.5238000407880037
 30
0.0
 41
-25.3999999999999986
 42
25.3999999999999986
 43
25.3999999999999986
 50
270.0
  0
INSERT
  5
1315
  8
_G01-IND-3GEN_DRILLS
  6
CONTINUOUS
  2
ROUND_139
 10
7.6708000407880741
 20
101.5238000407880037
 30
0.0
 41
-25.3999999999999986
 42
25.3999999999999986
 43
25.3999999999999986
 50
270.0
  0
INSERT
  5
1316
  8
_G01-IND-3GEN_DRILLS
  6
CONTINUOUS
  2
ROUND_139
 10
5.1308000407880829
 20
104.0638000407879957
 30
0.0
 41
-25.3999999999999986
 42
25.3999999999999986
 43
25.3999999999999986
 50
270.0
  0
INSERT
  5
1317
  8
_G01-IND-3GEN_DRILLS
  6
CONTINUOUS
  2
ROUND_139
 10
7.6708000407880741
 20
104.0638000407879957
 30
0.0
 41
-25.3999999999999986
 42
25.3999999999999986
 43
25.3999999999999986
 50
270.0
  0
INSERT
  5
1318
  8
_G01-IND-3GEN_DRILLS
  6
CONTINUOUS
  2
ROUND_139
 10
5.1308000407880829
 20
106.603800040788002
 30
0.0
 41
-25.3999999999999986
 42
25.3999999999999986
 43
25.3999999999999986
 50
270.0
  0
INSERT
  5
1319
  8
_G01-IND-3GEN_DRILLS
  6
CONTINUOUS
  2
ROUND_139
 10
7.6708000407880741
 20
106.603800040788002
 30
0.0
 41
-25.3999999999999986
 42
25.3999999999999986
 43
25.3999999999999986
 50
270.0
  0
INSERT
  5
131A
  8
_G01-IND-3GEN_DRILLS
  6
CONTINUOUS
  2
ROUND_139
 10
5.1308000407880829
 20
109.143800040787994
 30
0.0
 41
-25.3999999999999986
 42
25.3999999999999986
 43
25.3999999999999986
 50
270.0
  0
INSERT
  5
131B
  8
_G01-IND-3GEN_DRILLS
  6
CONTINUOUS
  2
ROUND_139
 10
7.6708000407880741
 20
109.143800040787994
 30
0.0
 41
-25.3999999999999986
 42
25.3999999999999986
 43
25.3999999999999986
 50
270.0
  0
INSERT
  5
131C
  8
_G01-IND-3GEN_DRILLS
  6
CONTINUOUS
  2
ROUND_139
 10
5.1308000407880829
 20
111.6838000407880003
 30
0.0
 41
-25.3999999999999986
 42
25.3999999999999986
 43
25.3999999999999986
 50
270.0
  0
INSERT
  5
131D
  8
_G01-IND-3GEN_DRILLS
  6
CONTINUOUS
  2
ROUND_139
 10
7.6708000407880741
 20
111.6838000407880003
 30
0.0
 41
-25.3999999999999986
 42
25.3999999999999986
 43
25.3999999999999986
 50
270.0
  0
INSERT
  5
131E
  8
_G01-IND-3GEN_DRILLS
  6
CONTINUOUS
  2
ROUND_139
 10
5.1308000407880829
 20
114.2238000407880065
 30
0.0
 41
-25.3999999999999986
 42
25.3999999999999986
 43
25.3999999999999986
 50
270.0
  0
INSERT
  5
131F
  8
_G01-IND-3GEN_DRILLS
  6
CONTINUOUS
  2
ROUND_139
 10
7.6708000407880741
 20
114.2238000407880065
 30
0.0
 41
-25.3999999999999986
 42
25.3999999999999986
 43
25.3999999999999986
 50
270.0
  0
INSERT
  5
1320
  8
_G01-IND-3GEN_DRILLS
  6
CONTINUOUS
  2
ROUND_139
 10
5.1308000407880829
 20
116.7638000407879986
 30
0.0
 41
-25.3999999999999986
 42
25.3999999999999986
 43
25.3999999999999986
 50
270.0
  0
INSERT
  5
1321
  8
_G01-IND-3GEN_DRILLS
  6
CONTINUOUS
  2
ROUND_139
 10
7.6708000407880741
 20
116.7638000407879986
 30
0.0
 41
-25.3999999999999986
 42
25.3999999999999986
 43
25.3999999999999986
 50
270.0
  0
INSERT
  5
1322
  8
_G01-IND-3GEN_DRILLS
  6
CONTINUOUS
  2
ROUND_239
 10
-20.4469999592119009
 20
179.4510000407879886
 30
0.0
 41
-25.3999999999999986
 42
25.3999999999999986
 43
25.3999999999999986
 50
270.0
  0
INSERT
  5
1323
  8
_G01-IND-3GEN_DRILLS
  6
CONTINUOUS
  2
ROUND_239
 10
-20.4469999592119009
 20
156.5910000407880034
 30
0.0
 41
-25.3999999999999986
 42
25.3999999999999986
 43
25.3999999999999986
 50
270.0
  0
INSERT
  5
1324
  8
_G01-IND-3GEN_DRILLS
  6
CONTINUOUS
  2
ROUND_239
 10
-4.9529999592119207
 20
156.5910000407880034
 30
0.0
 41
-25.3999999999999986
 42
25.3999999999999986
 43
25.3999999999999986
 50
270.0
  0
INSERT
  5
1325
  8
_G01-IND-3GEN_DRILLS
  6
CONTINUOUS
  2
ROUND_239
 10
-4.9529999592119207
 20
179.4510000407879886
 30
0.0
 41
-25.3999999999999986
 42
25.3999999999999986
 43
25.3999999999999986
 50
270.0
  0
INSERT
  5
1326
  8
_G01-IND-3GEN_DRILLS
  6
CONTINUOUS
  2
ROUND_245
 10
59.56300004078809
 20
72.1360000407880335
 30
0.0
 41
-25.3999999999999986
 42
25.3999999999999986
 43
25.3999999999999986
 50
270.0
  0
INSERT
  5
1327
  8
_G01-IND-3GEN_DRILLS
  6
CONTINUOUS
  2
ROUND_245
 10
49.4030000407880934
 20
72.1360000407880335
 30
0.0
 41
-25.3999999999999986
 42
25.3999999999999986
 43
25.3999999999999986
 50
270.0
  0
INSERT
  5
1328
  8
_G01-IND-3GEN_DRILLS
  6
CONTINUOUS
  2
ROUND_245
 10
59.5630000407880473
 20
125.7300000407879992
 30
0.0
 41
-25.3999999999999986
 42
25.3999999999999986
 43
25.3999999999999986
 50
270.0
  0
INSERT
  5
1329
  8
_G01-IND-3GEN_DRILLS
  6
CONTINUOUS
  2
ROUND_245
 10
49.4030000407880934
 20
125.7300000407879992
 30
0.0
 41
-25.3999999999999986
 42
25.3999999999999986
 43
25.3999999999999986
 50
270.0
  0
INSERT
  5
132A
  8
_G01-IND-3GEN_DRILLS
  6
CONTINUOUS
  2
ROUND_245
 10
49.5300000407880603
 20
188.7220000407880036
 30
0.0
 41
-25.3999999999999986
 42
25.3999999999999986
 43
25.3999999999999986
 50
270.0
  0
INSERT
  5
132B
  8
_G01-IND-3GEN_DRILLS
  6
CONTINUOUS
  2
ROUND_245
 10
59.6900000407880711
 20
188.7220000407880036
 30
0.0
 41
-25.3999999999999986
 42
25.3999999999999986
 43
25.3999999999999986
 50
270.0
  0
INSERT
  5
132C
  8
_G01-IND-3GEN_DRILLS
  6
CONTINUOUS
  2
ROUND_245
 10
49.4030000407880365
 20
136.1440000407880007
 30
0.0
 41
-25.3999999999999986
 42
25.3999999999999986
 43
25.3999999999999986
 50
270.0
  0
INSERT
  5
132D
  8
_G01-IND-3GEN_DRILLS
  6
CONTINUOUS
  2
ROUND_245
 10
59.5630000407880473
 20
136.1440000407880007
 30
0.0
 41
-25.3999999999999986
 42
25.3999999999999986
 43
25.3999999999999986
 50
270.0
  0
INSERT
  5
132E
  8
_G01-IND-3GEN_DRILLS
  6
CONTINUOUS
  2
ROUND_8
 10
24.4856000407880998
 20
24.1808000407880783
 30
0.0
 41
-25.3999999999999986
 42
25.3999999999999986
 43
25.3999999999999986
 50
270.0
  0
INSERT
  5
132F
  8
_G01-IND-3GEN_DRILLS
  6
CONTINUOUS
  2
ROUND_8
 10
24.4856000407880998
 20
26.7208000407880313
 30
0.0
 41
-25.3999999999999986
 42
25.3999999999999986
 43
25.3999999999999986
 50
270.0
  0
INSERT
  5
1330
  8
_G01-IND-3GEN_DRILLS
  6
CONTINUOUS
  2
ROUND_8
 10
24.4856000407880998
 20
29.2608000407880695
 30
0.0
 41
-25.3999999999999986
 42
25.3999999999999986
 43
25.3999999999999986
 50
270.0
  0
INSERT
  5
1331
  8
_G01-IND-3GEN_DRILLS
  6
CONTINUOUS
  2
ROUND_8
 10
81.5340000407880581
 20
24.257000040788089
 30
0.0
 41
-25.3999999999999986
 42
25.3999999999999986
 43
25.3999999999999986
 50
270.0
  0
INSERT
  5
1332
  8
_G01-IND-3GEN_DRILLS
  6
CONTINUOUS
  2
ROUND_8
 10
89.0270000407880957
 20
24.257000040788089
 30
0.0
 41
-25.3999999999999986
 42
25.3999999999999986
 43
25.3999999999999986
 50
270.0
  0
INSERT
  5
1333
  8
_G01-IND-3GEN_DRILLS
  6
CONTINUOUS
  2
ROUND_118
 10
98.6790000407880257
 20
98.8060000407880636
 30
0.0
 41
-25.3999999999999986
 42
25.3999999999999986
 43
25.3999999999999986
 50
270.0
  0
INSERT
  5
1334
  8
_G01-IND-3GEN_DRILLS
  6
CONTINUOUS
  2
ROUND_118
 10
70.7390000407880848
 20
98.8060000407880636
 30
0.0
 41
-25.3999999999999986
 42
25.3999999999999986
 43
25.3999999999999986
 50
270.0
  0
INSERT
  5
1335
  8
_G01-IND-3GEN_DRILLS
  6
CONTINUOUS
  2
ROUND_118
 10
98.9330000407880732
 20
126.2380000407879947
 30
0.0
 41
-25.3999999999999986
 42
25.3999999999999986
 43
25.3999999999999986
 50
270.0
  0
INSERT
  5
1336
  8
_G01-IND-3GEN_DRILLS
  6
CONTINUOUS
  2
ROUND_118
 10
70.9930000407880755
 20
126.2380000407879947
 30
0.0
 41
-25.3999999999999986
 42
25.3999999999999986
 43
25.3999999999999986
 50
270.0
  0
INSERT
  5
1337
  8
_G01-IND-3GEN_DRILLS
  6
CONTINUOUS
  2
ROUND_118
 10
98.9330000407880732
 20
140.0810000407880125
 30
0.0
 41
-25.3999999999999986
 42
25.3999999999999986
 43
25.3999999999999986
 50
270.0
  0
INSERT
  5
1338
  8
_G01-IND-3GEN_DRILLS
  6
CONTINUOUS
  2
ROUND_118
 10
70.9930000407880755
 20
140.0810000407880125
 30
0.0
 41
-25.3999999999999986
 42
25.3999999999999986
 43
25.3999999999999986
 50
270.0
  0
INSERT
  5
1339
  8
_G01-IND-3GEN_DRILLS
  6
CONTINUOUS
  2
ROUND_118
 10
98.9330000407880732
 20
154.0510000407880113
 30
0.0
 41
-25.3999999999999986
 42
25.3999999999999986
 43
25.3999999999999986
 50
270.0
  0
INSERT
  5
133A
  8
_G01-IND-3GEN_DRILLS
  6
CONTINUOUS
  2
ROUND_118
 10
70.9930000407880755
 20
154.0510000407880113
 30
0.0
 41
-25.3999999999999986
 42
25.3999999999999986
 43
25.3999999999999986
 50
270.0
  0
INSERT
  5
133B
  8
_G01-IND-3GEN_DRILLS
  6
CONTINUOUS
  2
ROUND_118
 10
98.6790000407880257
 20
112.3950000407880054
 30
0.0
 41
-25.3999999999999986
 42
25.3999999999999986
 43
25.3999999999999986
 50
270.0
  0
INSERT
  5
133C
  8
_G01-IND-3GEN_DRILLS
  6
CONTINUOUS
  2
ROUND_118
 10
70.7390000407880848
 20
112.3950000407880054
 30
0.0
 41
-25.3999999999999986
 42
25.3999999999999986
 43
25.3999999999999986
 50
270.0
  0
INSERT
  5
133D
  8
_G01-IND-3GEN_DRILLS
  6
CONTINUOUS
  2
ROUND_118
 10
68.961000040788079
 20
89.662000040788044
 30
0.0
 41
-25.3999999999999986
 42
25.3999999999999986
 43
25.3999999999999986
 50
270.0
  0
INSERT
  5
133E
  8
_G01-IND-3GEN_DRILLS
  6
CONTINUOUS
  2
ROUND_118
 10
73.964800040788063
 20
89.662000040788044
 30
0.0
 41
-25.3999999999999986
 42
25.3999999999999986
 43
25.3999999999999986
 50
270.0
  0
INSERT
  5
133F
  8
_G01-IND-3GEN_DRILLS
  6
CONTINUOUS
  2
ROUND_118
 10
78.9686000407880755
 20
89.662000040788044
 30
0.0
 41
-25.3999999999999986
 42
25.3999999999999986
 43
25.3999999999999986
 50
270.0
  0
INSERT
  5
1340
  8
_G01-IND-3GEN_DRILLS
  6
CONTINUOUS
  2
ROUND_118
 10
83.9724000407880169
 20
89.662000040788044
 30
0.0
 41
-25.3999999999999986
 42
25.3999999999999986
 43
25.3999999999999986
 50
270.0
  0
INSERT
  5
1341
  8
_G01-IND-3GEN_DRILLS
  6
CONTINUOUS
  2
ROUND_118
 10
88.9762000407879867
 20
89.662000040788044
 30
0.0
 41
-25.3999999999999986
 42
25.3999999999999986
 43
25.3999999999999986
 50
270.0
  0
INSERT
  5
1342
  8
_G01-IND-3GEN_DRILLS
  6
CONTINUOUS
  2
ROUND_118
 10
88.9762000407880436
 20
74.4220000407880349
 30
0.0
 41
-25.3999999999999986
 42
25.3999999999999986
 43
25.3999999999999986
 50
270.0
  0
INSERT
  5
1343
  8
_G01-IND-3GEN_DRILLS
  6
CONTINUOUS
  2
ROUND_118
 10
83.9724000407880595
 20
74.4220000407880349
 30
0.0
 41
-25.3999999999999986
 42
25.3999999999999986
 43
25.3999999999999986
 50
270.0
  0
INSERT
  5
1344
  8
_G01-IND-3GEN_DRILLS
  6
CONTINUOUS
  2
ROUND_118
 10
78.9686000407880755
 20
74.4220000407880349
 30
0.0
 41
-25.3999999999999986
 42
25.3999999999999986
 43
25.3999999999999986
 50
270.0
  0
INSERT
  5
1345
  8
_G01-IND-3GEN_DRILLS
  6
CONTINUOUS
  2
ROUND_118
 10
73.9648000407881057
 20
74.4220000407880349
 30
0.0
 41
-25.3999999999999986
 42
25.3999999999999986
 43
25.3999999999999986
 50
270.0
  0
INSERT
  5
1346
  8
_G01-IND-3GEN_DRILLS
  6
CONTINUOUS
  2
ROUND_118
 10
68.961000040788079
 20
74.4220000407880349
 30
0.0
 41
-25.3999999999999986
 42
25.3999999999999986
 43
25.3999999999999986
 50
270.0
  0
INSERT
  5
1347
  8
_G01-IND-3GEN_DRILLS
  6
CONTINUOUS
  2
ROUND_147
 10
64.2620000407881093
 20
59.4360000407880307
 30
0.0
 41
-25.3999999999999986
 42
25.3999999999999986
 43
25.3999999999999986
 50
270.0
  0
INSERT
  5
1348
  8
_G01-IND-3GEN_DRILLS
  6
CONTINUOUS
  2
ROUND_147
 10
36.0680000407880783
 20
59.4360000407880307
 30
0.0
 41
-25.3999999999999986
 42
25.3999999999999986
 43
25.3999999999999986
 50
270.0
  0
INSERT
  5
1349
  8
_G01-IND-3GEN_DRILLS
  6
CONTINUOUS
  2
ROUND_244
 10
78.1050000407881129
 20
64.2620000407880667
 30
0.0
 41
-25.3999999999999986
 42
25.3999999999999986
 43
25.3999999999999986
 50
270.0
  0
INSERT
  5
134A
  8
_G01-IND-3GEN_DRILLS
  6
CONTINUOUS
  2
ROUND_244
 10
83.1850000407880827
 20
64.2620000407880667
 30
0.0
 41
-25.3999999999999986
 42
25.3999999999999986
 43
25.3999999999999986
 50
270.0
  0
INSERT
  5
134B
  8
_G01-IND-3GEN_DRILLS
  6
CONTINUOUS
  2
ROUND_244
 10
88.2650000407880668
 20
64.2620000407880667
 30
0.0
 41
-25.3999999999999986
 42
25.3999999999999986
 43
25.3999999999999986
 50
270.0
  0
INSERT
  5
134C
  8
_G01-IND-3GEN_DRILLS
  6
CONTINUOUS
  2
ROUND_244
 10
98.425000040788035
 20
64.2620000407880667
 30
0.0
 41
-25.3999999999999986
 42
25.3999999999999986
 43
25.3999999999999986
 50
270.0
  0
INSERT
  5
134D
  8
_G01-IND-3GEN_DRILLS
  6
CONTINUOUS
  2
ROUND_244
 10
103.5050000407880049
 20
64.2620000407880667
 30
0.0
 41
-25.3999999999999986
 42
25.3999999999999986
 43
25.3999999999999986
 50
270.0
  0
INSERT
  5
134E
  8
_G01-IND-3GEN_DRILLS
  6
CONTINUOUS
  2
ROUND_244
 10
108.5850000407880032
 20
64.2620000407880667
 30
0.0
 41
-25.3999999999999986
 42
25.3999999999999986
 43
25.3999999999999986
 50
270.0
  0
INSERT
  5
134F
  8
_G01-IND-3GEN_DRILLS
  6
CONTINUOUS
  2
ROUND_244
 10
108.5850000407881026
 20
38.8620000407880681
 30
0.0
 41
-25.3999999999999986
 42
25.3999999999999986
 43
25.3999999999999986
 50
270.0
  0
INSERT
  5
1350
  8
_G01-IND-3GEN_DRILLS
  6
CONTINUOUS
  2
ROUND_244
 10
103.5050000407881043
 20
38.8620000407880681
 30
0.0
 41
-25.3999999999999986
 42
25.3999999999999986
 43
25.3999999999999986
 50
270.0
  0
INSERT
  5
1351
  8
_G01-IND-3GEN_DRILLS
  6
CONTINUOUS
  2
ROUND_244
 10
98.425000040788035
 20
38.8620000407880681
 30
0.0
 41
-25.3999999999999986
 42
25.3999999999999986
 43
25.3999999999999986
 50
270.0
  0
INSERT
  5
1352
  8
_G01-IND-3GEN_DRILLS
  6
CONTINUOUS
  2
ROUND_244
 10
93.3450000407880509
 20
38.8620000407880681
 30
0.0
 41
-25.3999999999999986
 42
25.3999999999999986
 43
25.3999999999999986
 50
270.0
  0
INSERT
  5
1353
  8
_G01-IND-3GEN_DRILLS
  6
CONTINUOUS
  2
ROUND_244
 10
88.2650000407880668
 20
38.8620000407880681
 30
0.0
 41
-25.3999999999999986
 42
25.3999999999999986
 43
25.3999999999999986
 50
270.0
  0
INSERT
  5
1354
  8
_G01-IND-3GEN_DRILLS
  6
CONTINUOUS
  2
ROUND_244
 10
83.1850000407880827
 20
38.8620000407880681
 30
0.0
 41
-25.3999999999999986
 42
25.3999999999999986
 43
25.3999999999999986
 50
270.0
  0
INSERT
  5
1355
  8
_G01-IND-3GEN_DRILLS
  6
CONTINUOUS
  2
ROUND_244
 10
78.1050000407881129
 20
38.8620000407880681
 30
0.0
 41
-25.3999999999999986
 42
25.3999999999999986
 43
25.3999999999999986
 50
270.0
  0
INSERT
  5
1356
  8
_G01-IND-3GEN_DRILLS
  6
CONTINUOUS
  2
ROUND_244
 10
73.1520000407880957
 20
23.2664000407880494
 30
0.0
 41
-25.3999999999999986
 42
25.3999999999999986
 43
25.3999999999999986
 50
270.0
  0
INSERT
  5
1357
  8
_G01-IND-3GEN_DRILLS
  6
CONTINUOUS
  2
ROUND_244
 10
68.072000040788069
 20
23.2664000407880494
 30
0.0
 41
-25.3999999999999986
 42
25.3999999999999986
 43
25.3999999999999986
 50
270.0
  0
INSERT
  5
1358
  8
_G01-IND-3GEN_DRILLS
  6
CONTINUOUS
  2
ROUND_244
 10
62.992000040788092
 20
23.2664000407880494
 30
0.0
 41
-25.3999999999999986
 42
25.3999999999999986
 43
25.3999999999999986
 50
270.0
  0
INSERT
  5
1359
  8
_G01-IND-3GEN_DRILLS
  6
CONTINUOUS
  2
ROUND_244
 10
52.8320000407880812
 20
23.2664000407880494
 30
0.0
 41
-25.3999999999999986
 42
25.3999999999999986
 43
25.3999999999999986
 50
270.0
  0
INSERT
  5
135A
  8
_G01-IND-3GEN_DRILLS
  6
CONTINUOUS
  2
ROUND_244
 10
47.7520000407880971
 20
23.2664000407880494
 30
0.0
 41
-25.3999999999999986
 42
25.3999999999999986
 43
25.3999999999999986
 50
270.0
  0
INSERT
  5
135B
  8
_G01-IND-3GEN_DRILLS
  6
CONTINUOUS
  2
ROUND_244
 10
42.6720000407880775
 20
23.2664000407880494
 30
0.0
 41
-25.3999999999999986
 42
25.3999999999999986
 43
25.3999999999999986
 50
270.0
  0
INSERT
  5
135C
  8
_G01-IND-3GEN_DRILLS
  6
CONTINUOUS
  2
ROUND_244
 10
42.6720000407880775
 20
48.6664000407880479
 30
0.0
 41
-25.3999999999999986
 42
25.3999999999999986
 43
25.3999999999999986
 50
270.0
  0
INSERT
  5
135D
  8
_G01-IND-3GEN_DRILLS
  6
CONTINUOUS
  2
ROUND_244
 10
47.7520000407880971
 20
48.6664000407880479
 30
0.0
 41
-25.3999999999999986
 42
25.3999999999999986
 43
25.3999999999999986
 50
270.0
  0
INSERT
  5
135E
  8
_G01-IND-3GEN_DRILLS
  6
CONTINUOUS
  2
ROUND_244
 10
52.8320000407880812
 20
48.6664000407880479
 30
0.0
 41
-25.3999999999999986
 42
25.3999999999999986
 43
25.3999999999999986
 50
270.0
  0
INSERT
  5
135F
  8
_G01-IND-3GEN_DRILLS
  6
CONTINUOUS
  2
ROUND_244
 10
57.9120000407881008
 20
48.6664000407880479
 30
0.0
 41
-25.3999999999999986
 42
25.3999999999999986
 43
25.3999999999999986
 50
270.0
  0
INSERT
  5
1360
  8
_G01-IND-3GEN_DRILLS
  6
CONTINUOUS
  2
ROUND_244
 10
62.992000040788092
 20
48.6664000407880479
 30
0.0
 41
-25.3999999999999986
 42
25.3999999999999986
 43
25.3999999999999986
 50
270.0
  0
INSERT
  5
1361
  8
_G01-IND-3GEN_DRILLS
  6
CONTINUOUS
  2
ROUND_244
 10
68.072000040788069
 20
48.6664000407880479
 30
0.0
 41
-25.3999999999999986
 42
25.3999999999999986
 43
25.3999999999999986
 50
270.0
  0
INSERT
  5
1362
  8
_G01-IND-3GEN_DRILLS
  6
CONTINUOUS
  2
ROUND_244
 10
73.1520000407880957
 20
48.6664000407880479
 30
0.0
 41
-25.3999999999999986
 42
25.3999999999999986
 43
25.3999999999999986
 50
270.0
  0
INSERT
  5
1363
  8
_G01-IND-3GEN_DRILLS
  6
CONTINUOUS
  2
ROUND_112
 10
2.1590000407880621
 20
162.9918000407880072
 30
0.0
 41
-25.3999999999999986
 42
25.3999999999999986
 43
25.3999999999999986
 50
270.0
  0
INSERT
  5
1364
  8
_G01-IND-3GEN_DRILLS
  6
CONTINUOUS
  2
ROUND_112
 10
2.1590000407880621
 20
177.9778000407879972
 30
0.0
 41
-25.3999999999999986
 42
25.3999999999999986
 43
25.3999999999999986
 50
270.0
  0
INSERT
  5
1365
  8
_G01-IND-3GEN_DRILLS
  6
CONTINUOUS
  2
ROUND_112
 10
2.1590000407880621
 20
182.9816000407880097
 30
0.0
 41
-25.3999999999999986
 42
25.3999999999999986
 43
25.3999999999999986
 50
270.0
  0
INSERT
  5
1366
  8
_G01-IND-3GEN_DRILLS
  6
CONTINUOUS
  2
ROUND_112
 10
2.1590000407880621
 20
187.9854000407879937
 30
0.0
 41
-25.3999999999999986
 42
25.3999999999999986
 43
25.3999999999999986
 50
270.0
  0
INSERT
  5
1367
  8
_G01-IND-3GEN_DRILLS
  6
CONTINUOUS
  2
ROUND_112
 10
9.6520000407880602
 20
187.9854000407879937
 30
0.0
 41
-25.3999999999999986
 42
25.3999999999999986
 43
25.3999999999999986
 50
270.0
  0
INSERT
  5
1368
  8
_G01-IND-3GEN_DRILLS
  6
CONTINUOUS
  2
ROUND_112
 10
9.6520000407880602
 20
182.9816000407880097
 30
0.0
 41
-25.3999999999999986
 42
25.3999999999999986
 43
25.3999999999999986
 50
270.0
  0
INSERT
  5
1369
  8
_G01-IND-3GEN_DRILLS
  6
CONTINUOUS
  2
ROUND_112
 10
9.6520000407880602
 20
177.9778000407879972
 30
0.0
 41
-25.3999999999999986
 42
25.3999999999999986
 43
25.3999999999999986
 50
270.0
  0
INSERT
  5
136A
  8
_G01-IND-3GEN_DRILLS
  6
CONTINUOUS
  2
ROUND_112
 10
9.6520000407880602
 20
162.9918000407880072
 30
0.0
 41
-25.3999999999999986
 42
25.3999999999999986
 43
25.3999999999999986
 50
270.0
  0
INSERT
  5
136B
  8
_G01-IND-3GEN_DRILLS
  6
CONTINUOUS
  2
ROUND_242
 10
101.7270000407879991
 20
168.2750000407880009
 30
0.0
 41
-25.3999999999999986
 42
25.3999999999999986
 43
25.3999999999999986
 50
270.0
  0
INSERT
  5
136C
  8
_G01-IND-3GEN_DRILLS
  6
CONTINUOUS
  2
ROUND_242
 10
96.2660000407880574
 20
168.2750000407880009
 30
0.0
 41
-25.3999999999999986
 42
25.3999999999999986
 43
25.3999999999999986
 50
270.0
  0
INSERT
  5
136D
  8
_G01-IND-3GEN_DRILLS
  6
CONTINUOUS
  2
ROUND_242
 10
90.8050000407880447
 20
168.2750000407880009
 30
0.0
 41
-25.3999999999999986
 42
25.3999999999999986
 43
25.3999999999999986
 50
270.0
  0
INSERT
  5
136E
  8
_G01-IND-3GEN_DRILLS
  6
CONTINUOUS
  2
ROUND_242
 10
84.3280000407879839
 20
173.7360000407880136
 30
0.0
 41
-25.3999999999999986
 42
25.3999999999999986
 43
25.3999999999999986
 50
270.0
  0
INSERT
  5
136F
  8
_G01-IND-3GEN_DRILLS
  6
CONTINUOUS
  2
ROUND_242
 10
84.3280000407879839
 20
168.2750000407880009
 30
0.0
 41
-25.3999999999999986
 42
25.3999999999999986
 43
25.3999999999999986
 50
270.0
  0
INSERT
  5
1370
  8
_G01-IND-3GEN_DRILLS
  6
CONTINUOUS
  2
ROUND_242
 10
84.3280000407879839
 20
162.8140000407879882
 30
0.0
 41
-25.3999999999999986
 42
25.3999999999999986
 43
25.3999999999999986
 50
270.0
  0
INSERT
  5
1371
  8
_G01-IND-3GEN_DRILLS
  6
CONTINUOUS
  2
ROUND_243
 10
68.8340000407880979
 20
59.4360000407880307
 30
0.0
 41
-25.3999999999999986
 42
25.3999999999999986
 43
25.3999999999999986
 50
270.0
  0
INSERT
  5
1372
  8
_G01-IND-3GEN_DRILLS
  6
CONTINUOUS
  2
ROUND_243
 10
68.8340000407880979
 20
63.2460000407880401
 30
0.0
 41
-25.3999999999999986
 42
25.3999999999999986
 43
25.3999999999999986
 50
270.0
  0
INSERT
  5
1373
  8
_G01-IND-3GEN_DRILLS
  6
CONTINUOUS
  2
ROUND_243
 10
108.0770000407879934
 20
75.3110000407880307
 30
0.0
 41
-25.3999999999999986
 42
25.3999999999999986
 43
25.3999999999999986
 50
270.0
  0
INSERT
  5
1374
  8
_G01-IND-3GEN_DRILLS
  6
CONTINUOUS
  2
ROUND_243
 10
108.0770000407879934
 20
79.1210000407880756
 30
0.0
 41
-25.3999999999999986
 42
25.3999999999999986
 43
25.3999999999999986
 50
270.0
  0
INSERT
  5
1375
  8
_G01-IND-3GEN_DRILLS
  6
CONTINUOUS
  2
ROUND_243
 10
20.9677000407880811
 20
208.0768000407879015
 30
0.0
 41
-25.3999999999999986
 42
25.3999999999999986
 43
25.3999999999999986
 50
270.0
  0
INSERT
  5
1376
  8
_G01-IND-3GEN_DRILLS
  6
CONTINUOUS
  2
ROUND_243
 10
3.8227000407880638
 20
208.0768000407879015
 30
0.0
 41
-25.3999999999999986
 42
25.3999999999999986
 43
25.3999999999999986
 50
270.0
  0
INSERT
  5
1377
  8
_G01-IND-3GEN_DRILLS
  6
CONTINUOUS
  2
ROUND_122
 10
23.4950000407880992
 20
37.2110000407880435
 30
0.0
 41
-25.3999999999999986
 42
25.3999999999999986
 43
25.3999999999999986
 50
270.0
  0
INSERT
  5
1378
  8
_G01-IND-3GEN_DRILLS
  6
CONTINUOUS
  2
ROUND_122
 10
23.4950000407880992
 20
16.0020000407880083
 30
0.0
 41
-25.3999999999999986
 42
25.3999999999999986
 43
25.3999999999999986
 50
270.0
  0
INSERT
  5
1379
  8
_G01-IND-3GEN_DRILLS
  6
CONTINUOUS
  2
ROUND_146
 10
-116.2049999592119036
 20
9.9060000407880544
 30
0.0
 41
-25.3999999999999986
 42
25.3999999999999986
 43
25.3999999999999986
 50
270.0
  0
INSERT
  5
137A
  8
_G01-IND-3GEN_DRILLS
  6
CONTINUOUS
  2
ROUND_146
 10
105.4100000407881055
 20
20.066000040788019
 30
0.0
 41
-25.3999999999999986
 42
25.3999999999999986
 43
25.3999999999999986
 50
270.0
  0
INSERT
  5
137B
  8
_G01-IND-3GEN_DRILLS
  6
CONTINUOUS
  2
ROUND_146
 10
90.1700000407879969
 20
188.3410000407880887
 30
0.0
 41
-25.3999999999999986
 42
25.3999999999999986
 43
25.3999999999999986
 50
270.0
  0
INSERT
  5
137C
  8
_G01-IND-3GEN_DRILLS
  6
CONTINUOUS
  2
ROUND_238
 10
-76.8349999592119133
 20
28.2194000407880594
 30
0.0
 41
-25.3999999999999986
 42
25.3999999999999986
 43
25.3999999999999986
 50
270.0
  0
INSERT
  5
137D
  8
_G01-IND-3GEN_DRILLS
  6
CONTINUOUS
  2
ROUND_238
 10
-76.8349999592119133
 20
71.3994000407880378
 30
0.0
 41
-25.3999999999999986
 42
25.3999999999999986
 43
25.3999999999999986
 50
270.0
  0
INSERT
  5
137E
  8
_G01-IND-3GEN_DRILLS
  6
CONTINUOUS
  2
ROUND_238
 10
4.4450000407881021
 20
28.2194000407880594
 30
0.0
 41
-25.3999999999999986
 42
25.3999999999999986
 43
25.3999999999999986
 50
270.0
  0
INSERT
  5
137F
  8
_G01-IND-3GEN_DRILLS
  6
CONTINUOUS
  2
ROUND_238
 10
4.4450000407881021
 20
71.3994000407880378
 30
0.0
 41
-25.3999999999999986
 42
25.3999999999999986
 43
25.3999999999999986
 50
270.0
  0
INSERT
  5
1380
  8
_G01-IND-3GEN_DRILLS
  6
CONTINUOUS
  2
ROUND_238
 10
-12.5729999592119395
 20
180.3654000407879892
 30
0.0
 41
-25.3999999999999986
 42
25.3999999999999986
 43
25.3999999999999986
 50
270.0
  0
INSERT
  5
1381
  8
_G01-IND-3GEN_DRILLS
  6
CONTINUOUS
  2
ROUND_238
 10
-70.9929999592119145
 20
138.430000040788002
 30
0.0
 41
-25.3999999999999986
 42
25.3999999999999986
 43
25.3999999999999986
 50
270.0
  0
INSERT
  5
1382
  8
_G01-IND-3GEN_DRILLS
  6
CONTINUOUS
  2
ROUND_238
 10
-12.5729999592118897
 20
94.0054000407880466
 30
0.0
 41
-25.3999999999999986
 42
25.3999999999999986
 43
25.3999999999999986
 50
270.0
  0
INSERT
  5
1383
  8
_G01-IND-3GEN_DRILLS
  6
CONTINUOUS
  2
ROUND_238
 10
12.3952000407880707
 20
208.0768000407879015
 30
0.0
 41
-25.3999999999999986
 42
25.3999999999999986
 43
25.3999999999999986
 50
270.0
  0
INSERT
  5
1384
  8
_G01-IND-3GEN_DRILLS
  6
CONTINUOUS
  2
ROUND_240
 10
25.5270000407880993
 20
63.7540000407880285
 30
0.0
 41
-25.3999999999999986
 42
25.3999999999999986
 43
25.3999999999999986
 50
270.0
  0
POLYLINE
  5
15F9
  8
_G01-IND-3GEN_OUTLINE
  6
CONTINUOUS
 66
     1
 10
0.0
 20
0.0
 30
0.0
  0
VERTEX
  5
4C81
  8
_G01-IND-3GEN_OUTLINE
  6
CONTINUOUS
 10
24.7798897299222709
 20
202.7520976510020887
 30
0.0
  0
VERTEX
  5
4C82
  8
_G01-IND-3GEN_OUTLINE
  6
CONTINUOUS
 10
24.765000040788081
 20
215.1380000407878867
 30
0.0
  0
VERTEX
  5
4C83
  8
_G01-IND-3GEN_OUTLINE
  6
CONTINUOUS
 10
5.0800000407880672
 20
216.2810000407878874
 30
0.0
  0
VERTEX
  5
4C84
  8
_G01-IND-3GEN_OUTLINE
  6
CONTINUOUS
 10
-17.2211999592119582
 20
216.2810000407878874
 30
0.0
  0
VERTEX
  5
4C85
  8
_G01-IND-3GEN_OUTLINE
  6
CONTINUOUS
 10
-36.1949999592119411
 20
215.1380000407878867
 30
0.0
  0
VERTEX
  5
4C86
  8
_G01-IND-3GEN_OUTLINE
  6
CONTINUOUS
 10
-36.1949999592119411
 20
202.9460000407879932
 30
0.0
 42
-0.4142135999999658
  0
VERTEX
  5
4C87
  8
_G01-IND-3GEN_OUTLINE
  6
CONTINUOUS
 10
-37.46499995921193
 20
201.6760000407880113
 30
0.0
  0
VERTEX
  5
4C88
  8
_G01-IND-3GEN_OUTLINE
  6
CONTINUOUS
 10
-39.242999959211943
 20
201.6760000407878977
 30
0.0
  0
VERTEX
  5
4C89
  8
_G01-IND-3GEN_OUTLINE
  6
CONTINUOUS
 10
-39.242999959211943
 20
201.5490000407880018
 30
0.0
 42
-0.414213599999978
  0
VERTEX
  5
4C8A
  8
_G01-IND-3GEN_OUTLINE
  6
CONTINUOUS
 10
-40.258999959211927
 20
200.5330000407880107
 30
0.0
  0
VERTEX
  5
4C8B
  8
_G01-IND-3GEN_OUTLINE
  6
CONTINUOUS
 10
-47.1169999592119169
 20
200.5330000407880107
 30
0.0
 42
-0.4142135999999811
  0
VERTEX
  5
4C8C
  8
_G01-IND-3GEN_OUTLINE
  6
CONTINUOUS
 10
-48.1329999592119933
 20
201.5490000407880018
 30
0.0
  0
VERTEX
  5
4C8D
  8
_G01-IND-3GEN_OUTLINE
  6
CONTINUOUS
 10
-48.1329999592119222
 20
201.6760000407878977
 30
0.0
  0
VERTEX
  5
4C8E
  8
_G01-IND-3GEN_OUTLINE
  6
CONTINUOUS
 10
-120.0149999592119059
 20
201.6760000407878977
 30
0.0
 42
0.414213599999986
  0
VERTEX
  5
4C8F
  8
_G01-IND-3GEN_OUTLINE
  6
CONTINUOUS
 10
-121.2849999592119019
 20
200.4060000407878874
 30
0.0
  0
VERTEX
  5
4C90
  8
_G01-IND-3GEN_OUTLINE
  6
CONTINUOUS
 10
-121.2849999592119019
 20
163.5760000407879886
 30
0.0
  0
VERTEX
  5
4C91
  8
_G01-IND-3GEN_OUTLINE
  6
CONTINUOUS
 10
-95.8849999592119246
 20
163.5760000407879886
 30
0.0
 42
-0.4142135999999958
  0
VERTEX
  5
4C92
  8
_G01-IND-3GEN_OUTLINE
  6
CONTINUOUS
 10
-94.6149999592119002
 20
162.3060000407878931
 30
0.0
  0
VERTEX
  5
4C93
  8
_G01-IND-3GEN_OUTLINE
  6
CONTINUOUS
 10
-94.6149999592119002
 20
44.1960000407880429
 30
0.0
 42
-0.4142135999999956
  0
VERTEX
  5
4C94
  8
_G01-IND-3GEN_OUTLINE
  6
CONTINUOUS
 10
-95.8849999592119246
 20
42.9260000407880185
 30
0.0
  0
VERTEX
  5
4C95
  8
_G01-IND-3GEN_OUTLINE
  6
CONTINUOUS
 10
-121.2849999592119019
 20
42.9260000407880185
 30
0.0
  0
VERTEX
  5
4C96
  8
_G01-IND-3GEN_OUTLINE
  6
CONTINUOUS
 10
-121.2849999592119019
 20
6.0960000407880903
 30
0.0
 42
0.4142135999999961
  0
VERTEX
  5
4C97
  8
_G01-IND-3GEN_OUTLINE
  6
CONTINUOUS
 10
-120.0149999592119059
 20
4.8260000407880721
 30
0.0
  0
VERTEX
  5
4C98
  8
_G01-IND-3GEN_OUTLINE
  6
CONTINUOUS
 10
-48.1329999592119009
 20
4.8260000407880721
 30
0.0
  0
SEQEND
  5
4C99
  8
_G01-IND-3GEN_OUTLINE
  6
CONTINUOUS
  0
POLYLINE
  5
15FA
  8
_G01-IND-3GEN_OUTLINE
  6
CONTINUOUS
 66
     1
 10
0.0
 20
0.0
 30
0.0
  0
VERTEX
  5
4C9A
  8
_G01-IND-3GEN_OUTLINE
  6
CONTINUOUS
 10
-48.1329999592119009
 20
4.953000040788047
 30
0.0
 42
-0.4142136000000073
  0
VERTEX
  5
4C9B
  8
_G01-IND-3GEN_OUTLINE
  6
CONTINUOUS
 10
-47.1169999592118671
 20
5.9690000407880248
 30
0.0
  0
VERTEX
  5
4C9C
  8
_G01-IND-3GEN_OUTLINE
  6
CONTINUOUS
 10
-40.2589999592118772
 20
5.9690000407880248
 30
0.0
 42
-0.4142136000000038
  0
VERTEX
  5
4C9D
  8
_G01-IND-3GEN_OUTLINE
  6
CONTINUOUS
 10
-39.2429999592119074
 20
4.953000040788047
 30
0.0
  0
VERTEX
  5
4C9E
  8
_G01-IND-3GEN_OUTLINE
  6
CONTINUOUS
 10
-39.2429999592119074
 20
4.8260000407880721
 30
0.0
  0
VERTEX
  5
4C9F
  8
_G01-IND-3GEN_OUTLINE
  6
CONTINUOUS
 10
-29.2099999592118991
 20
4.8260000407880721
 30
0.0
  0
VERTEX
  5
4CA0
  8
_G01-IND-3GEN_OUTLINE
  6
CONTINUOUS
 10
-29.2099999592118991
 20
7.6200000407880584
 30
0.0
 42
-0.4142136000000073
  0
VERTEX
  5
4CA1
  8
_G01-IND-3GEN_OUTLINE
  6
CONTINUOUS
 10
-28.1939999592119008
 20
8.6360000407880371
 30
0.0
  0
VERTEX
  5
4CA2
  8
_G01-IND-3GEN_OUTLINE
  6
CONTINUOUS
 10
-26.4159999592118915
 20
8.6360000407880371
 30
0.0
 42
-0.4142136000000076
  0
VERTEX
  5
4CA3
  8
_G01-IND-3GEN_OUTLINE
  6
CONTINUOUS
 10
-25.3999999592119217
 20
7.6200000407880584
 30
0.0
  0
VERTEX
  5
4CA4
  8
_G01-IND-3GEN_OUTLINE
  6
CONTINUOUS
 10
-25.3999999592118897
 20
4.8260000407880721
 30
0.0
  0
VERTEX
  5
4CA5
  8
_G01-IND-3GEN_OUTLINE
  6
CONTINUOUS
 10
90.8050000407881015
 20
4.8260000407880721
 30
0.0
 42
0.4142135999999999
  0
VERTEX
  5
4CA6
  8
_G01-IND-3GEN_OUTLINE
  6
CONTINUOUS
 10
121.2850000407881055
 20
35.3060000407880494
 30
0.0
  0
VERTEX
  5
4CA7
  8
_G01-IND-3GEN_OUTLINE
  6
CONTINUOUS
 10
121.285000040788006
 20
171.1960000407881068
 30
0.0
 42
0.4142136
  0
VERTEX
  5
4CA8
  8
_G01-IND-3GEN_OUTLINE
  6
CONTINUOUS
 10
90.8050000407880447
 20
201.6760000407880113
 30
0.0
  0
VERTEX
  5
4CA9
  8
_G01-IND-3GEN_OUTLINE
  6
CONTINUOUS
 10
26.0350000407880486
 20
201.6760000407880113
 30
0.0
 42
-0.4142135999999656
  0
VERTEX
  5
4CAA
  8
_G01-IND-3GEN_OUTLINE
  6
CONTINUOUS
 10
24.7650000407878998
 20
202.9460000407881068
 30
0.0
  0
SEQEND
  5
4CAB
  8
_G01-IND-3GEN_OUTLINE
  6
CONTINUOUS
  0
POLYLINE
  5
15FB
  8
1_0_PALLET
 62
     4
 66
     1
 10
0.0
 20
0.0
 30
0.0
 70
     1
  0
VERTEX
  5
4CAC
  8
1_0_PALLET
 62
     4
 10
209.5499999987299873
 20
-273.0500091185999736
 30
0.0
  0
VERTEX
  5
4CAD
  8
1_0_PALLET
 62
     4
 10
-209.5500000012700923
 20
-273.0500091185999736
 30
0.0
  0
VERTEX
  5
4CAE
  8
1_0_PALLET
 62
     4
 10
-209.5500000012698933
 20
273.050003037840213
 30
0.0
  0
VERTEX
  5
4CAF
  8
1_0_PALLET
 62
     4
 10
209.5499999987301862
 20
273.0500030378399856
 30
0.0
  0
SEQEND
  5
4CB0
  8
1_0_PALLET
 62
     4
  0
ARC
  5
15FC
  8
1_0_PALLET
  6
CONTINUOUS
 62
     7
 10
-175.6689696392562041
 20
234.6000800962580968
 30
0.0
 40
1.5557499999999991
 50
300.9832689999996092
 51
331.7271679999997787
  0
ARC
  5
15FD
  8
1_0_PALLET
  6
CONTINUOUS
 62
     7
 10
-183.0541466392564018
 20
230.5644010962581092
 30
0.0
 40
14.1962124000000003
 50
25.7499669999999483
 51
53.7631300000002099
  0
ARC
  5
15FE
  8
1_0_PALLET
  6
CONTINUOUS
 62
     7
 10
-171.6689014392559045
 20
236.0559826962582122
 30
0.0
 40
1.5557499999999991
 50
205.7499669999990886
 51
25.7499669999999483
  0
ARC
  5
15FF
  8
1_0_PALLET
  6
CONTINUOUS
 62
     7
 10
-160.283656239256004
 20
230.5644010962581092
 30
0.0
 40
14.1962124000000003
 50
125.7499669999996996
 51
142.9773130000000094
  0
ARC
  5
1600
  8
1_0_PALLET
  6
CONTINUOUS
 62
     7
 10
-160.283656239256004
 20
230.5644010962581092
 30
0.0
 40
11.0847124000000008
 50
125.7499669999996996
 51
153.41910799999971
  0
ARC
  5
1601
  8
1_0_PALLET
  6
CONTINUOUS
 62
     7
 10
-183.0541466392564018
 20
230.5644010962581092
 30
0.0
 40
11.0847124000000008
 50
25.7499669999999483
 51
30.022042999999929
  0
ARC
  5
1602
  8
1_0_PALLET
  6
CONTINUOUS
 62
     7
 10
-161.834783439256114
 20
237.7115800962581034
 30
0.0
 40
5.0562002000000001
 50
154.0071150000001126
 51
239.9484189999998023
  0
ARC
  5
1603
  8
1_0_PALLET
  6
CONTINUOUS
 62
     7
 10
166.5927114392561066
 20
235.7579390962582977
 30
0.0
 40
3.008528399999999
210
0.0
220
0.0
230
-1.0
 50
272.477952000000073
 51
337.0468279999997208
  0
ARC
  5
1604
  8
1_0_PALLET
  6
CONTINUOUS
 62
     7
 10
-161.9259694392561926
 20
237.734363896258202
 30
0.0
 40
8.0765395999999985
 50
191.7284959999985006
 51
202.9531719999988866
  0
ARC
  5
1605
  8
1_0_PALLET
  6
CONTINUOUS
 62
     7
 10
-181.5030448392560913
 20
237.7115800962581034
 30
0.0
 40
5.0562002000000001
 50
300.0515809999997145
 51
28.0724870000000202
  0
ARC
  5
1606
  8
1_0_PALLET
  6
CONTINUOUS
 62
     7
 10
-181.411858839256098
 20
237.6887962962582037
 30
0.0
 40
8.0765395999999985
 50
331.7271679999997787
 51
30.6661150000002003
  0
ARC
  5
1607
  8
1_0_PALLET
  6
CONTINUOUS
 62
     7
 10
-175.6689696392562041
 20
240.8230800962581952
 30
0.0
 40
0.3500374
 50
315.0000000000002274
 51
36.6948910000000978
  0
LINE
  5
1608
  8
1_0_PALLET
  6
CONTINUOUS
 62
     7
 10
-175.4598006392562866
 20
241.1037500962582101
 30
0.0
 11
-175.9496396392563895
 21
240.6139110962581924
 31
0.0
  0
LINE
  5
1609
  8
1_0_PALLET
  6
CONTINUOUS
 62
     7
 10
-175.388299639256104
 20
241.0322490962581128
 30
0.0
 11
-175.8781386392562069
 21
240.5424100962580951
 31
0.0
  0
ARC
  5
160A
  8
1_0_PALLET
  6
CONTINUOUS
 62
     7
 10
-175.6689696392562041
 20
240.8230800962581952
 30
0.0
 40
0.3500374
 50
53.3051089999999235
 51
216.6948899999997025
  0
ARC
  5
160B
  8
1_0_PALLET
  6
CONTINUOUS
 62
     7
 10
-175.6689696392562041
 20
240.8230800962581952
 30
0.0
 40
0.3500374
 50
233.3051069999999072
 51
315.0000000000002274
  0
LINE
  5
160C
  8
1_0_PALLET
  6
CONTINUOUS
 62
     7
 10
-171.9667418392560876
 20
236.2399040962581012
 30
0.0
 11
-171.4360596392560865
 21
235.7946166962582026
 31
0.0
  0
LINE
  5
160D
  8
1_0_PALLET
  6
CONTINUOUS
 62
     7
 10
-171.9017432392562057
 20
236.317348696258307
 30
0.0
 11
-171.3710610392562046
 21
235.8720612962582095
 31
0.0
  0
ARC
  5
160E
  8
1_0_PALLET
  6
CONTINUOUS
 62
     7
 10
-171.6689014392559045
 20
236.0559826962582122
 30
0.0
 40
0.3500374
 50
49.9999999999999503
 51
131.6948909999998989
  0
ARC
  5
160F
  8
1_0_PALLET
  6
CONTINUOUS
 62
     7
 10
-171.6689014392559045
 20
236.0559826962582122
 30
0.0
 40
0.3500374
 50
148.3051089999999022
 51
311.6948899999997025
  0
ARC
  5
1610
  8
1_0_PALLET
  6
CONTINUOUS
 62
     7
 10
-171.6689014392559045
 20
236.0559826962582122
 30
0.0
 40
0.3500374
 50
328.3051069999996798
 51
49.9999999999999503
  0
LINE
  5
1611
  8
1_0_PALLET
  6
CONTINUOUS
 62
     7
 10
-167.658495439255887
 20
241.1729650962581104
 30
0.0
 11
-167.7787644392560082
 21
240.4907464962581969
 31
0.0
  0
LINE
  5
1612
  8
1_0_PALLET
  6
CONTINUOUS
 62
     7
 10
-167.5589020392561963
 20
241.1554136962581936
 30
0.0
 11
-167.6791964392560885
 21
240.4731950962581948
 31
0.0
  0
ARC
  5
1613
  8
1_0_PALLET
  6
CONTINUOUS
 62
     7
 10
-167.6688332392558891
 20
240.8230800962581952
 30
0.0
 40
0.3500374
 50
350.0
 51
71.6948910000001405
  0
ARC
  5
1614
  8
1_0_PALLET
  6
CONTINUOUS
 62
     7
 10
-167.6688332392558891
 20
240.8230800962581952
 30
0.0
 40
0.3500374
 50
88.3051089999999164
 51
251.6948899999999014
  0
ARC
  5
1615
  8
1_0_PALLET
  6
CONTINUOUS
 62
     7
 10
-167.6688332392558891
 20
240.8230800962581952
 30
0.0
 40
0.3500374
 50
268.3051069999997935
 51
350.0
  0
ARC
  5
1616
  8
1_0_PALLET
  6
CONTINUOUS
 62
     7
 10
-176.6386908392560997
 20
236.0581670962583019
 30
0.0
 40
3.305962399999999
 50
269.9848099999999249
 51
302.3829329999995821
  0
ARC
  5
1617
  8
1_0_PALLET
  6
CONTINUOUS
 62
     7
 10
166.6995692392561921
 20
237.7115800962581034
 30
0.0
 40
4.9594008000000001
210
0.0
220
0.0
230
-1.0
 50
241.9416429999996865
 51
269.9848099999999249
  0
ARC
  5
1618
  8
1_0_PALLET
  6
CONTINUOUS
 62
     7
 10
-176.6382590392560985
 20
237.7115800962581034
 30
0.0
 40
4.9594008000000001
 50
241.9416429999996865
 51
269.9848099999999249
  0
ARC
  5
1619
  8
1_0_PALLET
  6
CONTINUOUS
 62
     7
 10
-175.6689696392562041
 20
240.8230800962581952
 30
0.0
 40
1.5557499999999991
 50
39.2829320000000806
 51
208.0724869999990858
  0
ARC
  5
161A
  8
1_0_PALLET
  6
CONTINUOUS
 62
     7
 10
-167.6688332392558891
 20
240.8230800962581952
 30
0.0
 40
1.5557499999999991
 50
305.7499669999996854
 51
125.7499669999996996
  0
ARC
  5
161B
  8
1_0_PALLET
  6
CONTINUOUS
 62
     7
 10
171.6689014392559045
 20
228.0777918962581907
 30
0.0
 40
16.6357554000000007
210
0.0
220
0.0
230
-1.0
 50
61.4567989999998616
 51
118.5432010000000957
  0
ARC
  5
161C
  8
1_0_PALLET
  6
CONTINUOUS
 62
     7
 10
-176.6382590392560985
 20
237.2137400962581921
 30
0.0
 40
6.235750799999999
 50
118.5432010000000957
 51
241.4567989999997906
  0
ARC
  5
161D
  8
1_0_PALLET
  6
CONTINUOUS
 62
     7
 10
-171.6689014392559045
 20
246.3496882962581083
 30
0.0
 40
16.6357554000000007
 50
241.4567989999997906
 51
298.5432009999998968
  0
ARC
  5
161E
  8
1_0_PALLET
  6
CONTINUOUS
 62
     7
 10
166.6995692392561921
 20
237.2137400962581921
 30
0.0
 40
6.235750799999999
210
0.0
220
0.0
230
-1.0
 50
118.5432010000000957
 51
241.4567989999997906
  0
ARC
  5
161F
  8
1_0_PALLET
  6
CONTINUOUS
 62
     7
 10
171.6689014392559045
 20
228.0777918962581907
 30
0.0
 40
15.7927801999999993
210
0.0
220
0.0
230
-1.0
 50
61.4567989999998616
 51
118.5432010000000957
  0
ARC
  5
1620
  8
1_0_PALLET
  6
CONTINUOUS
 62
     7
 10
166.6995692392561921
 20
237.2137400962581921
 30
0.0
 40
5.3927755999999993
210
0.0
220
0.0
230
-1.0
 50
118.5432010000000957
 51
241.4567989999997906
  0
ARC
  5
1621
  8
1_0_PALLET
  6
CONTINUOUS
 62
     7
 10
-171.6689014392559045
 20
246.3496882962581083
 30
0.0
 40
15.7927801999999993
 50
241.4567989999997906
 51
298.5432009999998968
  0
ARC
  5
1622
  8
1_0_PALLET
  6
CONTINUOUS
 62
     7
 10
-176.6382590392560985
 20
237.2137400962581921
 30
0.0
 40
5.3927755999999993
 50
118.5432010000000957
 51
241.4567989999997906
  0
INSERT
  5
1623
  8
0
  2
*U37
 10
0.0
 20
0.0
 30
0.0
  0
INSERT
  5
1625
  8
0
  2
*U38
 10
0.0
 20
0.0
 30
0.0
  0
INSERT
  5
1627
  8
0
  2
*U39
 10
0.0
 20
0.0
 30
0.0
  0
INSERT
  5
1629
  8
0
  2
*U40
 10
0.0
 20
0.0
 30
0.0
  0
INSERT
  5
162B
  8
0
  2
*U41
 10
0.0
 20
0.0
 30
0.0
  0
LINE
  5
162D
  8
1_0_PALLET
  6
CONTINUOUS
 62
     7
 10
146.6188255299296088
 20
-237.4583624240609936
 30
0.0
 11
148.5540515299294952
 21
-237.4583624240609936
 31
0.0
  0
POLYLINE
  5
162E
  8
1_0_PALLET
  6
CONTINUOUS
 62
     7
 66
     1
 10
0.0
 20
0.0
 30
0.0
 70
     1
  0
VERTEX
  5
4CC7
  8
1_0_PALLET
  6
CONTINUOUS
 62
     7
 10
140.7526193299295869
 20
-233.1343172240609078
 30
0.0
  0
VERTEX
  5
4CC8
  8
1_0_PALLET
  6
CONTINUOUS
 62
     7
 10
171.2326193299294914
 20
-233.1343172240609078
 30
0.0
  0
VERTEX
  5
4CC9
  8
1_0_PALLET
  6
CONTINUOUS
 62
     7
 10
171.2326193299294914
 20
-231.229317224060793
 30
0.0
  0
VERTEX
  5
4CCA
  8
1_0_PALLET
  6
CONTINUOUS
 62
     7
 10
178.8526193299296096
 20
-237.579317224060901
 30
0.0
  0
VERTEX
  5
4CCB
  8
1_0_PALLET
  6
CONTINUOUS
 62
     7
 10
171.2326193299294914
 20
-243.9293172240608953
 30
0.0
  0
VERTEX
  5
4CCC
  8
1_0_PALLET
  6
CONTINUOUS
 62
     7
 10
171.2326193299294914
 20
-242.0243172240610079
 30
0.0
  0
VERTEX
  5
4CCD
  8
1_0_PALLET
  6
CONTINUOUS
 62
     7
 10
140.7526193299295869
 20
-242.0243172240610079
 30
0.0
  0
SEQEND
  5
4CCE
  8
1_0_PALLET
  6
CONTINUOUS
 62
     7
  0
POLYLINE
  5
162F
  8
1_0_PALLET
  6
CONTINUOUS
 62
     7
 66
     1
 10
0.0
 20
0.0
 30
0.0
 70
     1
  0
VERTEX
  5
4CCF
  8
1_0_PALLET
  6
CONTINUOUS
 62
     7
 10
165.0035741299294898
 20
-235.2396978240606131
 30
0.0
  0
VERTEX
  5
4CD0
  8
1_0_PALLET
  6
CONTINUOUS
 62
     7
 10
164.5197803299296027
 20
-235.7235170240608966
 30
0.0
  0
VERTEX
  5
4CD1
  8
1_0_PALLET
  6
CONTINUOUS
 62
     7
 10
164.3193743299295875
 20
-236.2073362240608958
 30
0.0
  0
VERTEX
  5
4CD2
  8
1_0_PALLET
  6
CONTINUOUS
 62
     7
 10
164.0774647299296021
 20
-236.9330396240607968
 30
0.0
  0
VERTEX
  5
4CD3
  8
1_0_PALLET
  6
CONTINUOUS
 62
     7
 10
164.0774647299296021
 20
-238.1425622240610096
 30
0.0
  0
VERTEX
  5
4CD4
  8
1_0_PALLET
  6
CONTINUOUS
 62
     7
 10
164.3193743299295875
 20
-238.8682910240609942
 30
0.0
  0
VERTEX
  5
4CD5
  8
1_0_PALLET
  6
CONTINUOUS
 62
     7
 10
164.5197803299296027
 20
-239.3520848240609951
 30
0.0
  0
VERTEX
  5
4CD6
  8
1_0_PALLET
  6
CONTINUOUS
 62
     7
 10
165.0035741299294898
 20
-239.835904024060909
 30
0.0
  0
VERTEX
  5
4CD7
  8
1_0_PALLET
  6
CONTINUOUS
 62
     7
 10
165.4873933299296027
 20
-240.0363100240610095
 30
0.0
  0
VERTEX
  5
4CD8
  8
1_0_PALLET
  6
CONTINUOUS
 62
     7
 10
166.4550063299296028
 20
-240.0363100240610095
 30
0.0
  0
VERTEX
  5
4CD9
  8
1_0_PALLET
  6
CONTINUOUS
 62
     7
 10
166.9388255299294883
 20
-239.835904024060909
 30
0.0
  0
VERTEX
  5
4CDA
  8
1_0_PALLET
  6
CONTINUOUS
 62
     7
 10
167.4226193299294039
 20
-239.3520848240609951
 30
0.0
  0
VERTEX
  5
4CDB
  8
1_0_PALLET
  6
CONTINUOUS
 62
     7
 10
167.6230253299293906
 20
-238.8682910240609942
 30
0.0
  0
VERTEX
  5
4CDC
  8
1_0_PALLET
  6
CONTINUOUS
 62
     7
 10
167.8649349299296034
 20
-238.1425622240610096
 30
0.0
  0
VERTEX
  5
4CDD
  8
1_0_PALLET
  6
CONTINUOUS
 62
     7
 10
167.8649349299296034
 20
-236.9330396240607968
 30
0.0
  0
VERTEX
  5
4CDE
  8
1_0_PALLET
  6
CONTINUOUS
 62
     7
 10
167.6230253299293906
 20
-236.2073362240608958
 30
0.0
  0
VERTEX
  5
4CDF
  8
1_0_PALLET
  6
CONTINUOUS
 62
     7
 10
167.4226193299294039
 20
-235.7235170240608966
 30
0.0
  0
VERTEX
  5
4CE0
  8
1_0_PALLET
  6
CONTINUOUS
 62
     7
 10
166.9388255299294883
 20
-235.2396978240606131
 30
0.0
  0
VERTEX
  5
4CE1
  8
1_0_PALLET
  6
CONTINUOUS
 62
     7
 10
166.4550063299296028
 20
-235.0393172240609942
 30
0.0
  0
VERTEX
  5
4CE2
  8
1_0_PALLET
  6
CONTINUOUS
 62
     7
 10
165.4873933299296027
 20
-235.0393172240609942
 30
0.0
  0
SEQEND
  5
4CE3
  8
1_0_PALLET
  6
CONTINUOUS
 62
     7
  0
POLYLINE
  5
1630
  8
1_0_PALLET
  6
CONTINUOUS
 62
     7
 66
     1
 10
0.0
 20
0.0
 30
0.0
  0
VERTEX
  5
4CE4
  8
1_0_PALLET
  6
CONTINUOUS
 62
     7
 10
162.3426193299295903
 20
-235.0393172240609942
 30
0.0
  0
VERTEX
  5
4CE5
  8
1_0_PALLET
  6
CONTINUOUS
 62
     7
 10
162.3426193299295903
 20
-238.9097946240609929
 30
0.0
  0
VERTEX
  5
4CE6
  8
1_0_PALLET
  6
CONTINUOUS
 62
     7
 10
162.1007351299296033
 20
-239.6354980240608938
 30
0.0
  0
VERTEX
  5
4CE7
  8
1_0_PALLET
  6
CONTINUOUS
 62
     7
 10
161.8588255299295895
 20
-239.8774076240609929
 30
0.0
  0
VERTEX
  5
4CE8
  8
1_0_PALLET
  6
CONTINUOUS
 62
     7
 10
161.375006329929505
 20
-240.0778136240610081
 30
0.0
  0
VERTEX
  5
4CE9
  8
1_0_PALLET
  6
CONTINUOUS
 62
     7
 10
160.8912125299295042
 20
-240.0778136240610081
 30
0.0
  0
VERTEX
  5
4CEA
  8
1_0_PALLET
  6
CONTINUOUS
 62
     7
 10
160.4073933299293913
 20
-239.8774076240609929
 30
0.0
  0
VERTEX
  5
4CEB
  8
1_0_PALLET
  6
CONTINUOUS
 62
     7
 10
160.1654837299296048
 20
-239.6354980240608938
 30
0.0
  0
VERTEX
  5
4CEC
  8
1_0_PALLET
  6
CONTINUOUS
 62
     7
 10
159.923574129929591
 20
-238.9097946240609929
 30
0.0
  0
VERTEX
  5
4CED
  8
1_0_PALLET
  6
CONTINUOUS
 62
     7
 10
159.923574129929591
 20
-238.4259754240609084
 30
0.0
  0
SEQEND
  5
4CEE
  8
1_0_PALLET
  6
CONTINUOUS
 62
     7
  0
POLYLINE
  5
1631
  8
1_0_PALLET
  6
CONTINUOUS
 62
     7
 66
     1
 10
0.0
 20
0.0
 30
0.0
  0
VERTEX
  5
4CEF
  8
1_0_PALLET
  6
CONTINUOUS
 62
     7
 10
155.085483729929507
 20
-235.0393172240609942
 30
0.0
  0
VERTEX
  5
4CF0
  8
1_0_PALLET
  6
CONTINUOUS
 62
     7
 10
155.085483729929507
 20
-238.6678850240610075
 30
0.0
  0
VERTEX
  5
4CF1
  8
1_0_PALLET
  6
CONTINUOUS
 62
     7
 10
155.3273933299296061
 20
-239.3935884240609084
 30
0.0
  0
VERTEX
  5
4CF2
  8
1_0_PALLET
  6
CONTINUOUS
 62
     7
 10
155.8112125299296054
 20
-239.8774076240609929
 30
0.0
  0
VERTEX
  5
4CF3
  8
1_0_PALLET
  6
CONTINUOUS
 62
     7
 10
156.5369159299295916
 20
-240.1193172240610068
 30
0.0
  0
VERTEX
  5
4CF4
  8
1_0_PALLET
  6
CONTINUOUS
 62
     7
 10
157.0207351299295055
 20
-240.1193172240610068
 30
0.0
  0
VERTEX
  5
4CF5
  8
1_0_PALLET
  6
CONTINUOUS
 62
     7
 10
157.7464385299294918
 20
-239.8774076240609929
 30
0.0
  0
VERTEX
  5
4CF6
  8
1_0_PALLET
  6
CONTINUOUS
 62
     7
 10
158.2302577299296047
 20
-239.3935884240609084
 30
0.0
  0
VERTEX
  5
4CF7
  8
1_0_PALLET
  6
CONTINUOUS
 62
     7
 10
158.4721419299295064
 20
-238.6678850240610075
 30
0.0
  0
VERTEX
  5
4CF8
  8
1_0_PALLET
  6
CONTINUOUS
 62
     7
 10
158.4721419299295064
 20
-235.0393172240609942
 30
0.0
  0
SEQEND
  5
4CF9
  8
1_0_PALLET
  6
CONTINUOUS
 62
     7
  0
POLYLINE
  5
1632
  8
1_0_PALLET
  6
CONTINUOUS
 62
     7
 66
     1
 10
0.0
 20
0.0
 30
0.0
  0
VERTEX
  5
4CFA
  8
1_0_PALLET
  6
CONTINUOUS
 62
     7
 10
150.9730967299294093
 20
-235.0393172240609942
 30
0.0
  0
VERTEX
  5
4CFB
  8
1_0_PALLET
  6
CONTINUOUS
 62
     7
 10
150.9730967299294093
 20
-240.1193172240610068
 30
0.0
  0
VERTEX
  5
4CFC
  8
1_0_PALLET
  6
CONTINUOUS
 62
     7
 10
153.8759611299296068
 20
-240.1193172240610068
 30
0.0
  0
SEQEND
  5
4CFD
  8
1_0_PALLET
  6
CONTINUOUS
 62
     7
  0
POLYLINE
  5
1633
  8
1_0_PALLET
  6
CONTINUOUS
 62
     7
 66
     1
 10
0.0
 20
0.0
 30
0.0
  0
VERTEX
  5
4CFE
  8
1_0_PALLET
  6
CONTINUOUS
 62
     7
 10
146.6188255299296088
 20
-240.1193172240610068
 30
0.0
  0
VERTEX
  5
4CFF
  8
1_0_PALLET
  6
CONTINUOUS
 62
     7
 10
146.6188255299296088
 20
-235.0393172240609942
 30
0.0
  0
VERTEX
  5
4D00
  8
1_0_PALLET
  6
CONTINUOUS
 62
     7
 10
149.7635741299295944
 20
-235.0393172240609942
 30
0.0
  0
SEQEND
  5
4D01
  8
1_0_PALLET
  6
CONTINUOUS
 62
     7
  0
LINE
  5
1634
  8
1_0_PALLET
  6
CONTINUOUS
 62
     7
 10
-175.8705486148897137
 20
-237.4571568825209908
 30
0.0
 11
-159.2228509803721863
 21
-220.8094232762364015
 31
0.0
210
0.0
220
0.0
230
-1.0
  0
LINE
  5
1635
  8
1_0_PALLET
  6
CONTINUOUS
 62
     7
 10
-172.8726975539258888
 20
-222.5811047273527947
 30
0.0
 11
-172.8726975539258888
 21
-228.8761279195873897
 31
0.0
210
0.0
220
0.0
230
-1.0
  0
LINE
  5
1636
  8
1_0_PALLET
  6
CONTINUOUS
 62
     7
 10
-172.8726975539258888
 20
-222.5811047273527947
 30
0.0
 11
-170.1747790833015017
 21
-222.5811047273527947
 31
0.0
210
0.0
220
0.0
230
-1.0
  0
LINE
  5
1637
  8
1_0_PALLET
  6
CONTINUOUS
 62
     7
 10
-170.1747790833015017
 20
-222.5811047273527947
 30
0.0
 11
-169.2754849170156888
 21
-222.8808574588591966
 31
0.0
210
0.0
220
0.0
230
-1.0
  0
LINE
  5
1638
  8
1_0_PALLET
  6
CONTINUOUS
 62
     7
 10
-169.2754849170156888
 20
-222.8808574588591966
 30
0.0
 11
-168.9757321855092869
 21
-223.1806461621324047
 31
0.0
210
0.0
220
0.0
230
-1.0
  0
LINE
  5
1639
  8
1_0_PALLET
  6
CONTINUOUS
 62
     7
 10
-168.9757321855092869
 20
-223.1806461621324047
 30
0.0
 11
-168.727383108547798
 21
-223.7801516251452085
 31
0.0
210
0.0
220
0.0
230
-1.0
  0
LINE
  5
163A
  8
1_0_PALLET
  6
CONTINUOUS
 62
     7
 10
-168.727383108547798
 20
-223.7801516251452085
 30
0.0
 11
-168.727383108547798
 21
-224.6794098196643859
 31
0.0
210
0.0
220
0.0
230
-1.0
  0
LINE
  5
163B
  8
1_0_PALLET
  6
CONTINUOUS
 62
     7
 10
-168.727383108547798
 20
-224.6794098196643859
 30
0.0
 11
-168.9757321855092869
 21
-225.2789512544439958
 31
0.0
210
0.0
220
0.0
230
-1.0
  0
LINE
  5
163C
  8
1_0_PALLET
  6
CONTINUOUS
 62
     7
 10
-168.9757321855092869
 20
-225.2789512544439958
 30
0.0
 11
-169.2754849170156888
 21
-225.5787399577168912
 31
0.0
210
0.0
220
0.0
230
-1.0
  0
LINE
  5
163D
  8
1_0_PALLET
  6
CONTINUOUS
 62
     7
 10
-169.2754849170156888
 20
-225.5787399577168912
 30
0.0
 11
-170.1747790833015017
 21
-225.8784926892232932
 31
0.0
210
0.0
220
0.0
230
-1.0
  0
LINE
  5
163E
  8
1_0_PALLET
  6
CONTINUOUS
 62
     7
 10
-170.1747790833015017
 20
-225.8784926892232932
 30
0.0
 11
-172.8726975539258888
 21
-225.8784926892232932
 31
0.0
210
0.0
220
0.0
230
-1.0
  0
LINE
  5
163F
  8
1_0_PALLET
  6
CONTINUOUS
 62
     7
 10
-164.6199829052202119
 20
-230.0709301489150107
 30
0.0
 11
-164.6199829052202119
 21
-236.3659893129162128
 31
0.0
210
0.0
220
0.0
230
-1.0
  0
LINE
  5
1640
  8
1_0_PALLET
  6
CONTINUOUS
 62
     7
 10
-164.6199829052202119
 20
-233.0686373228122932
 30
0.0
 11
-164.0204414704406872
 21
-232.4690958880329106
 31
0.0
210
0.0
220
0.0
230
-1.0
  0
LINE
  5
1641
  8
1_0_PALLET
  6
CONTINUOUS
 62
     7
 10
-164.0204414704406872
 20
-232.4690958880329106
 30
0.0
 11
-163.4209000356611057
 21
-232.220746811071308
 31
0.0
210
0.0
220
0.0
230
-1.0
  0
LINE
  5
1642
  8
1_0_PALLET
  6
CONTINUOUS
 62
     7
 10
-163.4209000356611057
 20
-232.220746811071308
 30
0.0
 11
-162.5216418411420989
 21
-232.220746811071308
 31
0.0
210
0.0
220
0.0
230
-1.0
  0
LINE
  5
1643
  8
1_0_PALLET
  6
CONTINUOUS
 62
     7
 10
-162.5216418411420989
 20
-232.220746811071308
 30
0.0
 11
-161.92210040636229
 21
-232.4690958880329106
 31
0.0
210
0.0
220
0.0
230
-1.0
  0
LINE
  5
1644
  8
1_0_PALLET
  6
CONTINUOUS
 62
     7
 10
-161.92210040636229
 20
-232.4690958880329106
 30
0.0
 11
-161.3225949433497988
 21
-233.0686373228122932
 31
0.0
210
0.0
220
0.0
230
-1.0
  0
LINE
  5
1645
  8
1_0_PALLET
  6
CONTINUOUS
 62
     7
 10
-161.3225949433497988
 20
-233.0686373228122932
 30
0.0
 11
-161.0228062400765054
 21
-233.9678955173316979
 31
0.0
210
0.0
220
0.0
230
-1.0
  0
LINE
  5
1646
  8
1_0_PALLET
  6
CONTINUOUS
 62
     7
 10
-161.0228062400765054
 20
-233.9678955173316979
 30
0.0
 11
-161.0228062400765054
 21
-234.5674369521111089
 31
0.0
210
0.0
220
0.0
230
-1.0
  0
LINE
  5
1647
  8
1_0_PALLET
  6
CONTINUOUS
 62
     7
 10
-161.0228062400765054
 20
-234.5674369521111089
 30
0.0
 11
-161.3225949433497988
 21
-235.4667311183970071
 31
0.0
210
0.0
220
0.0
230
-1.0
  0
LINE
  5
1648
  8
1_0_PALLET
  6
CONTINUOUS
 62
     7
 10
-161.3225949433497988
 20
-235.4667311183970071
 30
0.0
 11
-161.92210040636229
 21
-236.0662725531763897
 31
0.0
210
0.0
220
0.0
230
-1.0
  0
LINE
  5
1649
  8
1_0_PALLET
  6
CONTINUOUS
 62
     7
 10
-161.92210040636229
 20
-236.0662725531763897
 30
0.0
 11
-162.5216418411420989
 21
-236.3145856583712998
 31
0.0
210
0.0
220
0.0
230
-1.0
  0
LINE
  5
164A
  8
1_0_PALLET
  6
CONTINUOUS
 62
     7
 10
-162.5216418411420989
 20
-236.3145856583712998
 30
0.0
 11
-163.4209000356611057
 21
-236.3145856583712998
 31
0.0
210
0.0
220
0.0
230
-1.0
  0
LINE
  5
164B
  8
1_0_PALLET
  6
CONTINUOUS
 62
     7
 10
-163.4209000356611057
 20
-236.3145856583712998
 30
0.0
 11
-164.0204414704406872
 21
-236.0662725531763897
 31
0.0
210
0.0
220
0.0
230
-1.0
  0
LINE
  5
164C
  8
1_0_PALLET
  6
CONTINUOUS
 62
     7
 10
-164.0204414704406872
 20
-236.0662725531763897
 30
0.0
 11
-164.6199829052202119
 21
-235.4667311183970071
 31
0.0
210
0.0
220
0.0
230
-1.0
  0
LINE
  5
164D
  8
1_0_PALLET
  6
CONTINUOUS
 62
     7
 10
-145.030673912494791
 20
-223.4702030374907054
 30
0.0
 11
-142.6325441451434131
 21
-223.4702030374907054
 31
0.0
210
0.0
220
0.0
230
-1.0
  0
LINE
  5
164E
  8
1_0_PALLET
  6
CONTINUOUS
 62
     7
 10
-139.3351561832729999
 20
-224.6692859070496127
 30
0.0
 11
-136.3374849811422109
 21
-224.6692859070496127
 31
0.0
210
0.0
220
0.0
230
-1.0
  0
ARC
  5
164F
  8
1_0_PALLET
  6
CONTINUOUS
 62
     7
 10
167.5244512599570044
 20
-229.1110235558213901
 30
0.0
 40
11.8032359325024299
210
0.0
220
0.0
230
-1.0
 50
135.0763846360750051
 51
180.0
  0
ARC
  5
1650
  8
1_0_PALLET
  6
CONTINUOUS
 62
     7
 10
167.5244512599570044
 20
-229.1110235558213901
 30
0.0
 40
11.8032359325024299
210
0.0
220
0.0
230
-1.0
 50
180.0000176000930026
 51
135.0000093619838992
  0
LINE
  5
1651
  8
1_0_PALLET
  6
CONTINUOUS
 62
     7
 10
-150.5009167836724089
 20
-233.6576327490575977
 30
0.0
 11
-148.1027510445543953
 21
-233.6576327490575977
 31
0.0
210
0.0
220
0.0
230
-1.0
  0
LINE
  5
1652
  8
1_0_PALLET
  6
CONTINUOUS
 62
     7
 10
-143.006810721878594
 20
-233.6576327490575977
 30
0.0
 11
-140.9084696578005094
 21
-236.9550566826947886
 31
0.0
210
0.0
220
0.0
230
-1.0
  0
LINE
  5
1653
  8
1_0_PALLET
  6
CONTINUOUS
 62
     7
 10
-138.8100926219555049
 20
-233.6576327490575977
 30
0.0
 11
-136.4119628546044112
 21
-233.6576327490575977
 31
0.0
210
0.0
220
0.0
230
-1.0
  0
LINE
  5
1654
  8
1_0_PALLET
  6
CONTINUOUS
 62
     7
 10
-133.1146108645004915
 20
-233.6576327490575977
 30
0.0
 11
-130.7164810971491988
 21
-233.6576327490575977
 31
0.0
210
0.0
220
0.0
230
-1.0
  0
POLYLINE
  5
1655
  8
1_0_PALLET
  6
CONTINUOUS
 62
     7
 66
     1
 10
0.0
 20
0.0
 30
0.0
210
0.0
220
0.0
230
-1.0
  0
VERTEX
  5
4D02
  8
1_0_PALLET
  6
CONTINUOUS
 62
     7
 10
129.2176814678504968
 20
-230.6599975186933875
 30
0.0
  0
VERTEX
  5
4D03
  8
1_0_PALLET
  6
CONTINUOUS
 62
     7
 10
133.1146108645004915
 20
-230.6599975186933875
 30
0.0
  0
VERTEX
  5
4D04
  8
1_0_PALLET
  6
CONTINUOUS
 62
     7
 10
133.1146108645004915
 20
-236.9550566826947886
 30
0.0
  0
VERTEX
  5
4D05
  8
1_0_PALLET
  6
CONTINUOUS
 62
     7
 10
129.2176814678504968
 20
-236.9550566826947886
 30
0.0
  0
SEQEND
  5
4D06
  8
1_0_PALLET
  6
CONTINUOUS
 62
     7
  0
POLYLINE
  5
1656
  8
1_0_PALLET
  6
CONTINUOUS
 62
     7
 66
     1
 10
0.0
 20
0.0
 30
0.0
210
0.0
220
0.0
230
-1.0
  0
VERTEX
  5
4D07
  8
1_0_PALLET
  6
CONTINUOUS
 62
     7
 10
134.9131632253057944
 20
-230.6599975186933875
 30
0.0
  0
VERTEX
  5
4D08
  8
1_0_PALLET
  6
CONTINUOUS
 62
     7
 10
138.8100926219555049
 20
-230.6599975186933875
 30
0.0
  0
VERTEX
  5
4D09
  8
1_0_PALLET
  6
CONTINUOUS
 62
     7
 10
138.8100926219555049
 20
-236.9550566826947886
 30
0.0
  0
VERTEX
  5
4D0A
  8
1_0_PALLET
  6
CONTINUOUS
 62
     7
 10
134.9131632253057944
 20
-236.9550566826947886
 30
0.0
  0
SEQEND
  5
4D0B
  8
1_0_PALLET
  6
CONTINUOUS
 62
     7
  0
POLYLINE
  5
1657
  8
1_0_PALLET
  6
CONTINUOUS
 62
     7
 66
     1
 10
0.0
 20
0.0
 30
0.0
210
0.0
220
0.0
230
-1.0
  0
VERTEX
  5
4D0C
  8
1_0_PALLET
  6
CONTINUOUS
 62
     7
 10
145.1051517859569913
 20
-236.9550566826947886
 30
0.0
  0
VERTEX
  5
4D0D
  8
1_0_PALLET
  6
CONTINUOUS
 62
     7
 10
145.1051517859569913
 20
-230.6599975186933875
 30
0.0
  0
VERTEX
  5
4D0E
  8
1_0_PALLET
  6
CONTINUOUS
 62
     7
 10
142.4072692870992114
 20
-230.6599975186933875
 30
0.0
  0
VERTEX
  5
4D0F
  8
1_0_PALLET
  6
CONTINUOUS
 62
     7
 10
141.5079751208133132
 20
-230.9597862219665103
 30
0.0
  0
VERTEX
  5
4D10
  8
1_0_PALLET
  6
CONTINUOUS
 62
     7
 10
141.2081864175403894
 20
-231.2595029817061913
 30
0.0
  0
VERTEX
  5
4D11
  8
1_0_PALLET
  6
CONTINUOUS
 62
     7
 10
140.9599092841120012
 20
-231.8590444164858013
 30
0.0
  0
VERTEX
  5
4D12
  8
1_0_PALLET
  6
CONTINUOUS
 62
     7
 10
140.9599092841120012
 20
-232.4585858512652976
 30
0.0
  0
VERTEX
  5
4D13
  8
1_0_PALLET
  6
CONTINUOUS
 62
     7
 10
141.2081864175403894
 20
-233.0580913142779877
 30
0.0
  0
VERTEX
  5
4D14
  8
1_0_PALLET
  6
CONTINUOUS
 62
     7
 10
141.5079751208133132
 20
-233.3578800175511958
 30
0.0
  0
VERTEX
  5
4D15
  8
1_0_PALLET
  6
CONTINUOUS
 62
     7
 10
142.4072692870992114
 20
-233.6576327490575977
 30
0.0
  0
VERTEX
  5
4D16
  8
1_0_PALLET
  6
CONTINUOUS
 62
     7
 10
145.1051517859569913
 20
-233.6576327490575977
 30
0.0
  0
SEQEND
  5
4D17
  8
1_0_PALLET
  6
CONTINUOUS
 62
     7
  0
POLYLINE
  5
1658
  8
1_0_PALLET
  6
CONTINUOUS
 62
     7
 66
     1
 10
0.0
 20
0.0
 30
0.0
210
0.0
220
0.0
230
-1.0
  0
VERTEX
  5
4D18
  8
1_0_PALLET
  6
CONTINUOUS
 62
     7
 10
146.603951415255608
 20
-230.6599975186933875
 30
0.0
  0
VERTEX
  5
4D19
  8
1_0_PALLET
  6
CONTINUOUS
 62
     7
 10
150.5009167836724089
 20
-230.6599975186933875
 30
0.0
  0
VERTEX
  5
4D1A
  8
1_0_PALLET
  6
CONTINUOUS
 62
     7
 10
150.5009167836724089
 20
-236.9550566826947886
 30
0.0
  0
SEQEND
  5
4D1B
  8
1_0_PALLET
  6
CONTINUOUS
 62
     7
  0
POLYLINE
  5
1659
  8
1_0_PALLET
  6
CONTINUOUS
 62
     7
 66
     1
 10
0.0
 20
0.0
 30
0.0
 70
     1
210
0.0
220
0.0
230
-1.0
  0
VERTEX
  5
4D1C
  8
1_0_PALLET
  6
CONTINUOUS
 62
     7
 10
133.939391185557696
 20
-220.4725678071264952
 30
0.0
  0
VERTEX
  5
4D1D
  8
1_0_PALLET
  6
CONTINUOUS
 62
     7
 10
131.8410860932457922
 20
-220.4725678071264952
 30
0.0
  0
VERTEX
  5
4D1E
  8
1_0_PALLET
  6
CONTINUOUS
 62
     7
 10
130.9417559551935142
 20
-220.7723565103995895
 30
0.0
  0
VERTEX
  5
4D1F
  8
1_0_PALLET
  6
CONTINUOUS
 62
     7
 10
130.3422504921805114
 20
-221.371861973412507
 30
0.0
  0
VERTEX
  5
4D20
  8
1_0_PALLET
  6
CONTINUOUS
 62
     7
 10
130.0939014152191078
 20
-221.9714034081920886
 30
0.0
  0
VERTEX
  5
4D21
  8
1_0_PALLET
  6
CONTINUOUS
 62
     7
 10
129.7941486837127059
 20
-222.8706616027112091
 30
0.0
  0
VERTEX
  5
4D22
  8
1_0_PALLET
  6
CONTINUOUS
 62
     7
 10
129.7941486837127059
 20
-224.3694972037764899
 30
0.0
  0
VERTEX
  5
4D23
  8
1_0_PALLET
  6
CONTINUOUS
 62
     7
 10
130.0939014152191078
 20
-225.2688273418291089
 30
0.0
  0
VERTEX
  5
4D24
  8
1_0_PALLET
  6
CONTINUOUS
 62
     7
 10
130.3422504921805114
 20
-225.8683328048419128
 30
0.0
  0
VERTEX
  5
4D25
  8
1_0_PALLET
  6
CONTINUOUS
 62
     7
 10
130.9417559551935142
 20
-226.4678742396214943
 30
0.0
  0
VERTEX
  5
4D26
  8
1_0_PALLET
  6
CONTINUOUS
 62
     7
 10
131.8410860932457922
 20
-226.767626971127811
 30
0.0
  0
VERTEX
  5
4D27
  8
1_0_PALLET
  6
CONTINUOUS
 62
     7
 10
133.939391185557696
 20
-226.767626971127811
 30
0.0
  0
SEQEND
  5
4D28
  8
1_0_PALLET
  6
CONTINUOUS
 62
     7
  0
POLYLINE
  5
165A
  8
1_0_PALLET
  6
CONTINUOUS
 62
     7
 66
     1
 10
0.0
 20
0.0
 30
0.0
210
0.0
220
0.0
230
-1.0
  0
VERTEX
  5
4D29
  8
1_0_PALLET
  6
CONTINUOUS
 62
     7
 10
140.2344143777920067
 20
-226.767626971127811
 30
0.0
  0
VERTEX
  5
4D2A
  8
1_0_PALLET
  6
CONTINUOUS
 62
     7
 10
137.8363205822074917
 20
-220.4725678071264952
 30
0.0
  0
VERTEX
  5
4D2B
  8
1_0_PALLET
  6
CONTINUOUS
 62
     7
 10
135.4382627583894134
 20
-226.767626971127811
 30
0.0
  0
SEQEND
  5
4D2C
  8
1_0_PALLET
  6
CONTINUOUS
 62
     7
  0
POLYLINE
  5
165B
  8
1_0_PALLET
  6
CONTINUOUS
 62
     7
 66
     1
 10
0.0
 20
0.0
 30
0.0
210
0.0
220
0.0
230
-1.0
  0
VERTEX
  5
4D2D
  8
1_0_PALLET
  6
CONTINUOUS
 62
     7
 10
141.133744515844711
 20
-220.4725678071264952
 30
0.0
  0
VERTEX
  5
4D2E
  8
1_0_PALLET
  6
CONTINUOUS
 62
     7
 10
145.030673912494791
 20
-220.4725678071264952
 30
0.0
  0
VERTEX
  5
4D2F
  8
1_0_PALLET
  6
CONTINUOUS
 62
     7
 10
145.030673912494791
 20
-226.767626971127811
 30
0.0
  0
VERTEX
  5
4D30
  8
1_0_PALLET
  6
CONTINUOUS
 62
     7
 10
141.133744515844711
 20
-226.767626971127811
 30
0.0
  0
SEQEND
  5
4D31
  8
1_0_PALLET
  6
CONTINUOUS
 62
     7
  0
POLYLINE
  5
165C
  8
1_0_PALLET
  6
CONTINUOUS
 62
     7
 66
     1
 10
0.0
 20
0.0
 30
0.0
210
0.0
220
0.0
230
-1.0
  0
VERTEX
  5
4D32
  8
1_0_PALLET
  6
CONTINUOUS
 62
     7
 10
150.1266502069371995
 20
-220.4725678071264952
 30
0.0
  0
VERTEX
  5
4D33
  8
1_0_PALLET
  6
CONTINUOUS
 62
     7
 10
150.1266502069371995
 20
-226.767626971127811
 30
0.0
  0
VERTEX
  5
4D34
  8
1_0_PALLET
  6
CONTINUOUS
 62
     7
 10
146.5294375700266869
 20
-226.767626971127811
 30
0.0
  0
SEQEND
  5
4D35
  8
1_0_PALLET
  6
CONTINUOUS
 62
     7
  0
INSERT
  5
165D
  8
0
  2
*U42
 10
0.0
 20
0.0
 30
0.0
  0
POLYLINE
  5
165E
  8
1_0_PALLET
  6
CONTINUOUS
 66
     1
 10
0.0
 20
0.0
 30
0.0
  0
VERTEX
  5
4D3B
  8
1_0_PALLET
  6
CONTINUOUS
 10
192.9638021221699944
 20
259.815421785440094
 30
0.0
  0
VERTEX
  5
4D3C
  8
1_0_PALLET
  6
CONTINUOUS
 10
192.9638021221699944
 20
279.400003040379886
 30
0.0
  0
VERTEX
  5
4D3D
  8
1_0_PALLET
  6
CONTINUOUS
 10
-215.9000000012698877
 20
279.400003040379886
 30
0.0
  0
VERTEX
  5
4D3E
  8
1_0_PALLET
  6
CONTINUOUS
 10
-215.9000000012698877
 20
-279.4000091185999963
 30
0.0
  0
VERTEX
  5
4D3F
  8
1_0_PALLET
  6
CONTINUOUS
 10
192.9638021221699944
 20
-279.4000091185999963
 30
0.0
  0
VERTEX
  5
4D40
  8
1_0_PALLET
  6
CONTINUOUS
 10
-215.9000000012698877
 20
-279.4000091185999963
 30
0.0
  0
VERTEX
  5
4D41
  8
1_0_PALLET
  6
CONTINUOUS
 10
-215.9000000012698877
 20
279.400003040379886
 30
0.0
  0
VERTEX
  5
4D42
  8
1_0_PALLET
  6
CONTINUOUS
 10
192.9638021221699944
 20
279.400003040379886
 30
0.0
  0
VERTEX
  5
4D43
  8
1_0_PALLET
  6
CONTINUOUS
 10
192.9638021221699944
 20
259.8928503692786762
 30
0.0
 42
-0.1926900086330692
  0
VERTEX
  5
4D44
  8
1_0_PALLET
  6
CONTINUOUS
 10
192.4728103529971861
 20
258.6661092336747174
 30
0.0
 42
0.9763113956117745
  0
VERTEX
  5
4D45
  8
1_0_PALLET
  6
CONTINUOUS
 10
195.1661104738444124
 20
255.9728037007494095
 30
0.0
 42
-0.19268948761618
  0
VERTEX
  5
4D46
  8
1_0_PALLET
  6
CONTINUOUS
 10
196.3928490232576962
 20
256.4637930048399994
 30
0.0
  0
VERTEX
  5
4D47
  8
1_0_PALLET
  6
CONTINUOUS
 10
215.9000121577099094
 20
256.4637930048399994
 30
0.0
  0
VERTEX
  5
4D48
  8
1_0_PALLET
  6
CONTINUOUS
 10
215.9000121577099094
 20
-256.4637990830599961
 30
0.0
  0
VERTEX
  5
4D49
  8
1_0_PALLET
  6
CONTINUOUS
 10
196.3928594866086996
 20
-256.4637990830599961
 30
0.0
 42
-0.1926900086327303
  0
VERTEX
  5
4D4A
  8
1_0_PALLET
  6
CONTINUOUS
 10
195.166118351006304
 20
-255.9728073138886941
 30
0.0
 42
0.9763113956104861
  0
VERTEX
  5
4D4B
  8
1_0_PALLET
  6
CONTINUOUS
 10
192.4728128180811098
 20
-258.666107434735693
 30
0.0
 42
-0.1926894876158335
  0
VERTEX
  5
4D4C
  8
1_0_PALLET
  6
CONTINUOUS
 10
192.9638021221699944
 20
-259.8928459841474137
 30
0.0
  0
VERTEX
  5
4D4D
  8
1_0_PALLET
  6
CONTINUOUS
 10
192.9638021221699944
 20
-279.4000091185999963
 30
0.0
  0
VERTEX
  5
4D4E
  8
1_0_PALLET
  6
CONTINUOUS
 10
192.9638021221699944
 20
-259.815427861119872
 30
0.0
  0
SEQEND
  5
4D4F
  8
1_0_PALLET
  6
CONTINUOUS
  0
POLYLINE
  5
165F
  8
1_0_PALLET
  6
CONTINUOUS
 66
     1
 10
0.0
 20
0.0
 30
0.0
  0
VERTEX
  5
4D50
  8
1_0_PALLET
  6
CONTINUOUS
 10
192.9638021221701933
 20
-273.0499984836200156
 30
0.0
  0
VERTEX
  5
4D51
  8
1_0_PALLET
  6
CONTINUOUS
 10
209.5500015252702042
 20
-273.0499984836200156
 30
0.0
  0
VERTEX
  5
4D52
  8
1_0_PALLET
  6
CONTINUOUS
 10
209.5500015252702042
 20
-256.4637990830599961
 30
0.0
  0
SEQEND
  5
4D53
  8
1_0_PALLET
  6
CONTINUOUS
  0
POLYLINE
  5
1660
  8
1_0_PALLET
  6
CONTINUOUS
 66
     1
 10
0.0
 20
0.0
 30
0.0
  0
VERTEX
  5
4D54
  8
1_0_PALLET
  6
CONTINUOUS
 10
209.5500015252702042
 20
256.4637930048399994
 30
0.0
  0
VERTEX
  5
4D55
  8
1_0_PALLET
  6
CONTINUOUS
 10
209.5500015252702042
 20
273.0499924079401239
 30
0.0
  0
VERTEX
  5
4D56
  8
1_0_PALLET
  6
CONTINUOUS
 10
192.9638021221701933
 20
273.0499924079401239
 30
0.0
  0
SEQEND
  5
4D57
  8
1_0_PALLET
  6
CONTINUOUS
  0
POLYLINE
  5
1661
  8
1_0_PALLET
  6
CONTINUOUS
 62
     1
 66
     1
 10
0.0
 20
0.0
 30
0.0
 70
     1
  0
VERTEX
  5
4D58
  8
1_0_PALLET
  6
CONTINUOUS
 62
     1
 10
-85.3439999999999657
 20
193.1670000000000016
 30
0.0
  0
VERTEX
  5
4D59
  8
1_0_PALLET
  6
CONTINUOUS
 62
     1
 10
-85.3439999999999657
 20
170.6147204358483123
 30
0.0
 42
-0.4142135623730951
  0
VERTEX
  5
4D5A
  8
1_0_PALLET
  6
CONTINUOUS
 62
     1
 10
-91.6939999999999742
 20
164.2647204358482043
 30
0.0
  0
VERTEX
  5
4D5B
  8
1_0_PALLET
  6
CONTINUOUS
 62
     1
 10
-120.5726851957008989
 20
164.2647204358482043
 30
0.0
 42
-0.4142135623730951
  0
VERTEX
  5
4D5C
  8
1_0_PALLET
  6
CONTINUOUS
 62
     1
 10
-126.9226851957007938
 20
170.6147204358483123
 30
0.0
  0
VERTEX
  5
4D5D
  8
1_0_PALLET
  6
CONTINUOUS
 62
     1
 10
-126.9226851957007938
 20
193.1670000000000016
 30
0.0
 42
-0.4142135623730951
  0
VERTEX
  5
4D5E
  8
1_0_PALLET
  6
CONTINUOUS
 62
     1
 10
-120.5726851957007995
 20
199.5169999999999959
 30
0.0
  0
VERTEX
  5
4D5F
  8
1_0_PALLET
  6
CONTINUOUS
 62
     1
 10
-91.6939999999999742
 20
199.5169999999999959
 30
0.0
 42
-0.4142135623730951
  0
SEQEND
  5
4D60
  8
1_0_PALLET
  6
CONTINUOUS
 62
     1
  0
POLYLINE
  5
1662
  8
1_0_PALLET
  6
CONTINUOUS
 62
   150
 66
     1
 10
0.0
 20
0.0
 30
0.0
 70
     1
  0
VERTEX
  5
4D61
  8
1_0_PALLET
  6
CONTINUOUS
 62
   150
 10
-100.2426421445016018
 20
201.9299999999998079
 30
0.0
  0
VERTEX
  5
4D62
  8
1_0_PALLET
  6
CONTINUOUS
 62
   150
 10
-62.4244197972150872
 20
201.9299999999998079
 30
0.0
 42
0.1568599726813747
  0
VERTEX
  5
4D63
  8
1_0_PALLET
  6
CONTINUOUS
 62
   150
 10
-60.9436983725365806
 20
202.40625
 30
0.0
 42
-0.1568599726813773
  0
VERTEX
  5
4D64
  8
1_0_PALLET
  6
CONTINUOUS
 62
   150
 10
-60.0552655177294383
 20
202.6920000000000073
 30
0.0
  0
VERTEX
  5
4D65
  8
1_0_PALLET
  6
CONTINUOUS
 62
   150
 10
-55.4832655177294427
 20
202.6920000000000073
 30
0.0
 42
-0.1568599726813751
  0
VERTEX
  5
4D66
  8
1_0_PALLET
  6
CONTINUOUS
 62
   150
 10
-54.5948326629223004
 20
202.40625
 30
0.0
 42
0.1568599726813751
  0
VERTEX
  5
4D67
  8
1_0_PALLET
  6
CONTINUOUS
 62
   150
 10
-53.1141112382438081
 20
201.9299999999998079
 30
0.0
  0
VERTEX
  5
4D68
  8
1_0_PALLET
  6
CONTINUOUS
 62
   150
 10
-42.7989999999999569
 20
201.9300000000000068
 30
0.0
 42
0.4142135623730948
  0
VERTEX
  5
4D69
  8
1_0_PALLET
  6
CONTINUOUS
 62
   150
 10
-36.4489999999999625
 20
208.2800000000000011
 30
0.0
  0
VERTEX
  5
4D6A
  8
1_0_PALLET
  6
CONTINUOUS
 62
   150
 10
-36.4489999999999625
 20
210.5470750019377135
 30
0.0
 42
0.1826758136815979
  0
VERTEX
  5
4D6B
  8
1_0_PALLET
  6
CONTINUOUS
 62
   150
 10
-37.0839999999998966
 20
212.2271270844636035
 30
0.0
 42
-0.9392205338844684
  0
VERTEX
  5
4D6C
  8
1_0_PALLET
  6
CONTINUOUS
 62
   150
 10
-32.0649270844633918
 20
217.2461999999999875
 30
0.0
 42
0.1826758136816035
  0
VERTEX
  5
4D6D
  8
1_0_PALLET
  6
CONTINUOUS
 62
   150
 10
-30.3848750019373313
 20
216.6111999999999966
 30
0.0
  0
VERTEX
  5
4D6E
  8
1_0_PALLET
  6
CONTINUOUS
 62
   150
 10
18.9623198465047196
 20
216.6111999999999966
 30
0.0
 42
0.1826758136816023
  0
VERTEX
  5
4D6F
  8
1_0_PALLET
  6
CONTINUOUS
 62
   150
 10
20.6423719290307091
 20
217.2461999999999023
 30
0.0
 42
-0.9392205338844801
  0
VERTEX
  5
4D70
  8
1_0_PALLET
  6
CONTINUOUS
 62
   150
 10
25.6614448445671997
 20
212.2271270844634898
 30
0.0
 42
0.1826758136816007
  0
VERTEX
  5
4D71
  8
1_0_PALLET
  6
CONTINUOUS
 62
   150
 10
25.0264448445671484
 20
210.5470750019374861
 30
0.0
  0
VERTEX
  5
4D72
  8
1_0_PALLET
  6
CONTINUOUS
 62
   150
 10
25.0264448445671484
 20
208.2800000000000011
 30
0.0
 42
0.4142135623730951
  0
VERTEX
  5
4D73
  8
1_0_PALLET
  6
CONTINUOUS
 62
   150
 10
31.3764448445671498
 20
201.9300000000000068
 30
0.0
  0
VERTEX
  5
4D74
  8
1_0_PALLET
  6
CONTINUOUS
 62
   150
 10
38.4193449618700598
 20
201.9299999999996942
 30
0.0
 42
0.1568599726813747
  0
VERTEX
  5
4D75
  8
1_0_PALLET
  6
CONTINUOUS
 62
   150
 10
39.9000663865485308
 20
202.40625
 30
0.0
 42
-0.1568599726813773
  0
VERTEX
  5
4D76
  8
1_0_PALLET
  6
CONTINUOUS
 62
   150
 10
40.7884992413557086
 20
202.6920000000000073
 30
0.0
  0
VERTEX
  5
4D77
  8
1_0_PALLET
  6
CONTINUOUS
 62
   150
 10
45.3604992413556971
 20
202.6920000000000073
 30
0.0
 42
-0.156859972681381
  0
VERTEX
  5
4D78
  8
1_0_PALLET
  6
CONTINUOUS
 62
   150
 10
46.2489320961630384
 20
202.40625
 30
0.0
 42
0.1568599726813692
  0
VERTEX
  5
4D79
  8
1_0_PALLET
  6
CONTINUOUS
 62
   150
 10
47.7296535208415023
 20
201.9299999999996942
 30
0.0
  0
VERTEX
  5
4D7A
  8
1_0_PALLET
  6
CONTINUOUS
 62
   150
 10
83.9000113494585946
 20
201.9299999999996942
 30
0.0
 42
0.1568599726813751
  0
VERTEX
  5
4D7B
  8
1_0_PALLET
  6
CONTINUOUS
 62
   150
 10
85.3807327741371012
 20
202.40625
 30
0.0
 42
-0.1568599726813786
  0
VERTEX
  5
4D7C
  8
1_0_PALLET
  6
CONTINUOUS
 62
   150
 10
86.2691656289443074
 20
202.6920000000000073
 30
0.0
  0
VERTEX
  5
4D7D
  8
1_0_PALLET
  6
CONTINUOUS
 62
   150
 10
90.8411656289442959
 20
202.6920000000000073
 30
0.0
 42
-0.1568599726813654
  0
VERTEX
  5
4D7E
  8
1_0_PALLET
  6
CONTINUOUS
 62
   150
 10
91.7295984837513032
 20
202.40625
 30
0.0
 42
0.1568599726813766
  0
VERTEX
  5
4D7F
  8
1_0_PALLET
  6
CONTINUOUS
 62
   150
 10
93.2103199084297955
 20
201.9299999999996942
 30
0.0
  0
VERTEX
  5
4D80
  8
1_0_PALLET
  6
CONTINUOUS
 62
   150
 10
115.4748750019374057
 20
201.9299999999998931
 30
0.0
 42
0.1826758136816021
  0
VERTEX
  5
4D81
  8
1_0_PALLET
  6
CONTINUOUS
 62
   150
 10
117.1549270844634947
 20
202.5649999999999125
 30
0.0
 42
-0.9392205338844616
  0
VERTEX
  5
4D82
  8
1_0_PALLET
  6
CONTINUOUS
 62
   150
 10
122.1740000000000066
 20
197.5459270844633863
 30
0.0
 42
0.1826758136816005
  0
VERTEX
  5
4D83
  8
1_0_PALLET
  6
CONTINUOUS
 62
   150
 10
121.5390000000000015
 20
195.8658750019374111
 30
0.0
  0
VERTEX
  5
4D84
  8
1_0_PALLET
  6
CONTINUOUS
 62
   150
 10
121.538999999999902
 20
29.9719999999999906
 30
0.0
 42
-0.4142135623730951
  0
VERTEX
  5
4D85
  8
1_0_PALLET
  6
CONTINUOUS
 62
   150
 10
96.1389999999999247
 20
4.5720000000000374
 30
0.0
  0
VERTEX
  5
4D86
  8
1_0_PALLET
  6
CONTINUOUS
 62
   150
 10
-115.4748750019375052
 20
4.5720000000000374
 30
0.0
 42
0.1826758136815987
  0
VERTEX
  5
4D87
  8
1_0_PALLET
  6
CONTINUOUS
 62
   150
 10
-117.1549270844634947
 20
3.9370000000000731
 30
0.0
 42
-0.93922053388447
  0
VERTEX
  5
4D88
  8
1_0_PALLET
  6
CONTINUOUS
 62
   150
 10
-122.1740000000000066
 20
8.9560729155365717
 30
0.0
 42
0.1826758136816002
  0
VERTEX
  5
4D89
  8
1_0_PALLET
  6
CONTINUOUS
 62
   150
 10
-121.5390000000000015
 20
10.6361249980626003
 30
0.0
  0
VERTEX
  5
4D8A
  8
1_0_PALLET
  6
CONTINUOUS
 62
   150
 10
-121.5390000000000015
 20
37.1158750019376882
 30
0.0
 42
0.1826758136815993
  0
VERTEX
  5
4D8B
  8
1_0_PALLET
  6
CONTINUOUS
 62
   150
 10
-122.1739999999998929
 20
38.7959270844636706
 30
0.0
 42
-0.9392205338844718
  0
VERTEX
  5
4D8C
  8
1_0_PALLET
  6
CONTINUOUS
 62
   150
 10
-117.1549270844633952
 20
43.8150000000000688
 30
0.0
 42
0.182675813681604
  0
VERTEX
  5
4D8D
  8
1_0_PALLET
  6
CONTINUOUS
 62
   150
 10
-115.4748750019374057
 20
43.1800000000000281
 30
0.0
  0
VERTEX
  5
4D8E
  8
1_0_PALLET
  6
CONTINUOUS
 62
   150
 10
-112.5672534757076022
 20
43.1799999999998008
 30
0.0
 42
0.1568599726813762
  0
VERTEX
  5
4D8F
  8
1_0_PALLET
  6
CONTINUOUS
 62
   150
 10
-111.0865320510289962
 20
43.6562500000001279
 30
0.0
 42
-0.1568599726813721
  0
VERTEX
  5
4D90
  8
1_0_PALLET
  6
CONTINUOUS
 62
   150
 10
-110.1980991962219036
 20
43.9420000000000499
 30
0.0
  0
VERTEX
  5
4D91
  8
1_0_PALLET
  6
CONTINUOUS
 62
   150
 10
-105.6260991962219009
 20
43.9420000000000499
 30
0.0
 42
-0.1568599726813723
  0
VERTEX
  5
4D92
  8
1_0_PALLET
  6
CONTINUOUS
 62
   150
 10
-104.7376663414146947
 20
43.6562500000001279
 30
0.0
 42
0.1568599726813755
  0
VERTEX
  5
4D93
  8
1_0_PALLET
  6
CONTINUOUS
 62
   150
 10
-103.2569449167362023
 20
43.1799999999998008
 30
0.0
  0
VERTEX
  5
4D94
  8
1_0_PALLET
  6
CONTINUOUS
 62
   150
 10
-101.2189999999999941
 20
43.1800000000000281
 30
0.0
 42
0.4142135623730951
  0
VERTEX
  5
4D95
  8
1_0_PALLET
  6
CONTINUOUS
 62
   150
 10
-94.8689999999999856
 20
49.5300000000000225
 30
0.0
  0
VERTEX
  5
4D96
  8
1_0_PALLET
  6
CONTINUOUS
 62
   150
 10
-94.8689999999997156
 20
98.5958457205143901
 30
0.0
 42
0.1568599726813733
  0
VERTEX
  5
4D97
  8
1_0_PALLET
  6
CONTINUOUS
 62
   150
 10
-95.3452500000000498
 20
100.0765671451928966
 30
0.0
 42
-0.1568599726813734
  0
VERTEX
  5
4D98
  8
1_0_PALLET
  6
CONTINUOUS
 62
   150
 10
-95.6309999999999576
 20
100.9650000000001029
 30
0.0
  0
VERTEX
  5
4D99
  8
1_0_PALLET
  6
CONTINUOUS
 62
   150
 10
-95.6309999999999576
 20
105.5370000000000061
 30
0.0
 42
-0.1568599726813653
  0
VERTEX
  5
4D9A
  8
1_0_PALLET
  6
CONTINUOUS
 62
   150
 10
-95.3452500000000498
 20
106.4254328548070987
 30
0.0
 42
0.1568599726813727
  0
VERTEX
  5
4D9B
  8
1_0_PALLET
  6
CONTINUOUS
 62
   150
 10
-94.8689999999997156
 20
107.9061542794857047
 30
0.0
  0
VERTEX
  5
4D9C
  8
1_0_PALLET
  6
CONTINUOUS
 62
   150
 10
-94.8689999999999571
 20
156.9720000000000084
 30
0.0
 42
0.4142135623730951
  0
VERTEX
  5
4D9D
  8
1_0_PALLET
  6
CONTINUOUS
 62
   150
 10
-101.2189999999998946
 20
163.3220000000000027
 30
0.0
  0
VERTEX
  5
4D9E
  8
1_0_PALLET
  6
CONTINUOUS
 62
   150
 10
-103.2569449167362023
 20
163.3220000000002869
 30
0.0
 42
0.1568599726813735
  0
VERTEX
  5
4D9F
  8
1_0_PALLET
  6
CONTINUOUS
 62
   150
 10
-104.7376663414146947
 20
162.8457500000000095
 30
0.0
 42
-0.1568599726813764
  0
VERTEX
  5
4DA0
  8
1_0_PALLET
  6
CONTINUOUS
 62
   150
 10
-105.6260991962219009
 20
162.5600000000000875
 30
0.0
  0
VERTEX
  5
4DA1
  8
1_0_PALLET
  6
CONTINUOUS
 62
   150
 10
-110.1980991962219036
 20
162.5600000000000875
 30
0.0
 42
-0.1568599726813805
  0
VERTEX
  5
4DA2
  8
1_0_PALLET
  6
CONTINUOUS
 62
   150
 10
-111.0865320510289962
 20
162.8457500000000095
 30
0.0
 42
0.1568599726813758
  0
VERTEX
  5
4DA3
  8
1_0_PALLET
  6
CONTINUOUS
 62
   150
 10
-112.5672534757075027
 20
163.3220000000002869
 30
0.0
  0
VERTEX
  5
4DA4
  8
1_0_PALLET
  6
CONTINUOUS
 62
   150
 10
-115.4748750019375052
 20
163.3220000000000027
 30
0.0
 42
0.1826758136815987
  0
VERTEX
  5
4DA5
  8
1_0_PALLET
  6
CONTINUOUS
 62
   150
 10
-117.1549270844634947
 20
162.6870000000000118
 30
0.0
 42
-0.93922053388447
  0
VERTEX
  5
4DA6
  8
1_0_PALLET
  6
CONTINUOUS
 62
   150
 10
-122.1739999999998929
 20
167.7060729155365095
 30
0.0
 42
0.1826758136815995
  0
VERTEX
  5
4DA7
  8
1_0_PALLET
  6
CONTINUOUS
 62
   150
 10
-121.538999999999902
 20
169.3861249980625132
 30
0.0
  0
VERTEX
  5
4DA8
  8
1_0_PALLET
  6
CONTINUOUS
 62
   150
 10
-121.538999999999902
 20
195.86587500193761
 30
0.0
 42
0.1826758136815994
  0
VERTEX
  5
4DA9
  8
1_0_PALLET
  6
CONTINUOUS
 62
   150
 10
-122.1739999999998929
 20
197.545927084463699
 30
0.0
 42
-0.9392205338844718
  0
VERTEX
  5
4DAA
  8
1_0_PALLET
  6
CONTINUOUS
 62
   150
 10
-117.1549270844633952
 20
202.5649999999999977
 30
0.0
 42
0.182675813681604
  0
VERTEX
  5
4DAB
  8
1_0_PALLET
  6
CONTINUOUS
 62
   150
 10
-115.4748750019373063
 20
201.9300000000000068
 30
0.0
  0
VERTEX
  5
4DAC
  8
1_0_PALLET
  6
CONTINUOUS
 62
   150
 10
-109.5529507034729022
 20
201.9299999999998079
 30
0.0
 42
0.1568599726813762
  0
VERTEX
  5
4DAD
  8
1_0_PALLET
  6
CONTINUOUS
 62
   150
 10
-108.0722292787942962
 20
202.4062500000001137
 30
0.0
 42
-0.1568599726813721
  0
VERTEX
  5
4DAE
  8
1_0_PALLET
  6
CONTINUOUS
 62
   150
 10
-107.1837964239872036
 20
202.6920000000000073
 30
0.0
  0
VERTEX
  5
4DAF
  8
1_0_PALLET
  6
CONTINUOUS
 62
   150
 10
-102.6117964239872009
 20
202.6920000000000073
 30
0.0
 42
-0.156859972681376
  0
VERTEX
  5
4DB0
  8
1_0_PALLET
  6
CONTINUOUS
 62
   150
 10
-101.7233635691799947
 20
202.40625
 30
0.0
 42
0.1568599726813724
  0
SEQEND
  5
4DB1
  8
1_0_PALLET
  6
CONTINUOUS
 62
   150
  0
CIRCLE
  5
1663
  8
1_0_PALLET
 62
     9
 10
-101.8539999999999992
 20
147.058405074547295
 30
0.0
 40
10.1600000000000001
  0
CIRCLE
  5
1664
  8
1_0_PALLET
 62
     9
 10
128.2700000000000102
 20
94.581180888871117
 30
0.0
 40
10.1600000000000001
  0
CIRCLE
  5
1665
  8
1_0_PALLET
 62
     9
 10
-65.2228019937991235
 20
208.914999999999992
 30
0.0
 40
10.1600000000000001
  0
POLYLINE
  5
1666
  8
1_0_PALLET
  6
CONTINUOUS
 62
     1
 66
     1
 10
0.0
 20
0.0
 30
0.0
 70
     1
  0
VERTEX
  5
4DB2
  8
1_0_PALLET
  6
CONTINUOUS
 62
     1
 10
-85.3439999999999657
 20
-36.829999999999977
 30
0.0
  0
VERTEX
  5
4DB3
  8
1_0_PALLET
  6
CONTINUOUS
 62
     1
 10
-85.3439999999999657
 20
-59.3822795641517089
 30
0.0
 42
-0.4142135623730951
  0
VERTEX
  5
4DB4
  8
1_0_PALLET
  6
CONTINUOUS
 62
     1
 10
-91.6939999999999742
 20
-65.7322795641517104
 30
0.0
  0
VERTEX
  5
4DB5
  8
1_0_PALLET
  6
CONTINUOUS
 62
     1
 10
-120.5726851957008989
 20
-65.7322795641517104
 30
0.0
 42
-0.4142135623730951
  0
VERTEX
  5
4DB6
  8
1_0_PALLET
  6
CONTINUOUS
 62
     1
 10
-126.9226851957007938
 20
-59.3822795641517089
 30
0.0
  0
VERTEX
  5
4DB7
  8
1_0_PALLET
  6
CONTINUOUS
 62
     1
 10
-126.9226851957007938
 20
-36.8299999999999415
 30
0.0
 42
-0.4142135623730951
  0
VERTEX
  5
4DB8
  8
1_0_PALLET
  6
CONTINUOUS
 62
     1
 10
-120.5726851957007995
 20
-30.47999999999994
 30
0.0
  0
VERTEX
  5
4DB9
  8
1_0_PALLET
  6
CONTINUOUS
 62
     1
 10
-91.6939999999999742
 20
-30.4799999999999791
 30
0.0
 42
-0.4142135623730951
  0
SEQEND
  5
4DBA
  8
1_0_PALLET
  6
CONTINUOUS
 62
     1
  0
POLYLINE
  5
1667
  8
1_0_PALLET
  6
CONTINUOUS
 62
   150
 66
     1
 10
0.0
 20
0.0
 30
0.0
 70
     1
  0
VERTEX
  5
4DBB
  8
1_0_PALLET
  6
CONTINUOUS
 62
   150
 10
-100.2426421445016018
 20
-28.0670000000002418
 30
0.0
  0
VERTEX
  5
4DBC
  8
1_0_PALLET
  6
CONTINUOUS
 62
   150
 10
-62.4244197972150872
 20
-28.0670000000002418
 30
0.0
 42
0.1568599726813747
  0
VERTEX
  5
4DBD
  8
1_0_PALLET
  6
CONTINUOUS
 62
   150
 10
-60.9436983725365806
 20
-27.5907499999999501
 30
0.0
 42
-0.1568599726813773
  0
VERTEX
  5
4DBE
  8
1_0_PALLET
  6
CONTINUOUS
 62
   150
 10
-60.0552655177294383
 20
-27.3049999999999784
 30
0.0
  0
VERTEX
  5
4DBF
  8
1_0_PALLET
  6
CONTINUOUS
 62
   150
 10
-55.4832655177294427
 20
-27.3049999999999784
 30
0.0
 42
-0.1568599726813751
  0
VERTEX
  5
4DC0
  8
1_0_PALLET
  6
CONTINUOUS
 62
   150
 10
-54.5948326629223004
 20
-27.5907499999999501
 30
0.0
 42
0.1568599726813751
  0
VERTEX
  5
4DC1
  8
1_0_PALLET
  6
CONTINUOUS
 62
   150
 10
-53.1141112382438081
 20
-28.0670000000002418
 30
0.0
  0
VERTEX
  5
4DC2
  8
1_0_PALLET
  6
CONTINUOUS
 62
   150
 10
-42.7989999999999569
 20
-28.0670000000000108
 30
0.0
 42
0.4142135623730948
  0
VERTEX
  5
4DC3
  8
1_0_PALLET
  6
CONTINUOUS
 62
   150
 10
-36.4489999999999625
 20
-21.7170000000000094
 30
0.0
  0
VERTEX
  5
4DC4
  8
1_0_PALLET
  6
CONTINUOUS
 62
   150
 10
-36.4489999999999625
 20
-19.4499249980623183
 30
0.0
 42
0.1826758136815979
  0
VERTEX
  5
4DC5
  8
1_0_PALLET
  6
CONTINUOUS
 62
   150
 10
-37.0839999999998966
 20
-17.7698729155363289
 30
0.0
 42
-0.9392205338844684
  0
VERTEX
  5
4DC6
  8
1_0_PALLET
  6
CONTINUOUS
 62
   150
 10
-32.0649270844633918
 20
-12.7507999999999697
 30
0.0
 42
0.1826758136816035
  0
VERTEX
  5
4DC7
  8
1_0_PALLET
  6
CONTINUOUS
 62
   150
 10
-30.3848750019373313
 20
-13.3857999999999802
 30
0.0
  0
VERTEX
  5
4DC8
  8
1_0_PALLET
  6
CONTINUOUS
 62
   150
 10
18.9623198465047196
 20
-13.3857999999999802
 30
0.0
 42
0.1826758136816023
  0
VERTEX
  5
4DC9
  8
1_0_PALLET
  6
CONTINUOUS
 62
   150
 10
20.6423719290307091
 20
-12.7508000000000106
 30
0.0
 42
-0.9392205338844801
  0
VERTEX
  5
4DCA
  8
1_0_PALLET
  6
CONTINUOUS
 62
   150
 10
25.6614448445671997
 20
-17.769872915536471
 30
0.0
 42
0.1826758136816007
  0
VERTEX
  5
4DCB
  8
1_0_PALLET
  6
CONTINUOUS
 62
   150
 10
25.0264448445671484
 20
-19.4499249980625386
 30
0.0
  0
VERTEX
  5
4DCC
  8
1_0_PALLET
  6
CONTINUOUS
 62
   150
 10
25.0264448445671484
 20
-21.7170000000000094
 30
0.0
 42
0.4142135623730951
  0
VERTEX
  5
4DCD
  8
1_0_PALLET
  6
CONTINUOUS
 62
   150
 10
31.3764448445671498
 20
-28.0670000000000108
 30
0.0
  0
VERTEX
  5
4DCE
  8
1_0_PALLET
  6
CONTINUOUS
 62
   150
 10
38.4193449618700598
 20
-28.0670000000002808
 30
0.0
 42
0.1568599726813747
  0
VERTEX
  5
4DCF
  8
1_0_PALLET
  6
CONTINUOUS
 62
   150
 10
39.9000663865485308
 20
-27.5907499999999501
 30
0.0
 42
-0.1568599726813773
  0
VERTEX
  5
4DD0
  8
1_0_PALLET
  6
CONTINUOUS
 62
   150
 10
40.7884992413557086
 20
-27.3050000000000317
 30
0.0
  0
VERTEX
  5
4DD1
  8
1_0_PALLET
  6
CONTINUOUS
 62
   150
 10
45.3604992413556971
 20
-27.3050000000000317
 30
0.0
 42
-0.156859972681381
  0
VERTEX
  5
4DD2
  8
1_0_PALLET
  6
CONTINUOUS
 62
   150
 10
46.2489320961630384
 20
-27.5907499999999501
 30
0.0
 42
0.1568599726813692
  0
VERTEX
  5
4DD3
  8
1_0_PALLET
  6
CONTINUOUS
 62
   150
 10
47.7296535208415023
 20
-28.0670000000002808
 30
0.0
  0
VERTEX
  5
4DD4
  8
1_0_PALLET
  6
CONTINUOUS
 62
   150
 10
83.9000113494585946
 20
-28.0670000000002808
 30
0.0
 42
0.1568599726813751
  0
VERTEX
  5
4DD5
  8
1_0_PALLET
  6
CONTINUOUS
 62
   150
 10
85.3807327741371012
 20
-27.5907499999999501
 30
0.0
 42
-0.1568599726813786
  0
VERTEX
  5
4DD6
  8
1_0_PALLET
  6
CONTINUOUS
 62
   150
 10
86.2691656289443074
 20
-27.3050000000000317
 30
0.0
  0
VERTEX
  5
4DD7
  8
1_0_PALLET
  6
CONTINUOUS
 62
   150
 10
90.8411656289442959
 20
-27.3050000000000317
 30
0.0
 42
-0.1568599726813654
  0
VERTEX
  5
4DD8
  8
1_0_PALLET
  6
CONTINUOUS
 62
   150
 10
91.7295984837513032
 20
-27.5907499999999501
 30
0.0
 42
0.1568599726813766
  0
VERTEX
  5
4DD9
  8
1_0_PALLET
  6
CONTINUOUS
 62
   150
 10
93.2103199084297955
 20
-28.0670000000002808
 30
0.0
  0
VERTEX
  5
4DDA
  8
1_0_PALLET
  6
CONTINUOUS
 62
   150
 10
115.4748750019374057
 20
-28.0670000000000606
 30
0.0
 42
0.1826758136816021
  0
VERTEX
  5
4DDB
  8
1_0_PALLET
  6
CONTINUOUS
 62
   150
 10
117.1549270844634947
 20
-27.432000000000091
 30
0.0
 42
-0.9392205338844616
  0
VERTEX
  5
4DDC
  8
1_0_PALLET
  6
CONTINUOUS
 62
   150
 10
122.1740000000000066
 20
-32.4510729155364999
 30
0.0
 42
0.1826758136816005
  0
VERTEX
  5
4DDD
  8
1_0_PALLET
  6
CONTINUOUS
 62
   150
 10
121.5390000000000015
 20
-34.1311249980625817
 30
0.0
  0
VERTEX
  5
4DDE
  8
1_0_PALLET
  6
CONTINUOUS
 62
   150
 10
121.538999999999902
 20
-200.0250000000000057
 30
0.0
 42
-0.4142135623730951
  0
VERTEX
  5
4DDF
  8
1_0_PALLET
  6
CONTINUOUS
 62
   150
 10
96.1389999999999247
 20
-225.4250000000000114
 30
0.0
  0
VERTEX
  5
4DE0
  8
1_0_PALLET
  6
CONTINUOUS
 62
   150
 10
-115.4748750019375052
 20
-225.4249999999998977
 30
0.0
 42
0.1826758136815987
  0
VERTEX
  5
4DE1
  8
1_0_PALLET
  6
CONTINUOUS
 62
   150
 10
-117.1549270844634947
 20
-226.0599999999998886
 30
0.0
 42
-0.93922053388447
  0
VERTEX
  5
4DE2
  8
1_0_PALLET
  6
CONTINUOUS
 62
   150
 10
-122.1740000000000066
 20
-221.0409270844635046
 30
0.0
 42
0.1826758136816002
  0
VERTEX
  5
4DE3
  8
1_0_PALLET
  6
CONTINUOUS
 62
   150
 10
-121.5390000000000015
 20
-219.3608750019373872
 30
0.0
  0
VERTEX
  5
4DE4
  8
1_0_PALLET
  6
CONTINUOUS
 62
   150
 10
-121.5390000000000015
 20
-192.8811249980622904
 30
0.0
 42
0.1826758136815993
  0
VERTEX
  5
4DE5
  8
1_0_PALLET
  6
CONTINUOUS
 62
   150
 10
-122.1739999999998929
 20
-191.2010729155362867
 30
0.0
 42
-0.9392205338844718
  0
VERTEX
  5
4DE6
  8
1_0_PALLET
  6
CONTINUOUS
 62
   150
 10
-117.1549270844633952
 20
-186.1819999999999027
 30
0.0
 42
0.182675813681604
  0
VERTEX
  5
4DE7
  8
1_0_PALLET
  6
CONTINUOUS
 62
   150
 10
-115.4748750019374057
 20
-186.8169999999998936
 30
0.0
  0
VERTEX
  5
4DE8
  8
1_0_PALLET
  6
CONTINUOUS
 62
   150
 10
-112.5672534757076022
 20
-186.8170000000002062
 30
0.0
 42
0.1568599726813762
  0
VERTEX
  5
4DE9
  8
1_0_PALLET
  6
CONTINUOUS
 62
   150
 10
-111.0865320510289962
 20
-186.3407499999997867
 30
0.0
 42
-0.1568599726813721
  0
VERTEX
  5
4DEA
  8
1_0_PALLET
  6
CONTINUOUS
 62
   150
 10
-110.1980991962219036
 20
-186.0549999999998931
 30
0.0
  0
VERTEX
  5
4DEB
  8
1_0_PALLET
  6
CONTINUOUS
 62
   150
 10
-105.6260991962219009
 20
-186.0549999999998931
 30
0.0
 42
-0.1568599726813723
  0
VERTEX
  5
4DEC
  8
1_0_PALLET
  6
CONTINUOUS
 62
   150
 10
-104.7376663414146947
 20
-186.3407499999999004
 30
0.0
 42
0.1568599726813755
  0
VERTEX
  5
4DED
  8
1_0_PALLET
  6
CONTINUOUS
 62
   150
 10
-103.2569449167362023
 20
-186.8170000000002062
 30
0.0
  0
VERTEX
  5
4DEE
  8
1_0_PALLET
  6
CONTINUOUS
 62
   150
 10
-101.2189999999999941
 20
-186.8169999999998936
 30
0.0
 42
0.4142135623730951
  0
VERTEX
  5
4DEF
  8
1_0_PALLET
  6
CONTINUOUS
 62
   150
 10
-94.8689999999999856
 20
-180.4669999999998993
 30
0.0
  0
VERTEX
  5
4DF0
  8
1_0_PALLET
  6
CONTINUOUS
 62
   150
 10
-94.8689999999997156
 20
-131.4011542794854961
 30
0.0
 42
0.1568599726813733
  0
VERTEX
  5
4DF1
  8
1_0_PALLET
  6
CONTINUOUS
 62
   150
 10
-95.3452500000000498
 20
-129.9204328548071032
 30
0.0
 42
-0.1568599726813734
  0
VERTEX
  5
4DF2
  8
1_0_PALLET
  6
CONTINUOUS
 62
   150
 10
-95.6309999999999576
 20
-129.031999999999897
 30
0.0
  0
VERTEX
  5
4DF3
  8
1_0_PALLET
  6
CONTINUOUS
 62
   150
 10
-95.6309999999999576
 20
-124.4599999999998943
 30
0.0
 42
-0.1568599726813653
  0
VERTEX
  5
4DF4
  8
1_0_PALLET
  6
CONTINUOUS
 62
   150
 10
-95.3452500000000498
 20
-123.5715671451928017
 30
0.0
 42
0.1568599726813727
  0
VERTEX
  5
4DF5
  8
1_0_PALLET
  6
CONTINUOUS
 62
   150
 10
-94.8689999999997156
 20
-122.0908457205142952
 30
0.0
  0
VERTEX
  5
4DF6
  8
1_0_PALLET
  6
CONTINUOUS
 62
   150
 10
-94.8689999999999571
 20
-73.0249999999999346
 30
0.0
 42
0.4142135623730951
  0
VERTEX
  5
4DF7
  8
1_0_PALLET
  6
CONTINUOUS
 62
   150
 10
-101.2189999999998946
 20
-66.6749999999999545
 30
0.0
  0
VERTEX
  5
4DF8
  8
1_0_PALLET
  6
CONTINUOUS
 62
   150
 10
-103.2569449167362023
 20
-66.6749999999996845
 30
0.0
 42
0.1568599726813735
  0
VERTEX
  5
4DF9
  8
1_0_PALLET
  6
CONTINUOUS
 62
   150
 10
-104.7376663414146947
 20
-67.1512499999999761
 30
0.0
 42
-0.1568599726813764
  0
VERTEX
  5
4DFA
  8
1_0_PALLET
  6
CONTINUOUS
 62
   150
 10
-105.6260991962219009
 20
-67.4369999999999408
 30
0.0
  0
VERTEX
  5
4DFB
  8
1_0_PALLET
  6
CONTINUOUS
 62
   150
 10
-110.1980991962219036
 20
-67.4369999999999408
 30
0.0
 42
-0.1568599726813805
  0
VERTEX
  5
4DFC
  8
1_0_PALLET
  6
CONTINUOUS
 62
   150
 10
-111.0865320510289962
 20
-67.1512500000000188
 30
0.0
 42
0.1568599726813758
  0
VERTEX
  5
4DFD
  8
1_0_PALLET
  6
CONTINUOUS
 62
   150
 10
-112.5672534757075027
 20
-66.6749999999996845
 30
0.0
  0
VERTEX
  5
4DFE
  8
1_0_PALLET
  6
CONTINUOUS
 62
   150
 10
-115.4748750019375052
 20
-66.6749999999999545
 30
0.0
 42
0.1826758136815987
  0
VERTEX
  5
4DFF
  8
1_0_PALLET
  6
CONTINUOUS
 62
   150
 10
-117.1549270844634947
 20
-67.309999999999917
 30
0.0
 42
-0.93922053388447
  0
VERTEX
  5
4E00
  8
1_0_PALLET
  6
CONTINUOUS
 62
   150
 10
-122.1739999999998929
 20
-62.2909270844634193
 30
0.0
 42
0.1826758136815995
  0
VERTEX
  5
4E01
  8
1_0_PALLET
  6
CONTINUOUS
 62
   150
 10
-121.538999999999902
 20
-60.6108750019374227
 30
0.0
  0
VERTEX
  5
4E02
  8
1_0_PALLET
  6
CONTINUOUS
 62
   150
 10
-121.538999999999902
 20
-34.1311249980623899
 30
0.0
 42
0.1826758136815994
  0
VERTEX
  5
4E03
  8
1_0_PALLET
  6
CONTINUOUS
 62
   150
 10
-122.1739999999998929
 20
-32.4510729155363222
 30
0.0
 42
-0.9392205338844718
  0
VERTEX
  5
4E04
  8
1_0_PALLET
  6
CONTINUOUS
 62
   150
 10
-117.1549270844633952
 20
-27.4319999999999986
 30
0.0
 42
0.182675813681604
  0
VERTEX
  5
4E05
  8
1_0_PALLET
  6
CONTINUOUS
 62
   150
 10
-115.4748750019373063
 20
-28.0669999999999717
 30
0.0
  0
VERTEX
  5
4E06
  8
1_0_PALLET
  6
CONTINUOUS
 62
   150
 10
-109.5529507034729022
 20
-28.0670000000002418
 30
0.0
 42
0.1568599726813762
  0
VERTEX
  5
4E07
  8
1_0_PALLET
  6
CONTINUOUS
 62
   150
 10
-108.0722292787942962
 20
-27.5907499999999004
 30
0.0
 42
-0.1568599726813721
  0
VERTEX
  5
4E08
  8
1_0_PALLET
  6
CONTINUOUS
 62
   150
 10
-107.1837964239872036
 20
-27.3049999999999784
 30
0.0
  0
VERTEX
  5
4E09
  8
1_0_PALLET
  6
CONTINUOUS
 62
   150
 10
-102.6117964239872009
 20
-27.3049999999999784
 30
0.0
 42
-0.156859972681376
  0
VERTEX
  5
4E0A
  8
1_0_PALLET
  6
CONTINUOUS
 62
   150
 10
-101.7233635691799947
 20
-27.5907499999999501
 30
0.0
 42
0.1568599726813724
  0
SEQEND
  5
4E0B
  8
1_0_PALLET
  6
CONTINUOUS
 62
   150
  0
CIRCLE
  5
1668
  8
1_0_PALLET
 62
     9
 10
-101.8539999999999992
 20
-82.9385949254526764
 30
0.0
 40
10.1600000000000001
  0
CIRCLE
  5
1669
  8
1_0_PALLET
 62
     9
 10
128.2700000000000102
 20
-135.4158191111287977
 30
0.0
 40
10.1600000000000001
  0
CIRCLE
  5
166A
  8
1_0_PALLET
 62
     9
 10
-65.2228019937991235
 20
-21.0820000000000007
 30
0.0
 40
10.1600000000000001
  0
CIRCLE
  5
166B
  8
1_0_PALLET
 62
     9
 10
-100.8898747317176969
 20
-232.1560000000000059
 30
0.0
 40
10.1600000000000001
  0
CIRCLE
  5
166C
  8
1_0_PALLET
 62
     9
 10
-128.4605000000003088
 20
10.6361249993324396
 30
0.0
 40
10.1600000000000001
  0
POLYLINE
  5
166D
  8
1_0_PALLET
  6
CONTINUOUS
 62
     1
 66
     1
 10
0.0
 20
0.0
 30
0.0
 70
     1
  0
VERTEX
  5
4E0C
  8
1_0_PALLET
  6
CONTINUOUS
 62
     1
 10
30.4927000407880797
 20
202.9470619583248094
 30
0.0
  0
VERTEX
  5
4E0D
  8
1_0_PALLET
  6
CONTINUOUS
 62
     1
 10
30.4927000407880797
 20
209.1944000407879969
 30
0.0
 42
0.4142135623730951
  0
VERTEX
  5
4E0E
  8
1_0_PALLET
  6
CONTINUOUS
 62
     1
 10
23.8887000407880912
 20
215.7984000407880103
 30
0.0
  0
VERTEX
  5
4E0F
  8
1_0_PALLET
  6
CONTINUOUS
 62
     1
 10
1.4458287958247411
 20
215.7984000407880103
 30
0.0
 42
-0.1589611559682375
  0
VERTEX
  5
4E10
  8
1_0_PALLET
  6
CONTINUOUS
 62
     1
 10
-2.4479174722310901
 20
217.0684000407879921
 30
0.0
 42
0.1589611559682373
  0
VERTEX
  5
4E11
  8
1_0_PALLET
  6
CONTINUOUS
 62
     1
 10
-6.3416637402870126
 20
218.3384000407880023
 30
0.0
  0
VERTEX
  5
4E12
  8
1_0_PALLET
  6
CONTINUOUS
 62
     1
 10
-21.9945980133651098
 20
218.3384000407880023
 30
0.0
 42
0.1589611559682363
  0
VERTEX
  5
4E13
  8
1_0_PALLET
  6
CONTINUOUS
 62
     1
 10
-25.8883442814208991
 20
217.0684000407879921
 30
0.0
 42
-0.118347018879963
  0
VERTEX
  5
4E14
  8
1_0_PALLET
  6
CONTINUOUS
 62
     1
 10
-28.7340452543443696
 20
215.8820919913667069
 30
0.0
 42
0.3682684193961945
  0
VERTEX
  5
4E15
  8
1_0_PALLET
  6
CONTINUOUS
 62
     1
 10
-34.2899999592119329
 20
209.3617839419451059
 30
0.0
  0
VERTEX
  5
4E16
  8
1_0_PALLET
  6
CONTINUOUS
 62
     1
 10
-34.2899999592119471
 20
185.4827899716777893
 30
0.0
 42
-0.4142135623730951
  0
VERTEX
  5
4E17
  8
1_0_PALLET
  6
CONTINUOUS
 62
     1
 10
-40.8939999592119392
 20
178.8787899716778043
 30
0.0
  0
VERTEX
  5
4E18
  8
1_0_PALLET
  6
CONTINUOUS
 62
     1
 10
-59.8692348537390586
 20
178.8787899716778043
 30
0.0
 42
0.414213562373095
  0
VERTEX
  5
4E19
  8
1_0_PALLET
  6
CONTINUOUS
 62
     1
 10
-72.5692348537390615
 20
166.1787899716777872
 30
0.0
  0
VERTEX
  5
4E1A
  8
1_0_PALLET
  6
CONTINUOUS
 62
     1
 10
-72.5692348537390757
 20
145.4849071926805948
 30
0.0
 42
-0.414213562373094
  0
VERTEX
  5
4E1B
  8
1_0_PALLET
  6
CONTINUOUS
 62
     1
 10
-78.9192348537390558
 20
139.1349071926806005
 30
0.0
  0
VERTEX
  5
4E1C
  8
1_0_PALLET
  6
CONTINUOUS
 62
     1
 10
-88.2175704390777327
 20
139.1349071926806005
 30
0.0
 42
0.4142135623730951
  0
VERTEX
  5
4E1D
  8
1_0_PALLET
  6
CONTINUOUS
 62
     1
 10
-94.5675704390777412
 20
132.7849071926806062
 30
0.0
  0
VERTEX
  5
4E1E
  8
1_0_PALLET
  6
CONTINUOUS
 62
     1
 10
-94.5675704390777554
 20
22.6794433895940699
 30
0.0
 42
0.4142135623730951
  0
VERTEX
  5
4E1F
  8
1_0_PALLET
  6
CONTINUOUS
 62
     1
 10
-88.2175704390777327
 20
16.3294433895940188
 30
0.0
  0
VERTEX
  5
4E20
  8
1_0_PALLET
  6
CONTINUOUS
 62
     1
 10
-18.0077881334327792
 20
16.3294433895944309
 30
0.0
 42
-0.2320973370319522
  0
VERTEX
  5
4E21
  8
1_0_PALLET
  6
CONTINUOUS
 62
     1
 10
-12.9857308280494106
 20
13.8655005715520296
 30
0.0
 42
0.2320973370319481
  0
VERTEX
  5
4E22
  8
1_0_PALLET
  6
CONTINUOUS
 62
     1
 10
-7.7627912304506799
 20
11.3030000407880902
 30
0.0
  0
VERTEX
  5
4E23
  8
1_0_PALLET
  6
CONTINUOUS
 62
     1
 10
59.6810279902728595
 20
11.3030000407880902
 30
0.0
 42
-0.2648009409301916
  0
VERTEX
  5
4E24
  8
1_0_PALLET
  6
CONTINUOUS
 62
     1
 10
65.3610381880639864
 20
8.0680206926967557
 30
0.0
 42
0.2648009409301906
  0
VERTEX
  5
4E25
  8
1_0_PALLET
  6
CONTINUOUS
 62
     1
 10
70.8225864551709208
 20
4.9574636272244144
 30
0.0
  0
VERTEX
  5
4E26
  8
1_0_PALLET
  6
CONTINUOUS
 62
     1
 10
111.6107809581453978
 20
4.9574636272244144
 30
0.0
 42
0.4142135623730951
  0
VERTEX
  5
4E27
  8
1_0_PALLET
  6
CONTINUOUS
 62
     1
 10
117.9607809581454063
 20
11.3074636272244096
 30
0.0
  0
VERTEX
  5
4E28
  8
1_0_PALLET
  6
CONTINUOUS
 62
     1
 10
117.9607809581455058
 20
181.1463692800537899
 30
0.0
 42
0.2752094317094664
  0
VERTEX
  5
4E29
  8
1_0_PALLET
  6
CONTINUOUS
 62
     1
 10
116.0988501224951932
 20
184.2729114061731934
 30
0.0
  0
VERTEX
  5
4E2A
  8
1_0_PALLET
  6
CONTINUOUS
 62
     1
 10
108.9412967759732993
 20
188.1511225184542013
 30
0.0
 42
0.1247797978274109
  0
VERTEX
  5
4E2B
  8
1_0_PALLET
  6
CONTINUOUS
 62
     1
 10
107.2472276116236003
 20
188.5805803923348094
 30
0.0
  0
VERTEX
  5
4E2C
  8
1_0_PALLET
  6
CONTINUOUS
 62
     1
 10
96.2007407017401448
 20
188.5805803923348094
 30
0.0
 42
0.2701339740759901
  0
VERTEX
  5
4E2D
  8
1_0_PALLET
  6
CONTINUOUS
 62
     1
 10
93.106767410730086
 20
186.777425301194512
 30
0.0
 42
-0.3762743946492342
  0
VERTEX
  5
4E2E
  8
1_0_PALLET
  6
CONTINUOUS
 62
     1
 10
88.6799325511531009
 20
185.2335117962425954
 30
0.0
 42
-0.2077032453175448
  0
VERTEX
  5
4E2F
  8
1_0_PALLET
  6
CONTINUOUS
 62
     1
 10
85.1338762615499149
 20
188.8395600563333119
 30
0.0
 42
0.310259294196243
  0
VERTEX
  5
4E30
  8
1_0_PALLET
  6
CONTINUOUS
 62
     1
 10
79.2077100280776136
 20
192.9085397203317882
 30
0.0
  0
VERTEX
  5
4E31
  8
1_0_PALLET
  6
CONTINUOUS
 62
     1
 10
77.207804851148893
 20
192.9085397203317882
 30
0.0
 42
-0.2626406356473454
  0
VERTEX
  5
4E32
  8
1_0_PALLET
  6
CONTINUOUS
 62
     1
 10
74.1640940686523038
 20
194.6258008393282921
 30
0.0
 42
0.2626406356473479
  0
VERTEX
  5
4E33
  8
1_0_PALLET
  6
CONTINUOUS
 62
     1
 10
71.1203832861556293
 20
196.343061958324796
 30
0.0
  0
VERTEX
  5
4E34
  8
1_0_PALLET
  6
CONTINUOUS
 62
     1
 10
37.0967000407880789
 20
196.343061958324796
 30
0.0
 42
-0.4142135623730951
  0
SEQEND
  5
4E35
  8
1_0_PALLET
  6
CONTINUOUS
 62
     1
  0
POLYLINE
  5
166E
  8
1_0_PALLET
  6
CONTINUOUS
 62
     1
 66
     1
 10
0.0
 20
0.0
 30
0.0
 70
     1
  0
VERTEX
  5
4E36
  8
1_0_PALLET
  6
CONTINUOUS
 62
     1
 10
30.4927000407880797
 20
-27.0499380416752402
 30
0.0
  0
VERTEX
  5
4E37
  8
1_0_PALLET
  6
CONTINUOUS
 62
     1
 10
30.4927000407880797
 20
-20.8025999592120314
 30
0.0
 42
0.4142135623730951
  0
VERTEX
  5
4E38
  8
1_0_PALLET
  6
CONTINUOUS
 62
     1
 10
23.8887000407880912
 20
-14.1985999592120304
 30
0.0
  0
VERTEX
  5
4E39
  8
1_0_PALLET
  6
CONTINUOUS
 62
     1
 10
1.4458287958247411
 20
-14.1985999592120304
 30
0.0
 42
-0.1589611559682375
  0
VERTEX
  5
4E3A
  8
1_0_PALLET
  6
CONTINUOUS
 62
     1
 10
-2.4479174722310901
 20
-12.9285999592120096
 30
0.0
 42
0.1589611559682373
  0
VERTEX
  5
4E3B
  8
1_0_PALLET
  6
CONTINUOUS
 62
     1
 10
-6.3416637402870126
 20
-11.6585999592120402
 30
0.0
  0
VERTEX
  5
4E3C
  8
1_0_PALLET
  6
CONTINUOUS
 62
     1
 10
-21.9945980133651098
 20
-11.6585999592120402
 30
0.0
 42
0.1589611559682363
  0
VERTEX
  5
4E3D
  8
1_0_PALLET
  6
CONTINUOUS
 62
     1
 10
-25.8883442814208991
 20
-12.9285999592120593
 30
0.0
 42
-0.118347018879963
  0
VERTEX
  5
4E3E
  8
1_0_PALLET
  6
CONTINUOUS
 62
     1
 10
-28.7340452543443696
 20
-14.1149080086333303
 30
0.0
 42
0.3682684193961945
  0
VERTEX
  5
4E3F
  8
1_0_PALLET
  6
CONTINUOUS
 62
     1
 10
-34.2899999592119329
 20
-20.6352160580548514
 30
0.0
  0
VERTEX
  5
4E40
  8
1_0_PALLET
  6
CONTINUOUS
 62
     1
 10
-34.2899999592119471
 20
-44.5142100283221467
 30
0.0
 42
-0.4142135623730951
  0
VERTEX
  5
4E41
  8
1_0_PALLET
  6
CONTINUOUS
 62
     1
 10
-40.8939999592119392
 20
-51.118210028322153
 30
0.0
  0
VERTEX
  5
4E42
  8
1_0_PALLET
  6
CONTINUOUS
 62
     1
 10
-59.8692348537390586
 20
-51.118210028322153
 30
0.0
 42
0.414213562373095
  0
VERTEX
  5
4E43
  8
1_0_PALLET
  6
CONTINUOUS
 62
     1
 10
-72.5692348537390615
 20
-63.8182100283221416
 30
0.0
  0
VERTEX
  5
4E44
  8
1_0_PALLET
  6
CONTINUOUS
 62
     1
 10
-72.5692348537390757
 20
-84.5120928073192772
 30
0.0
 42
-0.414213562373094
  0
VERTEX
  5
4E45
  8
1_0_PALLET
  6
CONTINUOUS
 62
     1
 10
-78.9192348537390558
 20
-90.8620928073192573
 30
0.0
  0
VERTEX
  5
4E46
  8
1_0_PALLET
  6
CONTINUOUS
 62
     1
 10
-88.2175704390777327
 20
-90.8620928073192999
 30
0.0
 42
0.4142135623730951
  0
VERTEX
  5
4E47
  8
1_0_PALLET
  6
CONTINUOUS
 62
     1
 10
-94.5675704390777412
 20
-97.2120928073192943
 30
0.0
  0
VERTEX
  5
4E48
  8
1_0_PALLET
  6
CONTINUOUS
 62
     1
 10
-94.5675704390777554
 20
-207.3175566104058873
 30
0.0
 42
0.4142135623730951
  0
VERTEX
  5
4E49
  8
1_0_PALLET
  6
CONTINUOUS
 62
     1
 10
-88.2175704390777327
 20
-213.6675566104059101
 30
0.0
  0
VERTEX
  5
4E4A
  8
1_0_PALLET
  6
CONTINUOUS
 62
     1
 10
-18.0077881334327792
 20
-213.6675566104055122
 30
0.0
 42
-0.2320973370319522
  0
VERTEX
  5
4E4B
  8
1_0_PALLET
  6
CONTINUOUS
 62
     1
 10
-12.9857308280494106
 20
-216.1314994284479951
 30
0.0
 42
0.2320973370319481
  0
VERTEX
  5
4E4C
  8
1_0_PALLET
  6
CONTINUOUS
 62
     1
 10
-7.7627912304506799
 20
-218.6939999592119079
 30
0.0
  0
VERTEX
  5
4E4D
  8
1_0_PALLET
  6
CONTINUOUS
 62
     1
 10
59.6810279902728595
 20
-218.6939999592119079
 30
0.0
 42
-0.2648009409301916
  0
VERTEX
  5
4E4E
  8
1_0_PALLET
  6
CONTINUOUS
 62
     1
 10
65.3610381880639864
 20
-221.9289793073031944
 30
0.0
 42
0.2648009409301906
  0
VERTEX
  5
4E4F
  8
1_0_PALLET
  6
CONTINUOUS
 62
     1
 10
70.8225864551709208
 20
-225.0395363727755864
 30
0.0
  0
VERTEX
  5
4E50
  8
1_0_PALLET
  6
CONTINUOUS
 62
     1
 10
111.6107809581453978
 20
-225.0395363727755864
 30
0.0
 42
0.4142135623730951
  0
VERTEX
  5
4E51
  8
1_0_PALLET
  6
CONTINUOUS
 62
     1
 10
117.9607809581454063
 20
-218.6895363727755921
 30
0.0
  0
VERTEX
  5
4E52
  8
1_0_PALLET
  6
CONTINUOUS
 62
     1
 10
117.9607809581455058
 20
-48.8506307199461602
 30
0.0
 42
0.2752094317094664
  0
VERTEX
  5
4E53
  8
1_0_PALLET
  6
CONTINUOUS
 62
     1
 10
116.0988501224951932
 20
-45.7240885938267425
 30
0.0
  0
VERTEX
  5
4E54
  8
1_0_PALLET
  6
CONTINUOUS
 62
     1
 10
108.9412967759732993
 20
-41.8458774815457275
 30
0.0
 42
0.1247797978274109
  0
VERTEX
  5
4E55
  8
1_0_PALLET
  6
CONTINUOUS
 62
     1
 10
107.2472276116236003
 20
-41.4164196076651834
 30
0.0
  0
VERTEX
  5
4E56
  8
1_0_PALLET
  6
CONTINUOUS
 62
     1
 10
96.2007407017401448
 20
-41.4164196076651834
 30
0.0
 42
0.2701339740759901
  0
VERTEX
  5
4E57
  8
1_0_PALLET
  6
CONTINUOUS
 62
     1
 10
93.106767410730086
 20
-43.2195746988054168
 30
0.0
 42
-0.3762743946492342
  0
VERTEX
  5
4E58
  8
1_0_PALLET
  6
CONTINUOUS
 62
     1
 10
88.6799325511531009
 20
-44.7634882037573476
 30
0.0
 42
-0.2077032453175448
  0
VERTEX
  5
4E59
  8
1_0_PALLET
  6
CONTINUOUS
 62
     1
 10
85.1338762615499149
 20
-41.157439943666617
 30
0.0
 42
0.310259294196243
  0
VERTEX
  5
4E5A
  8
1_0_PALLET
  6
CONTINUOUS
 62
     1
 10
79.2077100280776136
 20
-37.0884602796681619
 30
0.0
  0
VERTEX
  5
4E5B
  8
1_0_PALLET
  6
CONTINUOUS
 62
     1
 10
77.207804851148893
 20
-37.0884602796681619
 30
0.0
 42
-0.2626406356473454
  0
VERTEX
  5
4E5C
  8
1_0_PALLET
  6
CONTINUOUS
 62
     1
 10
74.1640940686523038
 20
-35.3711991606716794
 30
0.0
 42
0.2626406356473479
  0
VERTEX
  5
4E5D
  8
1_0_PALLET
  6
CONTINUOUS
 62
     1
 10
71.1203832861556293
 20
-33.6539380416752323
 30
0.0
  0
VERTEX
  5
4E5E
  8
1_0_PALLET
  6
CONTINUOUS
 62
     1
 10
37.0967000407880789
 20
-33.6539380416752323
 30
0.0
 42
-0.4142135623730951
  0
SEQEND
  5
4E5F
  8
1_0_PALLET
  6
CONTINUOUS
 62
     1
  0
INSERT
  5
166F
  8
0
  2
*U43
 10
0.0
 20
0.0
 30
0.0
  0
INSERT
  5
1671
  8
0
  2
*U44
 10
0.0
 20
0.0
 30
0.0
  0
INSERT
  5
1673
  8
0
  2
*U45
 10
0.0
 20
0.0
 30
0.0
  0
CIRCLE
  5
1AAE
  8
1_0_PALLET
  6
CONTINUOUS
 10
-193.674999998729902
 20
-0.0000030378399806
 30
0.0
 40
1.289049999999984
  0
CIRCLE
  5
1AAF
  8
1_0_PALLET
  6
CONTINUOUS
 10
-114.3000000012698933
 20
-257.1750030403799769
 30
0.0
 40
1.289049999999974
  0
CIRCLE
  5
1AB0
  8
1_0_PALLET
  6
CONTINUOUS
 10
-38.1000000012699402
 20
-257.1750030403799769
 30
0.0
 40
1.289049999999974
  0
CIRCLE
  5
1AB1
  8
1_0_PALLET
  6
CONTINUOUS
 10
193.6750000012700923
 20
-76.2000030378399771
 30
0.0
 40
1.2890499999999969
  0
CIRCLE
  5
1AB2
  8
1_0_PALLET
  6
CONTINUOUS
 10
114.2999999987300015
 20
257.174996959619989
 30
0.0
 40
1.289049999999974
  0
CIRCLE
  5
1AB3
  8
1_0_PALLET
  6
CONTINUOUS
 10
38.0999999987300413
 20
257.174996959619989
 30
0.0
 40
1.289049999999974
  0
CIRCLE
  5
1AB4
  8
1_0_PALLET
  6
CONTINUOUS
 10
-193.674999998729902
 20
241.2999969621600087
 30
0.0
 40
1.2890499999999969
  0
CIRCLE
  5
1AB5
  8
1_0_PALLET
  6
CONTINUOUS
 10
-193.674999998729902
 20
76.1999969621599718
 30
0.0
 40
1.2890499999999969
  0
CIRCLE
  5
1AB6
  8
1_0_PALLET
  6
CONTINUOUS
 10
-193.674999998729902
 20
-76.2000030378399771
 30
0.0
 40
1.2890499999999969
  0
CIRCLE
  5
1AB7
  8
1_0_PALLET
  6
CONTINUOUS
 10
-193.674999998729902
 20
-241.300003037840014
 30
0.0
 40
1.289049999999974
  0
CIRCLE
  5
1AB8
  8
1_0_PALLET
  6
CONTINUOUS
 10
-190.4999999987298906
 20
-257.1750030378399856
 30
0.0
 40
1.289049999999974
  0
CIRCLE
  5
1AB9
  8
1_0_PALLET
  6
CONTINUOUS
 10
38.0999999987300413
 20
-257.1750030403799769
 30
0.0
 40
1.289049999999974
  0
CIRCLE
  5
1ABA
  8
1_0_PALLET
  6
CONTINUOUS
 10
114.2999999987300015
 20
-257.1750030403799769
 30
0.0
 40
1.289049999999974
  0
CIRCLE
  5
1ABB
  8
1_0_PALLET
  6
CONTINUOUS
 10
190.5000000012701094
 20
-257.1750030378399856
 30
0.0
 40
1.289049999999974
  0
CIRCLE
  5
1ABC
  8
1_0_PALLET
  6
CONTINUOUS
 10
193.6749999987299873
 20
-241.300003037840014
 30
0.0
 40
1.289049999999974
  0
CIRCLE
  5
1ABD
  8
1_0_PALLET
  6
CONTINUOUS
 10
193.6750000012700923
 20
-0.0000030378399806
 30
0.0
 40
1.289049999999984
  0
CIRCLE
  5
1ABE
  8
1_0_PALLET
  6
CONTINUOUS
 10
193.6750000012700923
 20
76.1999969621599718
 30
0.0
 40
1.2890499999999969
  0
CIRCLE
  5
1ABF
  8
1_0_PALLET
  6
CONTINUOUS
 10
193.6750000012700923
 20
241.299996959619989
 30
0.0
 40
1.289049999999951
  0
CIRCLE
  5
1AC0
  8
1_0_PALLET
  6
CONTINUOUS
 10
190.5000000012701094
 20
257.1749969621599803
 30
0.0
 40
1.2890499999999969
  0
CIRCLE
  5
1AC1
  8
1_0_PALLET
  6
CONTINUOUS
 10
-38.1000000012699402
 20
257.174996959619989
 30
0.0
 40
1.289049999999974
  0
CIRCLE
  5
1AC2
  8
1_0_PALLET
  6
CONTINUOUS
 10
-114.3000000012698933
 20
257.174996959619989
 30
0.0
 40
1.289049999999974
  0
CIRCLE
  5
1AC3
  8
1_0_PALLET
  6
CONTINUOUS
 10
-190.4999999987298906
 20
257.1749969621599803
 30
0.0
 40
1.2890499999999969
  0
CIRCLE
  5
1AC4
  8
1_0_PALLET
  6
CONTINUOUS
 10
205.7400000012700048
 20
-269.2400030378399833
 30
0.0
 40
1.2890499999999969
  0
CIRCLE
  5
1AC5
  8
1_0_PALLET
  6
CONTINUOUS
 10
200.6599999987300009
 20
-264.1600030403799906
 30
0.0
 40
1.289049999999974
  0
CIRCLE
  5
1AC6
  8
1_0_PALLET
  6
CONTINUOUS
 10
205.7400000012700048
 20
-260.3500030378398833
 30
0.0
 40
1.587499999999977
  0
CIRCLE
  5
1AC7
  8
1_0_PALLET
  6
CONTINUOUS
 10
196.8500000012701037
 20
-269.2400030378399833
 30
0.0
 40
1.587499999999977
  0
CIRCLE
  5
1AC8
  8
1_0_PALLET
  6
CONTINUOUS
 10
205.7400000012700048
 20
269.239996959619873
 30
0.0
 40
1.2890499999999969
  0
CIRCLE
  5
1AC9
  8
1_0_PALLET
  6
CONTINUOUS
 10
205.7400000012700048
 20
260.349996962159878
 30
0.0
 40
1.587499999999999
  0
CIRCLE
  5
1ACA
  8
1_0_PALLET
  6
CONTINUOUS
 10
196.8500000012701037
 20
269.239996959619873
 30
0.0
 40
1.587499999999999
  0
CIRCLE
  5
1ACB
  8
1_0_PALLET
  6
CONTINUOUS
 10
200.6599999987300009
 20
264.1599969621599939
 30
0.0
 40
1.289049999999974
  0
CIRCLE
  5
1ACC
  8
1_0_PALLET
  6
CONTINUOUS
 10
-193.674999998729902
 20
152.3999969621598893
 30
0.0
 40
1.2890499999999969
  0
CIRCLE
  5
1ACD
  8
1_0_PALLET
  6
CONTINUOUS
 10
193.6750000012700923
 20
152.3999969621598893
 30
0.0
 40
1.2890499999999969
  0
CIRCLE
  5
1ACE
  8
1_0_PALLET
  6
CONTINUOUS
 10
-193.674999998729902
 20
-152.4000030378400083
 30
0.0
 40
1.2890499999999969
  0
CIRCLE
  5
1ACF
  8
1_0_PALLET
  6
CONTINUOUS
 10
193.6750000012700923
 20
-152.4000030378400083
 30
0.0
 40
1.2890499999999969
  0
CIRCLE
  5
1AD0
  8
1_0_PALLET
  6
CONTINUOUS
 10
-101.8539999999999992
 20
147.058405074547295
 30
0.0
 40
1.7272000000000001
  0
CIRCLE
  5
1AD1
  8
1_0_PALLET
  6
CONTINUOUS
 10
128.2700000000000102
 20
94.581180888871117
 30
0.0
 40
1.7272000000000001
  0
CIRCLE
  5
1AD2
  8
1_0_PALLET
  6
CONTINUOUS
 10
-65.2228019937991235
 20
208.914999999999992
 30
0.0
 40
1.7272000000000001
  0
CIRCLE
  5
1AD3
  8
1_0_PALLET
  6
CONTINUOUS
 10
-116.2049999999999983
 20
9.9060000000000592
 30
0.0
 40
1.1937999999999991
  0
CIRCLE
  5
1AD4
  8
1_0_PALLET
  6
CONTINUOUS
 10
90.1699999999999875
 20
188.3410000000000082
 30
0.0
 40
1.1937999999999991
  0
CIRCLE
  5
1AD5
  8
1_0_PALLET
  6
CONTINUOUS
 10
-106.6520327750053951
 20
219.6397347898158046
 30
0.0
 40
1.6658158986339111
  0
CIRCLE
  5
1AD6
  8
1_0_PALLET
  6
CONTINUOUS
 10
-95.2220327750056725
 20
219.6397347898158046
 30
0.0
 40
1.6658158986339111
  0
CIRCLE
  5
1AD7
  8
1_0_PALLET
  6
CONTINUOUS
 10
-101.8539999999999992
 20
-82.9385949254526764
 30
0.0
 40
1.7272000000000001
  0
CIRCLE
  5
1AD8
  8
1_0_PALLET
  6
CONTINUOUS
 10
128.2700000000000102
 20
-135.4158191111287977
 30
0.0
 40
1.7272000000000001
  0
CIRCLE
  5
1AD9
  8
1_0_PALLET
  6
CONTINUOUS
 10
-65.2228019937991235
 20
-21.0820000000000007
 30
0.0
 40
1.7272000000000001
  0
CIRCLE
  5
1ADA
  8
1_0_PALLET
  6
CONTINUOUS
 10
-100.8898747317176969
 20
-232.1560000000000059
 30
0.0
 40
1.7272000000000001
  0
CIRCLE
  5
1ADB
  8
1_0_PALLET
  6
CONTINUOUS
 10
-116.2049999999999983
 20
-220.0910000000000082
 30
0.0
 40
1.1937999999999991
  0
CIRCLE
  5
1ADC
  8
1_0_PALLET
  6
CONTINUOUS
 10
90.1699999999999875
 20
-41.6559999999999633
 30
0.0
 40
1.1937999999999991
  0
CIRCLE
  5
1ADD
  8
1_0_PALLET
  6
CONTINUOUS
 10
-106.6520327750053951
 20
-10.35726521018419
 30
0.0
 40
1.6658158986339111
  0
CIRCLE
  5
1ADE
  8
1_0_PALLET
  6
CONTINUOUS
 10
-95.2220327750056725
 20
-10.35726521018419
 30
0.0
 40
1.6658158986339111
  0
CIRCLE
  5
1ADF
  8
1_0_PALLET
  6
CONTINUOUS
 10
-128.4605000000003088
 20
10.6361249993324396
 30
0.0
 40
1.7272000000000001
  0
INSERT
  5
1AE9
  8
_G01-IND-3GEN_DRILLS
  6
CONTINUOUS
  2
ROUND_6
 10
-37.2049064992119227
 20
-122.5910679592118981
 30
0.0
 41
-25.3999999999999986
 42
25.3999999999999986
 43
25.3999999999999986
 50
270.0
  0
INSERT
  5
1AEA
  8
_G01-IND-3GEN_DRILLS
  6
CONTINUOUS
  2
ROUND_6
 10
-46.2048834192119031
 20
-123.5709999592119033
 30
0.0
 41
-25.3999999999999986
 42
25.3999999999999986
 43
25.3999999999999986
 50
270.0
  0
INSERT
  5
1AEB
  8
_G01-IND-3GEN_DRILLS
  6
CONTINUOUS
  2
ROUND_6
 10
-37.2049064992119227
 20
-117.5910779592120008
 30
0.0
 41
-25.3999999999999986
 42
25.3999999999999986
 43
25.3999999999999986
 50
270.0
  0
INSERT
  5
1AEC
  8
_G01-IND-3GEN_DRILLS
  6
CONTINUOUS
  2
ROUND_6
 10
-37.2049064992119227
 20
-127.591057959211895
 30
0.0
 41
-25.3999999999999986
 42
25.3999999999999986
 43
25.3999999999999986
 50
270.0
  0
INSERT
  5
1AED
  8
_G01-IND-3GEN_DRILLS
  6
CONTINUOUS
  2
ROUND_6
 10
-35.2049079592119227
 20
-121.5910699592118931
 30
0.0
 41
-25.3999999999999986
 42
25.3999999999999986
 43
25.3999999999999986
 50
270.0
  0
INSERT
  5
1AEE
  8
_G01-IND-3GEN_DRILLS
  6
CONTINUOUS
  2
ROUND_6
 10
-41.2048934192119134
 20
-129.5910564992119873
 30
0.0
 41
-25.3999999999999986
 42
25.3999999999999986
 43
25.3999999999999986
 50
270.0
  0
INSERT
  5
1AEF
  8
_G01-IND-3GEN_DRILLS
  6
CONTINUOUS
  2
ROUND_6
 10
-42.2046399592119101
 20
-117.5905699592119049
 30
0.0
 41
-25.3999999999999986
 42
25.3999999999999986
 43
25.3999999999999986
 50
270.0
  0
INSERT
  5
1AF0
  8
_G01-IND-3GEN_DRILLS
  6
CONTINUOUS
  2
ROUND_6
 10
-38.2049019592119095
 20
-116.5910799592118963
 30
0.0
 41
-25.3999999999999986
 42
25.3999999999999986
 43
25.3999999999999986
 50
270.0
  0
INSERT
  5
1AF1
  8
_G01-IND-3GEN_DRILLS
  6
CONTINUOUS
  2
ROUND_6
 10
-35.2049079592119227
 20
-125.5910619592118991
 30
0.0
 41
-25.3999999999999986
 42
25.3999999999999986
 43
25.3999999999999986
 50
270.0
  0
INSERT
  5
1AF2
  8
_G01-IND-3GEN_DRILLS
  6
CONTINUOUS
  2
ROUND_6
 10
-38.2049019592119095
 20
-121.5910699592118931
 30
0.0
 41
-25.3999999999999986
 42
25.3999999999999986
 43
25.3999999999999986
 50
270.0
  0
INSERT
  5
1AF3
  8
_G01-IND-3GEN_DRILLS
  6
CONTINUOUS
  2
ROUND_6
 10
-40.2048979592118982
 20
-121.5910699592118931
 30
0.0
 41
-25.3999999999999986
 42
25.3999999999999986
 43
25.3999999999999986
 50
270.0
  0
INSERT
  5
1AF4
  8
_G01-IND-3GEN_DRILLS
  6
CONTINUOUS
  2
ROUND_6
 10
-38.2049019592119095
 20
-125.5910619592118991
 30
0.0
 41
-25.3999999999999986
 42
25.3999999999999986
 43
25.3999999999999986
 50
270.0
  0
INSERT
  5
1AF5
  8
_G01-IND-3GEN_DRILLS
  6
CONTINUOUS
  2
ROUND_6
 10
-40.2048979592118982
 20
-125.5910619592118991
 30
0.0
 41
-25.3999999999999986
 42
25.3999999999999986
 43
25.3999999999999986
 50
270.0
  0
INSERT
  5
1AF6
  8
_G01-IND-3GEN_DRILLS
  6
CONTINUOUS
  2
ROUND_6
 10
-37.2049064992119227
 20
-124.5910664992119052
 30
0.0
 41
-25.3999999999999986
 42
25.3999999999999986
 43
25.3999999999999986
 50
270.0
  0
INSERT
  5
1AF7
  8
_G01-IND-3GEN_DRILLS
  6
CONTINUOUS
  2
ROUND_6
 10
-40.2048979592118982
 20
-124.5910664992119052
 30
0.0
 41
-25.3999999999999986
 42
25.3999999999999986
 43
25.3999999999999986
 50
270.0
  0
INSERT
  5
1AF8
  8
_G01-IND-3GEN_DRILLS
  6
CONTINUOUS
  2
ROUND_6
 10
-40.2048979592118982
 20
-122.5910679592118981
 30
0.0
 41
-25.3999999999999986
 42
25.3999999999999986
 43
25.3999999999999986
 50
270.0
  0
INSERT
  5
1AF9
  8
_G01-IND-3GEN_DRILLS
  6
CONTINUOUS
  2
ROUND_6
 10
-36.2049034192119095
 20
-126.5910599592119041
 30
0.0
 41
-25.3999999999999986
 42
25.3999999999999986
 43
25.3999999999999986
 50
270.0
  0
INSERT
  5
1AFA
  8
_G01-IND-3GEN_DRILLS
  6
CONTINUOUS
  2
ROUND_6
 10
-36.2049034192119095
 20
-120.5910719592119023
 30
0.0
 41
-25.3999999999999986
 42
25.3999999999999986
 43
25.3999999999999986
 50
270.0
  0
INSERT
  5
1AFB
  8
_G01-IND-3GEN_DRILLS
  6
CONTINUOUS
  2
ROUND_6
 10
-41.2048934192119134
 20
-121.5910699592118931
 30
0.0
 41
-25.3999999999999986
 42
25.3999999999999986
 43
25.3999999999999986
 50
270.0
  0
INSERT
  5
1AFC
  8
_G01-IND-3GEN_DRILLS
  6
CONTINUOUS
  2
ROUND_6
 10
-37.2049064992119227
 20
-121.5910699592118931
 30
0.0
 41
-25.3999999999999986
 42
25.3999999999999986
 43
25.3999999999999986
 50
270.0
  0
INSERT
  5
1AFD
  8
_G01-IND-3GEN_DRILLS
  6
CONTINUOUS
  2
ROUND_6
 10
-41.2048934192119134
 20
-125.5910619592118991
 30
0.0
 41
-25.3999999999999986
 42
25.3999999999999986
 43
25.3999999999999986
 50
270.0
  0
INSERT
  5
1AFE
  8
_G01-IND-3GEN_DRILLS
  6
CONTINUOUS
  2
ROUND_6
 10
-37.2049064992119227
 20
-125.5910619592118991
 30
0.0
 41
-25.3999999999999986
 42
25.3999999999999986
 43
25.3999999999999986
 50
270.0
  0
INSERT
  5
1AFF
  8
_G01-IND-3GEN_DRILLS
  6
CONTINUOUS
  2
ROUND_6
 10
-41.2048934192119134
 20
-122.5910679592118981
 30
0.0
 41
-25.3999999999999986
 42
25.3999999999999986
 43
25.3999999999999986
 50
270.0
  0
INSERT
  5
1B00
  8
_G01-IND-3GEN_DRILLS
  6
CONTINUOUS
  2
ROUND_6
 10
-41.2048934192119134
 20
-124.5910664992119052
 30
0.0
 41
-25.3999999999999986
 42
25.3999999999999986
 43
25.3999999999999986
 50
270.0
  0
INSERT
  5
1B01
  8
_G01-IND-3GEN_DRILLS
  6
CONTINUOUS
  2
ROUND_6
 10
-38.2049019592119095
 20
-122.5910679592118981
 30
0.0
 41
-25.3999999999999986
 42
25.3999999999999986
 43
25.3999999999999986
 50
270.0
  0
INSERT
  5
1B02
  8
_G01-IND-3GEN_DRILLS
  6
CONTINUOUS
  2
ROUND_6
 10
-38.2049019592119095
 20
-124.5910664992119052
 30
0.0
 41
-25.3999999999999986
 42
25.3999999999999986
 43
25.3999999999999986
 50
270.0
  0
INSERT
  5
1B03
  8
_G01-IND-3GEN_DRILLS
  6
CONTINUOUS
  2
ROUND_6
 10
-42.2048964992119267
 20
-120.5910719592119023
 30
0.0
 41
-25.3999999999999986
 42
25.3999999999999986
 43
25.3999999999999986
 50
270.0
  0
INSERT
  5
1B04
  8
_G01-IND-3GEN_DRILLS
  6
CONTINUOUS
  2
ROUND_6
 10
-42.2048964992119267
 20
-126.5910599592119041
 30
0.0
 41
-25.3999999999999986
 42
25.3999999999999986
 43
25.3999999999999986
 50
270.0
  0
INSERT
  5
1B05
  8
_G01-IND-3GEN_DRILLS
  6
CONTINUOUS
  2
ROUND_6
 10
-33.2049119592119268
 20
-118.5910734192118952
 30
0.0
 41
-25.3999999999999986
 42
25.3999999999999986
 43
25.3999999999999986
 50
270.0
  0
INSERT
  5
1B06
  8
_G01-IND-3GEN_DRILLS
  6
CONTINUOUS
  2
ROUND_6
 10
-38.2049019592119095
 20
-120.5910719592119023
 30
0.0
 41
-25.3999999999999986
 42
25.3999999999999986
 43
25.3999999999999986
 50
270.0
  0
INSERT
  5
1B07
  8
_G01-IND-3GEN_DRILLS
  6
CONTINUOUS
  2
ROUND_6
 10
-40.2048979592118982
 20
-120.5910719592119023
 30
0.0
 41
-25.3999999999999986
 42
25.3999999999999986
 43
25.3999999999999986
 50
270.0
  0
INSERT
  5
1B08
  8
_G01-IND-3GEN_DRILLS
  6
CONTINUOUS
  2
ROUND_6
 10
-36.2049034192119095
 20
-122.5910679592118981
 30
0.0
 41
-25.3999999999999986
 42
25.3999999999999986
 43
25.3999999999999986
 50
270.0
  0
INSERT
  5
1B09
  8
_G01-IND-3GEN_DRILLS
  6
CONTINUOUS
  2
ROUND_6
 10
-36.2049034192119095
 20
-124.5910664992119052
 30
0.0
 41
-25.3999999999999986
 42
25.3999999999999986
 43
25.3999999999999986
 50
270.0
  0
INSERT
  5
1B0A
  8
_G01-IND-3GEN_DRILLS
  6
CONTINUOUS
  2
ROUND_6
 10
-36.2049034192119095
 20
-125.5910619592118991
 30
0.0
 41
-25.3999999999999986
 42
25.3999999999999986
 43
25.3999999999999986
 50
270.0
  0
INSERT
  5
1B0B
  8
_G01-IND-3GEN_DRILLS
  6
CONTINUOUS
  2
ROUND_6
 10
-37.2049064992119227
 20
-126.5910599592119041
 30
0.0
 41
-25.3999999999999986
 42
25.3999999999999986
 43
25.3999999999999986
 50
270.0
  0
INSERT
  5
1B0C
  8
_G01-IND-3GEN_DRILLS
  6
CONTINUOUS
  2
ROUND_6
 10
-38.2049019592119095
 20
-126.5910599592119041
 30
0.0
 41
-25.3999999999999986
 42
25.3999999999999986
 43
25.3999999999999986
 50
270.0
  0
INSERT
  5
1B0D
  8
_G01-IND-3GEN_DRILLS
  6
CONTINUOUS
  2
ROUND_6
 10
-40.2048979592118982
 20
-126.5910599592119041
 30
0.0
 41
-25.3999999999999986
 42
25.3999999999999986
 43
25.3999999999999986
 50
270.0
  0
INSERT
  5
1B0E
  8
_G01-IND-3GEN_DRILLS
  6
CONTINUOUS
  2
ROUND_6
 10
-41.2048934192119134
 20
-120.5910719592119023
 30
0.0
 41
-25.3999999999999986
 42
25.3999999999999986
 43
25.3999999999999986
 50
270.0
  0
INSERT
  5
1B0F
  8
_G01-IND-3GEN_DRILLS
  6
CONTINUOUS
  2
ROUND_6
 10
-41.2048934192119134
 20
-126.5910599592119041
 30
0.0
 41
-25.3999999999999986
 42
25.3999999999999986
 43
25.3999999999999986
 50
270.0
  0
INSERT
  5
1B10
  8
_G01-IND-3GEN_DRILLS
  6
CONTINUOUS
  2
ROUND_6
 10
-36.2049034192119095
 20
-121.5910699592118931
 30
0.0
 41
-25.3999999999999986
 42
25.3999999999999986
 43
25.3999999999999986
 50
270.0
  0
INSERT
  5
1B11
  8
_G01-IND-3GEN_DRILLS
  6
CONTINUOUS
  2
ROUND_6
 10
-36.2049034192119095
 20
-127.591057959211895
 30
0.0
 41
-25.3999999999999986
 42
25.3999999999999986
 43
25.3999999999999986
 50
270.0
  0
INSERT
  5
1B12
  8
_G01-IND-3GEN_DRILLS
  6
CONTINUOUS
  2
ROUND_6
 10
-42.2048964992119267
 20
-125.5910619592118991
 30
0.0
 41
-25.3999999999999986
 42
25.3999999999999986
 43
25.3999999999999986
 50
270.0
  0
INSERT
  5
1B13
  8
_G01-IND-3GEN_DRILLS
  6
CONTINUOUS
  2
ROUND_6
 10
-42.2048964992119267
 20
-121.5910699592118931
 30
0.0
 41
-25.3999999999999986
 42
25.3999999999999986
 43
25.3999999999999986
 50
270.0
  0
INSERT
  5
1B14
  8
_G01-IND-3GEN_DRILLS
  6
CONTINUOUS
  2
ROUND_6
 10
-42.2048964992119267
 20
-122.5910679592118981
 30
0.0
 41
-25.3999999999999986
 42
25.3999999999999986
 43
25.3999999999999986
 50
270.0
  0
INSERT
  5
1B15
  8
_G01-IND-3GEN_DRILLS
  6
CONTINUOUS
  2
ROUND_6
 10
-42.2048964992119267
 20
-124.5910664992119052
 30
0.0
 41
-25.3999999999999986
 42
25.3999999999999986
 43
25.3999999999999986
 50
270.0
  0
INSERT
  5
1B16
  8
_G01-IND-3GEN_DRILLS
  6
CONTINUOUS
  2
ROUND_6
 10
-32.2049164992119117
 20
-116.5910799592118963
 30
0.0
 41
-25.3999999999999986
 42
25.3999999999999986
 43
25.3999999999999986
 50
270.0
  0
INSERT
  5
1B17
  8
_G01-IND-3GEN_DRILLS
  6
CONTINUOUS
  2
ROUND_6
 10
-33.2049119592119268
 20
-116.5910799592118963
 30
0.0
 41
-25.3999999999999986
 42
25.3999999999999986
 43
25.3999999999999986
 50
270.0
  0
INSERT
  5
1B18
  8
_G01-IND-3GEN_DRILLS
  6
CONTINUOUS
  2
ROUND_6
 10
-45.2048879592119093
 20
-131.5910499592118867
 30
0.0
 41
-25.3999999999999986
 42
25.3999999999999986
 43
25.3999999999999986
 50
270.0
  0
INSERT
  5
1B19
  8
_G01-IND-3GEN_DRILLS
  6
CONTINUOUS
  2
ROUND_6
 10
-46.2048834192119031
 20
-129.5910564992119873
 30
0.0
 41
-25.3999999999999986
 42
25.3999999999999986
 43
25.3999999999999986
 50
270.0
  0
INSERT
  5
1B1A
  8
_G01-IND-3GEN_DRILLS
  6
CONTINUOUS
  2
ROUND_6
 10
-32.2049164992119117
 20
-129.5910564992119873
 30
0.0
 41
-25.3999999999999986
 42
25.3999999999999986
 43
25.3999999999999986
 50
270.0
  0
INSERT
  5
1B1B
  8
_G01-IND-3GEN_DRILLS
  6
CONTINUOUS
  2
ROUND_6
 10
-31.2049134192118984
 20
-122.5910679592118981
 30
0.0
 41
-25.3999999999999986
 42
25.3999999999999986
 43
25.3999999999999986
 50
270.0
  0
INSERT
  5
1B1C
  8
_G01-IND-3GEN_DRILLS
  6
CONTINUOUS
  2
ROUND_6
 10
-44.2048899592119184
 20
-116.5910799592118963
 30
0.0
 41
-25.3999999999999986
 42
25.3999999999999986
 43
25.3999999999999986
 50
270.0
  0
INSERT
  5
1B1D
  8
_G01-IND-3GEN_DRILLS
  6
CONTINUOUS
  2
ROUND_6
 10
-46.2048834192119031
 20
-127.591057959211895
 30
0.0
 41
-25.3999999999999986
 42
25.3999999999999986
 43
25.3999999999999986
 50
270.0
  0
INSERT
  5
1B1E
  8
_G01-IND-3GEN_DRILLS
  6
CONTINUOUS
  2
ROUND_6
 10
-32.2049164992119117
 20
-121.5910699592118931
 30
0.0
 41
-25.3999999999999986
 42
25.3999999999999986
 43
25.3999999999999986
 50
270.0
  0
INSERT
  5
1B1F
  8
_G01-IND-3GEN_DRILLS
  6
CONTINUOUS
  2
ROUND_6
 10
-46.2048834192119031
 20
-122.5910679592118981
 30
0.0
 41
-25.3999999999999986
 42
25.3999999999999986
 43
25.3999999999999986
 50
270.0
  0
INSERT
  5
1B20
  8
_G01-IND-3GEN_DRILLS
  6
CONTINUOUS
  2
ROUND_6
 10
-33.2049119592119268
 20
-128.591053419211903
 30
0.0
 41
-25.3999999999999986
 42
25.3999999999999986
 43
25.3999999999999986
 50
270.0
  0
INSERT
  5
1B21
  8
_G01-IND-3GEN_DRILLS
  6
CONTINUOUS
  2
ROUND_6
 10
-44.2048899592119184
 20
-131.5910499592118867
 30
0.0
 41
-25.3999999999999986
 42
25.3999999999999986
 43
25.3999999999999986
 50
270.0
  0
INSERT
  5
1B22
  8
_G01-IND-3GEN_DRILLS
  6
CONTINUOUS
  2
ROUND_6
 10
-44.2048899592119184
 20
-130.5910519592119954
 30
0.0
 41
-25.3999999999999986
 42
25.3999999999999986
 43
25.3999999999999986
 50
270.0
  0
INSERT
  5
1B23
  8
_G01-IND-3GEN_DRILLS
  6
CONTINUOUS
  2
ROUND_6
 10
-45.2048879592119093
 20
-129.5910564992119873
 30
0.0
 41
-25.3999999999999986
 42
25.3999999999999986
 43
25.3999999999999986
 50
270.0
  0
INSERT
  5
1B24
  8
_G01-IND-3GEN_DRILLS
  6
CONTINUOUS
  2
ROUND_6
 10
-44.2048899592119184
 20
-120.5910719592119023
 30
0.0
 41
-25.3999999999999986
 42
25.3999999999999986
 43
25.3999999999999986
 50
270.0
  0
INSERT
  5
1B25
  8
_G01-IND-3GEN_DRILLS
  6
CONTINUOUS
  2
ROUND_6
 10
-32.2049164992119117
 20
-122.5910679592118981
 30
0.0
 41
-25.3999999999999986
 42
25.3999999999999986
 43
25.3999999999999986
 50
270.0
  0
INSERT
  5
1B26
  8
_G01-IND-3GEN_DRILLS
  6
CONTINUOUS
  2
ROUND_6
 10
-33.2049119592119268
 20
-129.5910564992119873
 30
0.0
 41
-25.3999999999999986
 42
25.3999999999999986
 43
25.3999999999999986
 50
270.0
  0
INSERT
  5
1B27
  8
_G01-IND-3GEN_DRILLS
  6
CONTINUOUS
  2
ROUND_6
 10
-32.2049164992119117
 20
-130.5910519592119954
 30
0.0
 41
-25.3999999999999986
 42
25.3999999999999986
 43
25.3999999999999986
 50
270.0
  0
INSERT
  5
1B28
  8
_G01-IND-3GEN_DRILLS
  6
CONTINUOUS
  2
ROUND_6
 10
-33.2049119592119268
 20
-125.5910619592118991
 30
0.0
 41
-25.3999999999999986
 42
25.3999999999999986
 43
25.3999999999999986
 50
270.0
  0
INSERT
  5
1B29
  8
_G01-IND-3GEN_DRILLS
  6
CONTINUOUS
  2
ROUND_6
 10
-33.2049119592119268
 20
-124.5910664992119052
 30
0.0
 41
-25.3999999999999986
 42
25.3999999999999986
 43
25.3999999999999986
 50
270.0
  0
INSERT
  5
1B2A
  8
_G01-IND-3GEN_DRILLS
  6
CONTINUOUS
  2
ROUND_6
 10
-34.2049099592119319
 20
-129.5910564992119873
 30
0.0
 41
-25.3999999999999986
 42
25.3999999999999986
 43
25.3999999999999986
 50
270.0
  0
INSERT
  5
1B2B
  8
_G01-IND-3GEN_DRILLS
  6
CONTINUOUS
  2
ROUND_6
 10
-31.2049134192118984
 20
-124.5910664992119052
 30
0.0
 41
-25.3999999999999986
 42
25.3999999999999986
 43
25.3999999999999986
 50
270.0
  0
INSERT
  5
1B2C
  8
_G01-IND-3GEN_DRILLS
  6
CONTINUOUS
  2
ROUND_6
 10
-32.2049164992119117
 20
-125.5910619592118991
 30
0.0
 41
-25.3999999999999986
 42
25.3999999999999986
 43
25.3999999999999986
 50
270.0
  0
INSERT
  5
1B2D
  8
_G01-IND-3GEN_DRILLS
  6
CONTINUOUS
  2
ROUND_6
 10
-32.2049164992119117
 20
-126.5910599592119041
 30
0.0
 41
-25.3999999999999986
 42
25.3999999999999986
 43
25.3999999999999986
 50
270.0
  0
INSERT
  5
1B2E
  8
_G01-IND-3GEN_DRILLS
  6
CONTINUOUS
  2
ROUND_6
 10
-42.2048964992118982
 20
-130.5910519592119954
 30
0.0
 41
-25.3999999999999986
 42
25.3999999999999986
 43
25.3999999999999986
 50
270.0
  0
INSERT
  5
1B2F
  8
_G01-IND-3GEN_DRILLS
  6
CONTINUOUS
  2
ROUND_6
 10
-43.2048919592118921
 20
-130.5910519592119954
 30
0.0
 41
-25.3999999999999986
 42
25.3999999999999986
 43
25.3999999999999986
 50
270.0
  0
INSERT
  5
1B30
  8
_G01-IND-3GEN_DRILLS
  6
CONTINUOUS
  2
ROUND_6
 10
-43.2048919592118921
 20
-131.5910499592118867
 30
0.0
 41
-25.3999999999999986
 42
25.3999999999999986
 43
25.3999999999999986
 50
270.0
  0
INSERT
  5
1B31
  8
_G01-IND-3GEN_DRILLS
  6
CONTINUOUS
  2
ROUND_6
 10
-45.2048879592119093
 20
-122.5910679592118981
 30
0.0
 41
-25.3999999999999986
 42
25.3999999999999986
 43
25.3999999999999986
 50
270.0
  0
INSERT
  5
1B32
  8
_G01-IND-3GEN_DRILLS
  6
CONTINUOUS
  2
ROUND_6
 10
-45.2048879592119093
 20
-127.591057959211895
 30
0.0
 41
-25.3999999999999986
 42
25.3999999999999986
 43
25.3999999999999986
 50
270.0
  0
INSERT
  5
1B33
  8
_G01-IND-3GEN_DRILLS
  6
CONTINUOUS
  2
ROUND_6
 10
-45.2048879592119093
 20
-124.5910664992119052
 30
0.0
 41
-25.3999999999999986
 42
25.3999999999999986
 43
25.3999999999999986
 50
270.0
  0
INSERT
  5
1B34
  8
_G01-IND-3GEN_DRILLS
  6
CONTINUOUS
  2
ROUND_6
 10
-36.2049034192119095
 20
-116.5910799592118963
 30
0.0
 41
-25.3999999999999986
 42
25.3999999999999986
 43
25.3999999999999986
 50
270.0
  0
INSERT
  5
1B35
  8
_G01-IND-3GEN_DRILLS
  6
CONTINUOUS
  2
ROUND_6
 10
-33.2049119592119268
 20
-126.5910599592119041
 30
0.0
 41
-25.3999999999999986
 42
25.3999999999999986
 43
25.3999999999999986
 50
270.0
  0
INSERT
  5
1B36
  8
_G01-IND-3GEN_DRILLS
  6
CONTINUOUS
  2
ROUND_6
 10
-35.2049079592119227
 20
-126.5910599592119041
 30
0.0
 41
-25.3999999999999986
 42
25.3999999999999986
 43
25.3999999999999986
 50
270.0
  0
INSERT
  5
1B37
  8
_G01-IND-3GEN_DRILLS
  6
CONTINUOUS
  2
ROUND_6
 10
-35.2049079592119227
 20
-120.5910719592119023
 30
0.0
 41
-25.3999999999999986
 42
25.3999999999999986
 43
25.3999999999999986
 50
270.0
  0
INSERT
  5
1B38
  8
_G01-IND-3GEN_DRILLS
  6
CONTINUOUS
  2
ROUND_6
 10
-40.2048979592118982
 20
-118.5910734192118952
 30
0.0
 41
-25.3999999999999986
 42
25.3999999999999986
 43
25.3999999999999986
 50
270.0
  0
INSERT
  5
1B39
  8
_G01-IND-3GEN_DRILLS
  6
CONTINUOUS
  2
ROUND_6
 10
-44.2048899592119184
 20
-128.591053419211903
 30
0.0
 41
-25.3999999999999986
 42
25.3999999999999986
 43
25.3999999999999986
 50
270.0
  0
INSERT
  5
1B3A
  8
_G01-IND-3GEN_DRILLS
  6
CONTINUOUS
  2
ROUND_6
 10
-40.2054034192118976
 20
-130.5910519592119954
 30
0.0
 41
-25.3999999999999986
 42
25.3999999999999986
 43
25.3999999999999986
 50
270.0
  0
INSERT
  5
1B3B
  8
_G01-IND-3GEN_DRILLS
  6
CONTINUOUS
  2
ROUND_6
 10
-40.2048979592118982
 20
-117.5905699592119049
 30
0.0
 41
-25.3999999999999986
 42
25.3999999999999986
 43
25.3999999999999986
 50
270.0
  0
INSERT
  5
1B3C
  8
_G01-IND-3GEN_DRILLS
  6
CONTINUOUS
  2
ROUND_6
 10
-44.2048899592119184
 20
-122.5910679592118981
 30
0.0
 41
-25.3999999999999986
 42
25.3999999999999986
 43
25.3999999999999986
 50
270.0
  0
INSERT
  5
1B3D
  8
_G01-IND-3GEN_DRILLS
  6
CONTINUOUS
  2
ROUND_6
 10
-45.2272399592119001
 20
-125.5910619592118991
 30
0.0
 41
-25.3999999999999986
 42
25.3999999999999986
 43
25.3999999999999986
 50
270.0
  0
INSERT
  5
1B3E
  8
_G01-IND-3GEN_DRILLS
  6
CONTINUOUS
  2
ROUND_6
 10
-45.1888834192118978
 20
-118.5910734192118952
 30
0.0
 41
-25.3999999999999986
 42
25.3999999999999986
 43
25.3999999999999986
 50
270.0
  0
INSERT
  5
1B3F
  8
_G01-IND-3GEN_DRILLS
  6
CONTINUOUS
  2
ROUND_6
 10
-44.1794899592119066
 20
-125.5910619592118991
 30
0.0
 41
-25.3999999999999986
 42
25.3999999999999986
 43
25.3999999999999986
 50
270.0
  0
INSERT
  5
1B40
  8
_G01-IND-3GEN_DRILLS
  6
CONTINUOUS
  2
ROUND_6
 10
-37.2049064992119227
 20
-119.616476499211899
 30
0.0
 41
-25.3999999999999986
 42
25.3999999999999986
 43
25.3999999999999986
 50
270.0
  0
INSERT
  5
1B41
  8
_G01-IND-3GEN_DRILLS
  6
CONTINUOUS
  2
ROUND_6
 10
-34.191447959211942
 20
-116.5910799592118963
 30
0.0
 41
-25.3999999999999986
 42
25.3999999999999986
 43
25.3999999999999986
 50
270.0
  0
INSERT
  5
1B42
  8
_G01-IND-3GEN_DRILLS
  6
CONTINUOUS
  2
ROUND_6
 10
-33.1795119592119221
 20
-117.5951419592119009
 30
0.0
 41
-25.3999999999999986
 42
25.3999999999999986
 43
25.3999999999999986
 50
270.0
  0
INSERT
  5
1B43
  8
_G01-IND-3GEN_DRILLS
  6
CONTINUOUS
  2
ROUND_6
 10
-45.2048879592119093
 20
-128.5862299592118916
 30
0.0
 41
-25.3999999999999986
 42
25.3999999999999986
 43
25.3999999999999986
 50
270.0
  0
INSERT
  5
1B44
  8
_G01-IND-3GEN_DRILLS
  6
CONTINUOUS
  2
ROUND_6
 10
-43.2048919592118921
 20
-129.5674319592118877
 30
0.0
 41
-25.3999999999999986
 42
25.3999999999999986
 43
25.3999999999999986
 50
270.0
  0
INSERT
  5
1B45
  8
_G01-IND-3GEN_DRILLS
  6
CONTINUOUS
  2
ROUND_6
 10
-46.2048834192119031
 20
-118.5910734192118952
 30
0.0
 41
-25.3999999999999986
 42
25.3999999999999986
 43
25.3999999999999986
 50
270.0
  0
INSERT
  5
1B46
  8
_G01-IND-3GEN_DRILLS
  6
CONTINUOUS
  2
ROUND_6
 10
-46.2048834192119031
 20
-130.5910519592119954
 30
0.0
 41
-25.3999999999999986
 42
25.3999999999999986
 43
25.3999999999999986
 50
270.0
  0
INSERT
  5
1B47
  8
_G01-IND-3GEN_DRILLS
  6
CONTINUOUS
  2
ROUND_6
 10
-41.2048934192118992
 20
-130.5910519592119954
 30
0.0
 41
-25.3999999999999986
 42
25.3999999999999986
 43
25.3999999999999986
 50
270.0
  0
INSERT
  5
1B48
  8
_G01-IND-3GEN_DRILLS
  6
CONTINUOUS
  2
ROUND_6
 10
-32.2049164992119117
 20
-127.591057959211895
 30
0.0
 41
-25.3999999999999986
 42
25.3999999999999986
 43
25.3999999999999986
 50
270.0
  0
INSERT
  5
1B49
  8
_G01-IND-3GEN_DRILLS
  6
CONTINUOUS
  2
ROUND_6
 10
-33.2049119592119268
 20
-127.591057959211895
 30
0.0
 41
-25.3999999999999986
 42
25.3999999999999986
 43
25.3999999999999986
 50
270.0
  0
INSERT
  5
1B4A
  8
_G01-IND-3GEN_DRILLS
  6
CONTINUOUS
  2
ROUND_6
 10
-32.2049164992119117
 20
-120.5910719592119023
 30
0.0
 41
-25.3999999999999986
 42
25.3999999999999986
 43
25.3999999999999986
 50
270.0
  0
INSERT
  5
1B4B
  8
_G01-IND-3GEN_DRILLS
  6
CONTINUOUS
  2
ROUND_99
 10
-31.1149999592119109
 20
-102.3619999592119996
 30
0.0
 41
-25.3999999999999986
 42
25.3999999999999986
 43
25.3999999999999986
 50
270.0
  0
INSERT
  5
1B4C
  8
_G01-IND-3GEN_DRILLS
  6
CONTINUOUS
  2
ROUND_99
 10
-31.1149999592119109
 20
-104.6479999592119015
 30
0.0
 41
-25.3999999999999986
 42
25.3999999999999986
 43
25.3999999999999986
 50
270.0
  0
INSERT
  5
1B4D
  8
_G01-IND-3GEN_DRILLS
  6
CONTINUOUS
  2
ROUND_99
 10
-31.1149999592119109
 20
-106.6799999592118979
 30
0.0
 41
-25.3999999999999986
 42
25.3999999999999986
 43
25.3999999999999986
 50
270.0
  0
INSERT
  5
1B4E
  8
_G01-IND-3GEN_DRILLS
  6
CONTINUOUS
  2
ROUND_99
 10
-31.1149999592119109
 20
-108.9659999592118993
 30
0.0
 41
-25.3999999999999986
 42
25.3999999999999986
 43
25.3999999999999986
 50
270.0
  0
INSERT
  5
1B4F
  8
_G01-IND-3GEN_DRILLS
  6
CONTINUOUS
  2
ROUND_99
 10
-28.1939999592119186
 20
-108.9659999592118993
 30
0.0
 41
-25.3999999999999986
 42
25.3999999999999986
 43
25.3999999999999986
 50
270.0
  0
INSERT
  5
1B50
  8
_G01-IND-3GEN_DRILLS
  6
CONTINUOUS
  2
ROUND_99
 10
-25.780999959211929
 20
-108.9659999592118993
 30
0.0
 41
-25.3999999999999986
 42
25.3999999999999986
 43
25.3999999999999986
 50
270.0
  0
INSERT
  5
1B51
  8
_G01-IND-3GEN_DRILLS
  6
CONTINUOUS
  2
ROUND_99
 10
-22.9869999592119214
 20
-108.9659999592118993
 30
0.0
 41
-25.3999999999999986
 42
25.3999999999999986
 43
25.3999999999999986
 50
270.0
  0
INSERT
  5
1B52
  8
_G01-IND-3GEN_DRILLS
  6
CONTINUOUS
  2
ROUND_99
 10
-20.3199999592119305
 20
-108.9659999592118993
 30
0.0
 41
-25.3999999999999986
 42
25.3999999999999986
 43
25.3999999999999986
 50
270.0
  0
INSERT
  5
1B53
  8
_G01-IND-3GEN_DRILLS
  6
CONTINUOUS
  2
ROUND_99
 10
-17.1449999592119298
 20
-108.9659999592118993
 30
0.0
 41
-25.3999999999999986
 42
25.3999999999999986
 43
25.3999999999999986
 50
270.0
  0
INSERT
  5
1B54
  8
_G01-IND-3GEN_DRILLS
  6
CONTINUOUS
  2
ROUND_99
 10
-13.8429999592119106
 20
-108.9659999592118993
 30
0.0
 41
-25.3999999999999986
 42
25.3999999999999986
 43
25.3999999999999986
 50
270.0
  0
INSERT
  5
1B55
  8
_G01-IND-3GEN_DRILLS
  6
CONTINUOUS
  2
ROUND_99
 10
-31.1149999592119109
 20
-100.3299999592119036
 30
0.0
 41
-25.3999999999999986
 42
25.3999999999999986
 43
25.3999999999999986
 50
270.0
  0
INSERT
  5
1B56
  8
_G01-IND-3GEN_DRILLS
  6
CONTINUOUS
  2
ROUND_99
 10
-31.1149999592119286
 20
-97.5359999592119493
 30
0.0
 41
-25.3999999999999986
 42
25.3999999999999986
 43
25.3999999999999986
 50
270.0
  0
INSERT
  5
1B57
  8
_G01-IND-3GEN_DRILLS
  6
CONTINUOUS
  2
ROUND_99
 10
-31.1149999592119286
 20
-95.5039999592119955
 30
0.0
 41
-25.3999999999999986
 42
25.3999999999999986
 43
25.3999999999999986
 50
270.0
  0
INSERT
  5
1B58
  8
_G01-IND-3GEN_DRILLS
  6
CONTINUOUS
  2
ROUND_99
 10
-31.1149999592119286
 20
-93.3449999592119752
 30
0.0
 41
-25.3999999999999986
 42
25.3999999999999986
 43
25.3999999999999986
 50
270.0
  0
INSERT
  5
1B59
  8
_G01-IND-3GEN_DRILLS
  6
CONTINUOUS
  2
ROUND_99
 10
-31.1149999592119286
 20
-80.8989999592119062
 30
0.0
 41
-25.3999999999999986
 42
25.3999999999999986
 43
25.3999999999999986
 50
270.0
  0
INSERT
  5
1B5A
  8
_G01-IND-3GEN_DRILLS
  6
CONTINUOUS
  2
ROUND_99
 10
-25.2729999592119192
 20
-80.8989999592119062
 30
0.0
 41
-25.3999999999999986
 42
25.3999999999999986
 43
25.3999999999999986
 50
270.0
  0
INSERT
  5
1B5B
  8
_G01-IND-3GEN_DRILLS
  6
CONTINUOUS
  2
ROUND_99
 10
-7.5590399592119377
 20
-80.8989999592119062
 30
0.0
 41
-25.3999999999999986
 42
25.3999999999999986
 43
25.3999999999999986
 50
270.0
  0
INSERT
  5
1B5C
  8
_G01-IND-3GEN_DRILLS
  6
CONTINUOUS
  2
ROUND_99
 10
-19.0499999592119096
 20
-80.8989999592119062
 30
0.0
 41
-25.3999999999999986
 42
25.3999999999999986
 43
25.3999999999999986
 50
270.0
  0
INSERT
  5
1B5D
  8
_G01-IND-3GEN_DRILLS
  6
CONTINUOUS
  2
ROUND_99
 10
-22.0979999592119185
 20
-80.8989999592119062
 30
0.0
 41
-25.3999999999999986
 42
25.3999999999999986
 43
25.3999999999999986
 50
270.0
  0
INSERT
  5
1B5E
  8
_G01-IND-3GEN_DRILLS
  6
CONTINUOUS
  2
ROUND_99
 10
-65.0239999592119204
 20
-107.0609999592118982
 30
0.0
 41
-25.3999999999999986
 42
25.3999999999999986
 43
25.3999999999999986
 50
270.0
  0
INSERT
  5
1B5F
  8
_G01-IND-3GEN_DRILLS
  6
CONTINUOUS
  2
ROUND_99
 10
-62.6109999592119095
 20
-109.4739999592118949
 30
0.0
 41
-25.3999999999999986
 42
25.3999999999999986
 43
25.3999999999999986
 50
270.0
  0
INSERT
  5
1B60
  8
_G01-IND-3GEN_DRILLS
  6
CONTINUOUS
  2
ROUND_99
 10
-61.2139999592119111
 20
-103.7589999592120051
 30
0.0
 41
-25.3999999999999986
 42
25.3999999999999986
 43
25.3999999999999986
 50
270.0
  0
INSERT
  5
1B61
  8
_G01-IND-3GEN_DRILLS
  6
CONTINUOUS
  2
ROUND_99
 10
-5.2069999592119149
 20
-80.8989999592119062
 30
0.0
 41
-25.3999999999999986
 42
25.3999999999999986
 43
25.3999999999999986
 50
270.0
  0
INSERT
  5
1B62
  8
_G01-IND-3GEN_DRILLS
  6
CONTINUOUS
  2
ROUND_99
 10
-52.1969999592119009
 20
-110.8709999592119004
 30
0.0
 41
-25.3999999999999986
 42
25.3999999999999986
 43
25.3999999999999986
 50
270.0
  0
INSERT
  5
1B63
  8
_G01-IND-3GEN_DRILLS
  6
CONTINUOUS
  2
ROUND_99
 10
-40.3859999592119294
 20
-78.4859999592119522
 30
0.0
 41
-25.3999999999999986
 42
25.3999999999999986
 43
25.3999999999999986
 50
270.0
  0
INSERT
  5
1B64
  8
_G01-IND-3GEN_DRILLS
  6
CONTINUOUS
  2
ROUND_99
 10
-66.2939999592119165
 20
-102.9969999592119052
 30
0.0
 41
-25.3999999999999986
 42
25.3999999999999986
 43
25.3999999999999986
 50
270.0
  0
INSERT
  5
1B65
  8
_G01-IND-3GEN_DRILLS
  6
CONTINUOUS
  2
ROUND_99
 10
-56.8959999592119203
 20
-104.6479999592119015
 30
0.0
 41
-25.3999999999999986
 42
25.3999999999999986
 43
25.3999999999999986
 50
270.0
  0
INSERT
  5
1B66
  8
_G01-IND-3GEN_DRILLS
  6
CONTINUOUS
  2
ROUND_99
 10
-49.1489999592119204
 20
-80.3909999592120244
 30
0.0
 41
-25.3999999999999986
 42
25.3999999999999986
 43
25.3999999999999986
 50
270.0
  0
INSERT
  5
1B67
  8
_G01-IND-3GEN_DRILLS
  6
CONTINUOUS
  2
ROUND_99
 10
-58.6739999592119332
 20
-83.3119999592119882
 30
0.0
 41
-25.3999999999999986
 42
25.3999999999999986
 43
25.3999999999999986
 50
270.0
  0
INSERT
  5
1B68
  8
_G01-IND-3GEN_DRILLS
  6
CONTINUOUS
  2
ROUND_99
 10
-39.4969999592119265
 20
-86.1059999592119567
 30
0.0
 41
-25.3999999999999986
 42
25.3999999999999986
 43
25.3999999999999986
 50
270.0
  0
INSERT
  5
1B69
  8
_G01-IND-3GEN_DRILLS
  6
CONTINUOUS
  2
ROUND_99
 10
-11.3029999592119204
 20
-116.2049999592119036
 30
0.0
 41
-25.3999999999999986
 42
25.3999999999999986
 43
25.3999999999999986
 50
270.0
  0
INSERT
  5
1B6A
  8
_G01-IND-3GEN_DRILLS
  6
CONTINUOUS
  2
ROUND_99
 10
-35.940999959211922
 20
-75.9459999592119175
 30
0.0
 41
-25.3999999999999986
 42
25.3999999999999986
 43
25.3999999999999986
 50
270.0
  0
INSERT
  5
1B6B
  8
_G01-IND-3GEN_DRILLS
  6
CONTINUOUS
  2
ROUND_99
 10
-37.46499995921193
 20
-65.0239999592119204
 30
0.0
 41
-25.3999999999999986
 42
25.3999999999999986
 43
25.3999999999999986
 50
270.0
  0
INSERT
  5
1B6C
  8
_G01-IND-3GEN_DRILLS
  6
CONTINUOUS
  2
ROUND_99
 10
-45.9739999592119233
 20
-67.8179999592119032
 30
0.0
 41
-25.3999999999999986
 42
25.3999999999999986
 43
25.3999999999999986
 50
270.0
  0
INSERT
  5
1B6D
  8
_G01-IND-3GEN_DRILLS
  6
CONTINUOUS
  2
ROUND_99
 10
-44.7039999592118988
 20
-106.9339999592120023
 30
0.0
 41
-25.3999999999999986
 42
25.3999999999999986
 43
25.3999999999999986
 50
270.0
  0
INSERT
  5
1B6E
  8
_G01-IND-3GEN_DRILLS
  6
CONTINUOUS
  2
ROUND_99
 10
-39.4969999592119265
 20
-89.2809999592119681
 30
0.0
 41
-25.3999999999999986
 42
25.3999999999999986
 43
25.3999999999999986
 50
270.0
  0
INSERT
  5
1B6F
  8
_G01-IND-3GEN_DRILLS
  6
CONTINUOUS
  2
ROUND_99
 10
-54.9909999592119334
 20
-66.1669999592119638
 30
0.0
 41
-25.3999999999999986
 42
25.3999999999999986
 43
25.3999999999999986
 50
270.0
  0
INSERT
  5
1B70
  8
_G01-IND-3GEN_DRILLS
  6
CONTINUOUS
  2
ROUND_99
 10
-20.1929999592119103
 20
-120.1419999592119012
 30
0.0
 41
-25.3999999999999986
 42
25.3999999999999986
 43
25.3999999999999986
 50
270.0
  0
INSERT
  5
1B71
  8
_G01-IND-3GEN_DRILLS
  6
CONTINUOUS
  2
ROUND_99
 10
-70.865999959211905
 20
-100.8379999592119987
 30
0.0
 41
-25.3999999999999986
 42
25.3999999999999986
 43
25.3999999999999986
 50
270.0
  0
INSERT
  5
1B72
  8
_G01-IND-3GEN_DRILLS
  6
CONTINUOUS
  2
ROUND_99
 10
-35.940999959211922
 20
-80.3909999592119391
 30
0.0
 41
-25.3999999999999986
 42
25.3999999999999986
 43
25.3999999999999986
 50
270.0
  0
INSERT
  5
1B73
  8
_G01-IND-3GEN_DRILLS
  6
CONTINUOUS
  2
ROUND_99
 10
-67.6909999592119078
 20
-109.8549999592118951
 30
0.0
 41
-25.3999999999999986
 42
25.3999999999999986
 43
25.3999999999999986
 50
270.0
  0
INSERT
  5
1B74
  8
_G01-IND-3GEN_DRILLS
  6
CONTINUOUS
  2
ROUND_99
 10
-57.149999959211911
 20
-102.615999959211905
 30
0.0
 41
-25.3999999999999986
 42
25.3999999999999986
 43
25.3999999999999986
 50
270.0
  0
INSERT
  5
1B75
  8
_G01-IND-3GEN_DRILLS
  6
CONTINUOUS
  2
ROUND_99
 10
-49.1489999592119204
 20
-85.3439999592120273
 30
0.0
 41
-25.3999999999999986
 42
25.3999999999999986
 43
25.3999999999999986
 50
270.0
  0
INSERT
  5
1B76
  8
_G01-IND-3GEN_DRILLS
  6
CONTINUOUS
  2
ROUND_99
 10
-72.3899999592119059
 20
-103.885999959211901
 30
0.0
 41
-25.3999999999999986
 42
25.3999999999999986
 43
25.3999999999999986
 50
270.0
  0
INSERT
  5
1B77
  8
_G01-IND-3GEN_DRILLS
  6
CONTINUOUS
  2
ROUND_99
 10
-20.1929999592119103
 20
-128.6509999592119868
 30
0.0
 41
-25.3999999999999986
 42
25.3999999999999986
 43
25.3999999999999986
 50
270.0
  0
INSERT
  5
1B78
  8
_G01-IND-3GEN_DRILLS
  6
CONTINUOUS
  2
ROUND_99
 10
-39.3699999592119312
 20
-101.2189999592119989
 30
0.0
 41
-25.3999999999999986
 42
25.3999999999999986
 43
25.3999999999999986
 50
270.0
  0
INSERT
  5
1B79
  8
_G01-IND-3GEN_DRILLS
  6
CONTINUOUS
  2
ROUND_99
 10
-39.2429999592119074
 20
-109.4739999592118949
 30
0.0
 41
-25.3999999999999986
 42
25.3999999999999986
 43
25.3999999999999986
 50
270.0
  0
INSERT
  5
1B7A
  8
_G01-IND-3GEN_DRILLS
  6
CONTINUOUS
  2
ROUND_99
 10
-50.2919999592119211
 20
-98.8059999592119738
 30
0.0
 41
-25.3999999999999986
 42
25.3999999999999986
 43
25.3999999999999986
 50
270.0
  0
INSERT
  5
1B7B
  8
_G01-IND-3GEN_DRILLS
  6
CONTINUOUS
  2
ROUND_99
 10
-50.2919999592119211
 20
-96.2659999592120244
 30
0.0
 41
-25.3999999999999986
 42
25.3999999999999986
 43
25.3999999999999986
 50
270.0
  0
INSERT
  5
1B7C
  8
_G01-IND-3GEN_DRILLS
  6
CONTINUOUS
  2
ROUND_99
 10
-45.9739999592119233
 20
-65.4049999592119349
 30
0.0
 41
-25.3999999999999986
 42
25.3999999999999986
 43
25.3999999999999986
 50
270.0
  0
INSERT
  5
1B7D
  8
_G01-IND-3GEN_DRILLS
  6
CONTINUOUS
  2
ROUND_99
 10
-14.3509999592119204
 20
-128.6509999592119868
 30
0.0
 41
-25.3999999999999986
 42
25.3999999999999986
 43
25.3999999999999986
 50
270.0
  0
INSERT
  5
1B7E
  8
_G01-IND-3GEN_DRILLS
  6
CONTINUOUS
  2
ROUND_99
 10
-53.8479999592119398
 20
-64.1349999592120099
 30
0.0
 41
-25.3999999999999986
 42
25.3999999999999986
 43
25.3999999999999986
 50
270.0
  0
INSERT
  5
1B7F
  8
_G01-IND-3GEN_DRILLS
  6
CONTINUOUS
  2
ROUND_99
 10
-56.2609999592119294
 20
-64.1349999592120099
 30
0.0
 41
-25.3999999999999986
 42
25.3999999999999986
 43
25.3999999999999986
 50
270.0
  0
INSERT
  5
1B80
  8
_G01-IND-3GEN_DRILLS
  6
CONTINUOUS
  2
ROUND_99
 10
-35.940999959211922
 20
-73.1519999592119348
 30
0.0
 41
-25.3999999999999986
 42
25.3999999999999986
 43
25.3999999999999986
 50
270.0
  0
INSERT
  5
1B81
  8
_G01-IND-3GEN_DRILLS
  6
CONTINUOUS
  2
ROUND_99
 10
-64.5159999592119107
 20
-98.1709999592119118
 30
0.0
 41
-25.3999999999999986
 42
25.3999999999999986
 43
25.3999999999999986
 50
270.0
  0
INSERT
  5
1B82
  8
_G01-IND-3GEN_DRILLS
  6
CONTINUOUS
  2
ROUND_99
 10
-64.5159999592119107
 20
-100.0759999592119982
 30
0.0
 41
-25.3999999999999986
 42
25.3999999999999986
 43
25.3999999999999986
 50
270.0
  0
INSERT
  5
1B83
  8
_G01-IND-3GEN_DRILLS
  6
CONTINUOUS
  2
ROUND_99
 10
-54.6099999592119119
 20
-94.3609999592119379
 30
0.0
 41
-25.3999999999999986
 42
25.3999999999999986
 43
25.3999999999999986
 50
270.0
  0
INSERT
  5
1B84
  8
_G01-IND-3GEN_DRILLS
  6
CONTINUOUS
  2
ROUND_99
 10
-53.8479999592119398
 20
-74.1679999592119117
 30
0.0
 41
-25.3999999999999986
 42
25.3999999999999986
 43
25.3999999999999986
 50
270.0
  0
INSERT
  5
1B85
  8
_G01-IND-3GEN_DRILLS
  6
CONTINUOUS
  2
ROUND_99
 10
-40.0049999592119079
 20
-100.0759999592119982
 30
0.0
 41
-25.3999999999999986
 42
25.3999999999999986
 43
25.3999999999999986
 50
270.0
  0
INSERT
  5
1B86
  8
_G01-IND-3GEN_DRILLS
  6
CONTINUOUS
  2
ROUND_99
 10
-44.4499999592119082
 20
-73.4059999592119681
 30
0.0
 41
-25.3999999999999986
 42
25.3999999999999986
 43
25.3999999999999986
 50
270.0
  0
INSERT
  5
1B87
  8
_G01-IND-3GEN_DRILLS
  6
CONTINUOUS
  2
ROUND_99
 10
-63.7539999592119031
 20
-103.3779999592119054
 30
0.0
 41
-25.3999999999999986
 42
25.3999999999999986
 43
25.3999999999999986
 50
270.0
  0
INSERT
  5
1B88
  8
_G01-IND-3GEN_DRILLS
  6
CONTINUOUS
  2
ROUND_99
 10
-57.0229999592118872
 20
-198.7549999592118866
 30
0.0
 41
-25.3999999999999986
 42
25.3999999999999986
 43
25.3999999999999986
 50
270.0
  0
INSERT
  5
1B89
  8
_G01-IND-3GEN_DRILLS
  6
CONTINUOUS
  2
ROUND_99
 10
-58.2929999592119117
 20
-159.8929999592120055
 30
0.0
 41
-25.3999999999999986
 42
25.3999999999999986
 43
25.3999999999999986
 50
270.0
  0
INSERT
  5
1B8A
  8
_G01-IND-3GEN_DRILLS
  6
CONTINUOUS
  2
ROUND_99
 10
-58.2929999592119117
 20
-157.7339999592120137
 30
0.0
 41
-25.3999999999999986
 42
25.3999999999999986
 43
25.3999999999999986
 50
270.0
  0
INSERT
  5
1B8B
  8
_G01-IND-3GEN_DRILLS
  6
CONTINUOUS
  2
ROUND_99
 10
-12.3189999592119008
 20
-202.4379999592119077
 30
0.0
 41
-25.3999999999999986
 42
25.3999999999999986
 43
25.3999999999999986
 50
270.0
  0
INSERT
  5
1B8C
  8
_G01-IND-3GEN_DRILLS
  6
CONTINUOUS
  2
ROUND_99
 10
-67.1829999592118838
 20
-190.4999999592118911
 30
0.0
 41
-25.3999999999999986
 42
25.3999999999999986
 43
25.3999999999999986
 50
270.0
  0
INSERT
  5
1B8D
  8
_G01-IND-3GEN_DRILLS
  6
CONTINUOUS
  2
ROUND_99
 10
41.5290000407880768
 20
-209.676999959211912
 30
0.0
 41
-25.3999999999999986
 42
25.3999999999999986
 43
25.3999999999999986
 50
270.0
  0
INSERT
  5
1B8E
  8
_G01-IND-3GEN_DRILLS
  6
CONTINUOUS
  2
ROUND_99
 10
29.9720000407880818
 20
-197.7389999592118954
 30
0.0
 41
-25.3999999999999986
 42
25.3999999999999986
 43
25.3999999999999986
 50
270.0
  0
INSERT
  5
1B8F
  8
_G01-IND-3GEN_DRILLS
  6
CONTINUOUS
  2
ROUND_99
 10
56.6420000407880906
 20
-191.5159999592119107
 30
0.0
 41
-25.3999999999999986
 42
25.3999999999999986
 43
25.3999999999999986
 50
270.0
  0
INSERT
  5
1B90
  8
_G01-IND-3GEN_DRILLS
  6
CONTINUOUS
  2
ROUND_99
 10
-67.5639999592119125
 20
-202.0569999592119927
 30
0.0
 41
-25.3999999999999986
 42
25.3999999999999986
 43
25.3999999999999986
 50
270.0
  0
INSERT
  5
1B91
  8
_G01-IND-3GEN_DRILLS
  6
CONTINUOUS
  2
ROUND_99
 10
-11.4299999592118908
 20
-208.4069999592119018
 30
0.0
 41
-25.3999999999999986
 42
25.3999999999999986
 43
25.3999999999999986
 50
270.0
  0
INSERT
  5
1B92
  8
_G01-IND-3GEN_DRILLS
  6
CONTINUOUS
  2
ROUND_99
 10
-72.5169999592119154
 20
-190.1189999592118909
 30
0.0
 41
-25.3999999999999986
 42
25.3999999999999986
 43
25.3999999999999986
 50
270.0
  0
INSERT
  5
1B93
  8
_G01-IND-3GEN_DRILLS
  6
CONTINUOUS
  2
ROUND_99
 10
-72.5169999592119154
 20
-189.1029999592118997
 30
0.0
 41
-25.3999999999999986
 42
25.3999999999999986
 43
25.3999999999999986
 50
270.0
  0
INSERT
  5
1B94
  8
_G01-IND-3GEN_DRILLS
  6
CONTINUOUS
  2
ROUND_99
 10
-68.3259999592118987
 20
-162.8139999592119125
 30
0.0
 41
-25.3999999999999986
 42
25.3999999999999986
 43
25.3999999999999986
 50
270.0
  0
INSERT
  5
1B95
  8
_G01-IND-3GEN_DRILLS
  6
CONTINUOUS
  2
ROUND_99
 10
81.7880000407880914
 20
-183.6419999592120007
 30
0.0
 41
-25.3999999999999986
 42
25.3999999999999986
 43
25.3999999999999986
 50
270.0
  0
INSERT
  5
1B96
  8
_G01-IND-3GEN_DRILLS
  6
CONTINUOUS
  2
ROUND_99
 10
-50.926999959211912
 20
-155.7019999592118893
 30
0.0
 41
-25.3999999999999986
 42
25.3999999999999986
 43
25.3999999999999986
 50
270.0
  0
INSERT
  5
1B97
  8
_G01-IND-3GEN_DRILLS
  6
CONTINUOUS
  2
ROUND_99
 10
-2.031999959211916
 20
-143.7639999592119011
 30
0.0
 41
-25.3999999999999986
 42
25.3999999999999986
 43
25.3999999999999986
 50
270.0
  0
INSERT
  5
1B98
  8
_G01-IND-3GEN_DRILLS
  6
CONTINUOUS
  2
ROUND_99
 10
99.6950000407880594
 20
-214.8839999592119057
 30
0.0
 41
-25.3999999999999986
 42
25.3999999999999986
 43
25.3999999999999986
 50
270.0
  0
INSERT
  5
1B99
  8
_G01-IND-3GEN_DRILLS
  6
CONTINUOUS
  2
ROUND_99
 10
-70.7389999592119096
 20
-174.4979999592119952
 30
0.0
 41
-25.3999999999999986
 42
25.3999999999999986
 43
25.3999999999999986
 50
270.0
  0
INSERT
  5
1B9A
  8
_G01-IND-3GEN_DRILLS
  6
CONTINUOUS
  2
ROUND_99
 10
-58.4199999592119283
 20
-133.0959999592120084
 30
0.0
 41
-25.3999999999999986
 42
25.3999999999999986
 43
25.3999999999999986
 50
270.0
  0
INSERT
  5
1B9B
  8
_G01-IND-3GEN_DRILLS
  6
CONTINUOUS
  2
ROUND_99
 10
-77.4699999592119326
 20
-105.5369999592118972
 30
0.0
 41
-25.3999999999999986
 42
25.3999999999999986
 43
25.3999999999999986
 50
270.0
  0
INSERT
  5
1B9C
  8
_G01-IND-3GEN_DRILLS
  6
CONTINUOUS
  2
ROUND_99
 10
-26.2889999592118997
 20
-194.1829999592119123
 30
0.0
 41
-25.3999999999999986
 42
25.3999999999999986
 43
25.3999999999999986
 50
270.0
  0
INSERT
  5
1B9D
  8
_G01-IND-3GEN_DRILLS
  6
CONTINUOUS
  2
ROUND_99
 10
-72.0089999592119057
 20
-138.0489999592118977
 30
0.0
 41
-25.3999999999999986
 42
25.3999999999999986
 43
25.3999999999999986
 50
270.0
  0
INSERT
  5
1B9E
  8
_G01-IND-3GEN_DRILLS
  6
CONTINUOUS
  2
ROUND_99
 10
-51.9429999592119103
 20
-183.1339999592119057
 30
0.0
 41
-25.3999999999999986
 42
25.3999999999999986
 43
25.3999999999999986
 50
270.0
  0
INSERT
  5
1B9F
  8
_G01-IND-3GEN_DRILLS
  6
CONTINUOUS
  2
ROUND_99
 10
-65.1509999592119158
 20
-118.3639999592118954
 30
0.0
 41
-25.3999999999999986
 42
25.3999999999999986
 43
25.3999999999999986
 50
270.0
  0
INSERT
  5
1BA0
  8
_G01-IND-3GEN_DRILLS
  6
CONTINUOUS
  2
ROUND_99
 10
-65.1509999592119158
 20
-120.3959999592120056
 30
0.0
 41
-25.3999999999999986
 42
25.3999999999999986
 43
25.3999999999999986
 50
270.0
  0
INSERT
  5
1BA1
  8
_G01-IND-3GEN_DRILLS
  6
CONTINUOUS
  2
ROUND_99
 10
-65.1509999592119158
 20
-122.300999959211893
 30
0.0
 41
-25.3999999999999986
 42
25.3999999999999986
 43
25.3999999999999986
 50
270.0
  0
INSERT
  5
1BA2
  8
_G01-IND-3GEN_DRILLS
  6
CONTINUOUS
  2
ROUND_99
 10
60.5790000407880669
 20
-156.3369999592119939
 30
0.0
 41
-25.3999999999999986
 42
25.3999999999999986
 43
25.3999999999999986
 50
270.0
  0
INSERT
  5
1BA3
  8
_G01-IND-3GEN_DRILLS
  6
CONTINUOUS
  2
ROUND_99
 10
-76.8349999592119133
 20
-146.0499999592119025
 30
0.0
 41
-25.3999999999999986
 42
25.3999999999999986
 43
25.3999999999999986
 50
270.0
  0
INSERT
  5
1BA4
  8
_G01-IND-3GEN_DRILLS
  6
CONTINUOUS
  2
ROUND_99
 10
-72.2629999592119248
 20
-141.4779999592118997
 30
0.0
 41
-25.3999999999999986
 42
25.3999999999999986
 43
25.3999999999999986
 50
270.0
  0
INSERT
  5
1BA5
  8
_G01-IND-3GEN_DRILLS
  6
CONTINUOUS
  2
ROUND_99
 10
-10.6679999592119099
 20
-176.2759999592119868
 30
0.0
 41
-25.3999999999999986
 42
25.3999999999999986
 43
25.3999999999999986
 50
270.0
  0
INSERT
  5
1BA6
  8
_G01-IND-3GEN_DRILLS
  6
CONTINUOUS
  2
ROUND_99
 10
-56.8959999592119203
 20
-129.6669999592118927
 30
0.0
 41
-25.3999999999999986
 42
25.3999999999999986
 43
25.3999999999999986
 50
270.0
  0
INSERT
  5
1BA7
  8
_G01-IND-3GEN_DRILLS
  6
CONTINUOUS
  2
ROUND_99
 10
-33.6549999592119207
 20
-159.0039999592119955
 30
0.0
 41
-25.3999999999999986
 42
25.3999999999999986
 43
25.3999999999999986
 50
270.0
  0
INSERT
  5
1BA8
  8
_G01-IND-3GEN_DRILLS
  6
CONTINUOUS
  2
ROUND_99
 10
-84.5819999592119132
 20
-108.3309999592118942
 30
0.0
 41
-25.3999999999999986
 42
25.3999999999999986
 43
25.3999999999999986
 50
270.0
  0
INSERT
  5
1BA9
  8
_G01-IND-3GEN_DRILLS
  6
CONTINUOUS
  2
ROUND_99
 10
-10.6679999592119099
 20
-179.1969999592118938
 30
0.0
 41
-25.3999999999999986
 42
25.3999999999999986
 43
25.3999999999999986
 50
270.0
  0
INSERT
  5
1BAA
  8
_G01-IND-3GEN_DRILLS
  6
CONTINUOUS
  2
ROUND_99
 10
57.2770000407881028
 20
-203.1999999592119082
 30
0.0
 41
-25.3999999999999986
 42
25.3999999999999986
 43
25.3999999999999986
 50
270.0
  0
INSERT
  5
1BAB
  8
_G01-IND-3GEN_DRILLS
  6
CONTINUOUS
  2
ROUND_99
 10
-10.5409999592118897
 20
-152.1459999592119061
 30
0.0
 41
-25.3999999999999986
 42
25.3999999999999986
 43
25.3999999999999986
 50
270.0
  0
INSERT
  5
1BAC
  8
_G01-IND-3GEN_DRILLS
  6
CONTINUOUS
  2
ROUND_99
 10
-29.9719999592119102
 20
-194.1829999592119123
 30
0.0
 41
-25.3999999999999986
 42
25.3999999999999986
 43
25.3999999999999986
 50
270.0
  0
INSERT
  5
1BAD
  8
_G01-IND-3GEN_DRILLS
  6
CONTINUOUS
  2
ROUND_99
 10
-81.406999959211916
 20
-139.5729999592120123
 30
0.0
 41
-25.3999999999999986
 42
25.3999999999999986
 43
25.3999999999999986
 50
270.0
  0
INSERT
  5
1BAE
  8
_G01-IND-3GEN_DRILLS
  6
CONTINUOUS
  2
ROUND_99
 10
-42.2909999592119092
 20
-144.1449999592119013
 30
0.0
 41
-25.3999999999999986
 42
25.3999999999999986
 43
25.3999999999999986
 50
270.0
  0
INSERT
  5
1BAF
  8
_G01-IND-3GEN_DRILLS
  6
CONTINUOUS
  2
ROUND_99
 10
75.0570000407881253
 20
-210.1849999592118934
 30
0.0
 41
-25.3999999999999986
 42
25.3999999999999986
 43
25.3999999999999986
 50
270.0
  0
INSERT
  5
1BB0
  8
_G01-IND-3GEN_DRILLS
  6
CONTINUOUS
  2
ROUND_99
 10
-32.7659999592118893
 20
-194.1829999592119123
 30
0.0
 41
-25.3999999999999986
 42
25.3999999999999986
 43
25.3999999999999986
 50
270.0
  0
INSERT
  5
1BB1
  8
_G01-IND-3GEN_DRILLS
  6
CONTINUOUS
  2
ROUND_99
 10
-72.2629999592119106
 20
-150.240999959211905
 30
0.0
 41
-25.3999999999999986
 42
25.3999999999999986
 43
25.3999999999999986
 50
270.0
  0
INSERT
  5
1BB2
  8
_G01-IND-3GEN_DRILLS
  6
CONTINUOUS
  2
ROUND_99
 10
-75.1839999592119028
 20
-99.4409999592120215
 30
0.0
 41
-25.3999999999999986
 42
25.3999999999999986
 43
25.3999999999999986
 50
270.0
  0
INSERT
  5
1BB3
  8
_G01-IND-3GEN_DRILLS
  6
CONTINUOUS
  2
ROUND_99
 10
-72.2629999592119106
 20
-151.5109999592118868
 30
0.0
 41
-25.3999999999999986
 42
25.3999999999999986
 43
25.3999999999999986
 50
270.0
  0
INSERT
  5
1BB4
  8
_G01-IND-3GEN_DRILLS
  6
CONTINUOUS
  2
ROUND_99
 10
-9.9059999592119272
 20
-18.1609999592119493
 30
0.0
 41
-25.3999999999999986
 42
25.3999999999999986
 43
25.3999999999999986
 50
270.0
  0
INSERT
  5
1BB5
  8
_G01-IND-3GEN_DRILLS
  6
CONTINUOUS
  2
ROUND_99
 10
-12.8269999592119301
 20
-35.9409999592119433
 30
0.0
 41
-25.3999999999999986
 42
25.3999999999999986
 43
25.3999999999999986
 50
270.0
  0
INSERT
  5
1BB6
  8
_G01-IND-3GEN_DRILLS
  6
CONTINUOUS
  2
ROUND_99
 10
-18.7959999592119402
 20
-35.9409999592119433
 30
0.0
 41
-25.3999999999999986
 42
25.3999999999999986
 43
25.3999999999999986
 50
270.0
  0
INSERT
  5
1BB7
  8
_G01-IND-3GEN_DRILLS
  6
CONTINUOUS
  2
ROUND_99
 10
-8.0009999592119474
 20
-18.1609999592119493
 30
0.0
 41
-25.3999999999999986
 42
25.3999999999999986
 43
25.3999999999999986
 50
270.0
  0
INSERT
  5
1BB8
  8
_G01-IND-3GEN_DRILLS
  6
CONTINUOUS
  2
ROUND_99
 10
-61.7219999592118995
 20
-173.9899999592120139
 30
0.0
 41
-25.3999999999999986
 42
25.3999999999999986
 43
25.3999999999999986
 50
270.0
  0
INSERT
  5
1BB9
  8
_G01-IND-3GEN_DRILLS
  6
CONTINUOUS
  2
ROUND_99
 10
-40.2589999592119128
 20
-159.0039999592119955
 30
0.0
 41
-25.3999999999999986
 42
25.3999999999999986
 43
25.3999999999999986
 50
270.0
  0
INSERT
  5
1BBA
  8
_G01-IND-3GEN_DRILLS
  6
CONTINUOUS
  2
ROUND_99
 10
34.9250000407880918
 20
-212.5979999592119896
 30
0.0
 41
-25.3999999999999986
 42
25.3999999999999986
 43
25.3999999999999986
 50
270.0
  0
INSERT
  5
1BBB
  8
_G01-IND-3GEN_DRILLS
  6
CONTINUOUS
  2
ROUND_99
 10
-58.2929999592119117
 20
-148.4629999592119134
 30
0.0
 41
-25.3999999999999986
 42
25.3999999999999986
 43
25.3999999999999986
 50
270.0
  0
INSERT
  5
1BBC
  8
_G01-IND-3GEN_DRILLS
  6
CONTINUOUS
  2
ROUND_99
 10
-77.3429999592118946
 20
-102.9969999592119052
 30
0.0
 41
-25.3999999999999986
 42
25.3999999999999986
 43
25.3999999999999986
 50
270.0
  0
INSERT
  5
1BBD
  8
_G01-IND-3GEN_DRILLS
  6
CONTINUOUS
  2
ROUND_99
 10
-6.2229999592118936
 20
-192.1509999592119868
 30
0.0
 41
-25.3999999999999986
 42
25.3999999999999986
 43
25.3999999999999986
 50
270.0
  0
INSERT
  5
1BBE
  8
_G01-IND-3GEN_DRILLS
  6
CONTINUOUS
  2
ROUND_99
 10
-84.5819999592119132
 20
-127.5079999592119009
 30
0.0
 41
-25.3999999999999986
 42
25.3999999999999986
 43
25.3999999999999986
 50
270.0
  0
INSERT
  5
1BBF
  8
_G01-IND-3GEN_DRILLS
  6
CONTINUOUS
  2
ROUND_99
 10
62.1030000407880891
 20
-200.9139999592119068
 30
0.0
 41
-25.3999999999999986
 42
25.3999999999999986
 43
25.3999999999999986
 50
270.0
  0
INSERT
  5
1BC0
  8
_G01-IND-3GEN_DRILLS
  6
CONTINUOUS
  2
ROUND_99
 10
-5.9689999592118994
 20
-130.1749999592119025
 30
0.0
 41
-25.3999999999999986
 42
25.3999999999999986
 43
25.3999999999999986
 50
270.0
  0
INSERT
  5
1BC1
  8
_G01-IND-3GEN_DRILLS
  6
CONTINUOUS
  2
ROUND_99
 10
84.8360000407881216
 20
-215.0109999592118868
 30
0.0
 41
-25.3999999999999986
 42
25.3999999999999986
 43
25.3999999999999986
 50
270.0
  0
INSERT
  5
1BC2
  8
_G01-IND-3GEN_DRILLS
  6
CONTINUOUS
  2
ROUND_99
 10
-81.2799999592118922
 20
-149.6059999592119141
 30
0.0
 41
-25.3999999999999986
 42
25.3999999999999986
 43
25.3999999999999986
 50
270.0
  0
INSERT
  5
1BC3
  8
_G01-IND-3GEN_DRILLS
  6
CONTINUOUS
  2
ROUND_99
 10
-72.2629999592119248
 20
-114.8079999592119975
 30
0.0
 41
-25.3999999999999986
 42
25.3999999999999986
 43
25.3999999999999986
 50
270.0
  0
INSERT
  5
1BC4
  8
_G01-IND-3GEN_DRILLS
  6
CONTINUOUS
  2
ROUND_99
 10
-80.6449999592119013
 20
-171.8309999592119084
 30
0.0
 41
-25.3999999999999986
 42
25.3999999999999986
 43
25.3999999999999986
 50
270.0
  0
INSERT
  5
1BC5
  8
_G01-IND-3GEN_DRILLS
  6
CONTINUOUS
  2
ROUND_99
 10
-30.9879999592119013
 20
-181.2289999592119898
 30
0.0
 41
-25.3999999999999986
 42
25.3999999999999986
 43
25.3999999999999986
 50
270.0
  0
INSERT
  5
1BC6
  8
_G01-IND-3GEN_DRILLS
  6
CONTINUOUS
  2
ROUND_99
 10
-29.3369999592119015
 20
-181.2289999592119045
 30
0.0
 41
-25.3999999999999986
 42
25.3999999999999986
 43
25.3999999999999986
 50
270.0
  0
INSERT
  5
1BC7
  8
_G01-IND-3GEN_DRILLS
  6
CONTINUOUS
  2
ROUND_99
 10
-67.3099999592119218
 20
-141.9859999592119095
 30
0.0
 41
-25.3999999999999986
 42
25.3999999999999986
 43
25.3999999999999986
 50
270.0
  0
INSERT
  5
1BC8
  8
_G01-IND-3GEN_DRILLS
  6
CONTINUOUS
  2
ROUND_99
 10
-76.4539999592118988
 20
-137.5409999592120016
 30
0.0
 41
-25.3999999999999986
 42
25.3999999999999986
 43
25.3999999999999986
 50
270.0
  0
INSERT
  5
1BC9
  8
_G01-IND-3GEN_DRILLS
  6
CONTINUOUS
  2
ROUND_99
 10
-36.1949999592119127
 20
-177.7999999592119025
 30
0.0
 41
-25.3999999999999986
 42
25.3999999999999986
 43
25.3999999999999986
 50
270.0
  0
INSERT
  5
1BCA
  8
_G01-IND-3GEN_DRILLS
  6
CONTINUOUS
  2
ROUND_99
 10
-67.1829999592118838
 20
-181.8639999592118954
 30
0.0
 41
-25.3999999999999986
 42
25.3999999999999986
 43
25.3999999999999986
 50
270.0
  0
INSERT
  5
1BCB
  8
_G01-IND-3GEN_DRILLS
  6
CONTINUOUS
  2
ROUND_99
 10
-15.2399999592119002
 20
-154.6859999592118982
 30
0.0
 41
-25.3999999999999986
 42
25.3999999999999986
 43
25.3999999999999986
 50
270.0
  0
INSERT
  5
1BCC
  8
_G01-IND-3GEN_DRILLS
  6
CONTINUOUS
  2
ROUND_99
 10
-10.6679999592119099
 20
-162.3059999592119027
 30
0.0
 41
-25.3999999999999986
 42
25.3999999999999986
 43
25.3999999999999986
 50
270.0
  0
INSERT
  5
1BCD
  8
_G01-IND-3GEN_DRILLS
  6
CONTINUOUS
  2
ROUND_99
 10
-10.6679999592119099
 20
-154.6859999592118982
 30
0.0
 41
-25.3999999999999986
 42
25.3999999999999986
 43
25.3999999999999986
 50
270.0
  0
INSERT
  5
1BCE
  8
_G01-IND-3GEN_DRILLS
  6
CONTINUOUS
  2
ROUND_99
 10
-25.0189999592119392
 20
-36.0679999592119103
 30
0.0
 41
-25.3999999999999986
 42
25.3999999999999986
 43
25.3999999999999986
 50
270.0
  0
INSERT
  5
1BCF
  8
_G01-IND-3GEN_DRILLS
  6
CONTINUOUS
  2
ROUND_99
 10
-17.7799999592118887
 20
-178.0539999592118932
 30
0.0
 41
-25.3999999999999986
 42
25.3999999999999986
 43
25.3999999999999986
 50
270.0
  0
INSERT
  5
1BD0
  8
_G01-IND-3GEN_DRILLS
  6
CONTINUOUS
  2
ROUND_99
 10
105.5370000407880013
 20
-195.9609999592119038
 30
0.0
 41
-25.3999999999999986
 42
25.3999999999999986
 43
25.3999999999999986
 50
270.0
  0
INSERT
  5
1BD1
  8
_G01-IND-3GEN_DRILLS
  6
CONTINUOUS
  2
ROUND_99
 10
55.8800000407881114
 20
-202.5649999592118888
 30
0.0
 41
-25.3999999999999986
 42
25.3999999999999986
 43
25.3999999999999986
 50
270.0
  0
INSERT
  5
1BD2
  8
_G01-IND-3GEN_DRILLS
  6
CONTINUOUS
  2
ROUND_99
 10
-67.1829999592118838
 20
-186.9439999592119079
 30
0.0
 41
-25.3999999999999986
 42
25.3999999999999986
 43
25.3999999999999986
 50
270.0
  0
INSERT
  5
1BD3
  8
_G01-IND-3GEN_DRILLS
  6
CONTINUOUS
  2
ROUND_99
 10
-17.7799999592118887
 20
-180.7209999592118947
 30
0.0
 41
-25.3999999999999986
 42
25.3999999999999986
 43
25.3999999999999986
 50
270.0
  0
INSERT
  5
1BD4
  8
_G01-IND-3GEN_DRILLS
  6
CONTINUOUS
  2
ROUND_99
 10
-74.1679999592119117
 20
-179.3239999592119034
 30
0.0
 41
-25.3999999999999986
 42
25.3999999999999986
 43
25.3999999999999986
 50
270.0
  0
INSERT
  5
1BD5
  8
_G01-IND-3GEN_DRILLS
  6
CONTINUOUS
  2
ROUND_99
 10
-49.9109999592119067
 20
-120.1419999592119012
 30
0.0
 41
-25.3999999999999986
 42
25.3999999999999986
 43
25.3999999999999986
 50
270.0
  0
INSERT
  5
1BD6
  8
_G01-IND-3GEN_DRILLS
  6
CONTINUOUS
  2
ROUND_99
 10
88.7730000407880624
 20
-215.8999999592118968
 30
0.0
 41
-25.3999999999999986
 42
25.3999999999999986
 43
25.3999999999999986
 50
270.0
  0
INSERT
  5
1BD7
  8
_G01-IND-3GEN_DRILLS
  6
CONTINUOUS
  2
ROUND_99
 10
-85.9789999592119045
 20
-106.806999959212007
 30
0.0
 41
-25.3999999999999986
 42
25.3999999999999986
 43
25.3999999999999986
 50
270.0
  0
INSERT
  5
1BD8
  8
_G01-IND-3GEN_DRILLS
  6
CONTINUOUS
  2
ROUND_99
 10
-85.9789999592119045
 20
-104.2669999592119012
 30
0.0
 41
-25.3999999999999986
 42
25.3999999999999986
 43
25.3999999999999986
 50
270.0
  0
INSERT
  5
1BD9
  8
_G01-IND-3GEN_DRILLS
  6
CONTINUOUS
  2
ROUND_99
 10
-11.6839999592119295
 20
-29.7179999592119088
 30
0.0
 41
-25.3999999999999986
 42
25.3999999999999986
 43
25.3999999999999986
 50
270.0
  0
INSERT
  5
1BDA
  8
_G01-IND-3GEN_DRILLS
  6
CONTINUOUS
  2
ROUND_99
 10
-48.2599999592119175
 20
-182.6259999592118959
 30
0.0
 41
-25.3999999999999986
 42
25.3999999999999986
 43
25.3999999999999986
 50
270.0
  0
INSERT
  5
1BDB
  8
_G01-IND-3GEN_DRILLS
  6
CONTINUOUS
  2
ROUND_99
 10
-37.3379999592119134
 20
-159.0039999592119955
 30
0.0
 41
-25.3999999999999986
 42
25.3999999999999986
 43
25.3999999999999986
 50
270.0
  0
INSERT
  5
1BDC
  8
_G01-IND-3GEN_DRILLS
  6
CONTINUOUS
  2
ROUND_99
 10
-52.7049999592118965
 20
-180.8479999592119043
 30
0.0
 41
-25.3999999999999986
 42
25.3999999999999986
 43
25.3999999999999986
 50
270.0
  0
INSERT
  5
1BDD
  8
_G01-IND-3GEN_DRILLS
  6
CONTINUOUS
  2
ROUND_99
 10
92.329000040788074
 20
-210.0579999592119123
 30
0.0
 41
-25.3999999999999986
 42
25.3999999999999986
 43
25.3999999999999986
 50
270.0
  0
INSERT
  5
1BDE
  8
_G01-IND-3GEN_DRILLS
  6
CONTINUOUS
  2
ROUND_99
 10
55.499000040788097
 20
-206.5019999592119007
 30
0.0
 41
-25.3999999999999986
 42
25.3999999999999986
 43
25.3999999999999986
 50
270.0
  0
INSERT
  5
1BDF
  8
_G01-IND-3GEN_DRILLS
  6
CONTINUOUS
  2
ROUND_99
 10
-67.5639999592119125
 20
-126.7459999592119999
 30
0.0
 41
-25.3999999999999986
 42
25.3999999999999986
 43
25.3999999999999986
 50
270.0
  0
INSERT
  5
1BE0
  8
_G01-IND-3GEN_DRILLS
  6
CONTINUOUS
  2
ROUND_99
 10
-61.2139999592119111
 20
-165.3539999592119898
 30
0.0
 41
-25.3999999999999986
 42
25.3999999999999986
 43
25.3999999999999986
 50
270.0
  0
INSERT
  5
1BE1
  8
_G01-IND-3GEN_DRILLS
  6
CONTINUOUS
  2
ROUND_99
 10
-48.6409999592119107
 20
-159.2579999592119009
 30
0.0
 41
-25.3999999999999986
 42
25.3999999999999986
 43
25.3999999999999986
 50
270.0
  0
INSERT
  5
1BE2
  8
_G01-IND-3GEN_DRILLS
  6
CONTINUOUS
  2
ROUND_99
 10
-45.4659999592119135
 20
-144.0179999592118918
 30
0.0
 41
-25.3999999999999986
 42
25.3999999999999986
 43
25.3999999999999986
 50
270.0
  0
INSERT
  5
1BE3
  8
_G01-IND-3GEN_DRILLS
  6
CONTINUOUS
  2
ROUND_99
 10
-8.2549999592119416
 20
-29.7179999592119088
 30
0.0
 41
-25.3999999999999986
 42
25.3999999999999986
 43
25.3999999999999986
 50
270.0
  0
INSERT
  5
1BE4
  8
_G01-IND-3GEN_DRILLS
  6
CONTINUOUS
  2
ROUND_99
 10
80.6450000407880481
 20
-179.958999959212008
 30
0.0
 41
-25.3999999999999986
 42
25.3999999999999986
 43
25.3999999999999986
 50
270.0
  0
INSERT
  5
1BE5
  8
_G01-IND-3GEN_DRILLS
  6
CONTINUOUS
  2
ROUND_99
 10
-10.6679999592119099
 20
-159.7659999592119107
 30
0.0
 41
-25.3999999999999986
 42
25.3999999999999986
 43
25.3999999999999986
 50
270.0
  0
INSERT
  5
1BE6
  8
_G01-IND-3GEN_DRILLS
  6
CONTINUOUS
  2
ROUND_99
 10
-85.9789999592119045
 20
-136.016999959211887
 30
0.0
 41
-25.3999999999999986
 42
25.3999999999999986
 43
25.3999999999999986
 50
270.0
  0
INSERT
  5
1BE7
  8
_G01-IND-3GEN_DRILLS
  6
CONTINUOUS
  2
ROUND_99
 10
-49.2759999592119016
 20
-181.60999995921199
 30
0.0
 41
-25.3999999999999986
 42
25.3999999999999986
 43
25.3999999999999986
 50
270.0
  0
INSERT
  5
1BE8
  8
_G01-IND-3GEN_DRILLS
  6
CONTINUOUS
  2
ROUND_99
 10
-24.0029999592119516
 20
-29.7179999592119088
 30
0.0
 41
-25.3999999999999986
 42
25.3999999999999986
 43
25.3999999999999986
 50
270.0
  0
INSERT
  5
1BE9
  8
_G01-IND-3GEN_DRILLS
  6
CONTINUOUS
  2
ROUND_99
 10
-16.3829999592119187
 20
-29.7179999592119088
 30
0.0
 41
-25.3999999999999986
 42
25.3999999999999986
 43
25.3999999999999986
 50
270.0
  0
INSERT
  5
1BEA
  8
_G01-IND-3GEN_DRILLS
  6
CONTINUOUS
  2
ROUND_99
 10
31.1150000407880789
 20
-215.1379999592118963
 30
0.0
 41
-25.3999999999999986
 42
25.3999999999999986
 43
25.3999999999999986
 50
270.0
  0
INSERT
  5
1BEB
  8
_G01-IND-3GEN_DRILLS
  6
CONTINUOUS
  2
ROUND_99
 10
103.6320000407880997
 20
-187.5789999592118988
 30
0.0
 41
-25.3999999999999986
 42
25.3999999999999986
 43
25.3999999999999986
 50
270.0
  0
INSERT
  5
1BEC
  8
_G01-IND-3GEN_DRILLS
  6
CONTINUOUS
  2
ROUND_99
 10
-45.2119999592118873
 20
-196.0879999592119134
 30
0.0
 41
-25.3999999999999986
 42
25.3999999999999986
 43
25.3999999999999986
 50
270.0
  0
INSERT
  5
1BED
  8
_G01-IND-3GEN_DRILLS
  6
CONTINUOUS
  2
ROUND_99
 10
-43.4339999592118815
 20
-196.0879999592119134
 30
0.0
 41
-25.3999999999999986
 42
25.3999999999999986
 43
25.3999999999999986
 50
270.0
  0
INSERT
  5
1BEE
  8
_G01-IND-3GEN_DRILLS
  6
CONTINUOUS
  2
ROUND_99
 10
-43.3069999592118933
 20
-198.7549999592118866
 30
0.0
 41
-25.3999999999999986
 42
25.3999999999999986
 43
25.3999999999999986
 50
270.0
  0
INSERT
  5
1BEF
  8
_G01-IND-3GEN_DRILLS
  6
CONTINUOUS
  2
ROUND_99
 10
-41.655999959211897
 20
-198.3739999592118863
 30
0.0
 41
-25.3999999999999986
 42
25.3999999999999986
 43
25.3999999999999986
 50
270.0
  0
INSERT
  5
1BF0
  8
_G01-IND-3GEN_DRILLS
  6
CONTINUOUS
  2
ROUND_99
 10
-39.2429999592119074
 20
-198.3739999592118863
 30
0.0
 41
-25.3999999999999986
 42
25.3999999999999986
 43
25.3999999999999986
 50
270.0
  0
INSERT
  5
1BF1
  8
_G01-IND-3GEN_DRILLS
  6
CONTINUOUS
  2
ROUND_99
 10
-46.6089999592118787
 20
-196.2149999592120082
 30
0.0
 41
-25.3999999999999986
 42
25.3999999999999986
 43
25.3999999999999986
 50
270.0
  0
INSERT
  5
1BF2
  8
_G01-IND-3GEN_DRILLS
  6
CONTINUOUS
  2
ROUND_99
 10
-47.4979999592118887
 20
-195.0719999592118938
 30
0.0
 41
-25.3999999999999986
 42
25.3999999999999986
 43
25.3999999999999986
 50
270.0
  0
INSERT
  5
1BF3
  8
_G01-IND-3GEN_DRILLS
  6
CONTINUOUS
  2
ROUND_99
 10
-49.2759999592119016
 20
-195.0719999592118938
 30
0.0
 41
-25.3999999999999986
 42
25.3999999999999986
 43
25.3999999999999986
 50
270.0
  0
INSERT
  5
1BF4
  8
_G01-IND-3GEN_DRILLS
  6
CONTINUOUS
  2
ROUND_99
 10
-51.1809999592119027
 20
-195.1989999592119887
 30
0.0
 41
-25.3999999999999986
 42
25.3999999999999986
 43
25.3999999999999986
 50
270.0
  0
INSERT
  5
1BF5
  8
_G01-IND-3GEN_DRILLS
  6
CONTINUOUS
  2
ROUND_99
 10
-54.2289999592118974
 20
-142.6209999592120141
 30
0.0
 41
-25.3999999999999986
 42
25.3999999999999986
 43
25.3999999999999986
 50
270.0
  0
INSERT
  5
1BF6
  8
_G01-IND-3GEN_DRILLS
  6
CONTINUOUS
  2
ROUND_99
 10
-71.2469999592119052
 20
-144.0179999592120055
 30
0.0
 41
-25.3999999999999986
 42
25.3999999999999986
 43
25.3999999999999986
 50
270.0
  0
INSERT
  5
1BF7
  8
_G01-IND-3GEN_DRILLS
  6
CONTINUOUS
  2
ROUND_99
 10
-81.6609999592119067
 20
-129.2859999592118925
 30
0.0
 41
-25.3999999999999986
 42
25.3999999999999986
 43
25.3999999999999986
 50
270.0
  0
INSERT
  5
1BF8
  8
_G01-IND-3GEN_DRILLS
  6
CONTINUOUS
  2
ROUND_99
 10
-85.9789999592119045
 20
-123.5709999592120028
 30
0.0
 41
-25.3999999999999986
 42
25.3999999999999986
 43
25.3999999999999986
 50
270.0
  0
INSERT
  5
1BF9
  8
_G01-IND-3GEN_DRILLS
  6
CONTINUOUS
  2
ROUND_99
 10
20.1930000407880783
 20
-180.0859999592119038
 30
0.0
 41
-25.3999999999999986
 42
25.3999999999999986
 43
25.3999999999999986
 50
270.0
  0
INSERT
  5
1BFA
  8
_G01-IND-3GEN_DRILLS
  6
CONTINUOUS
  2
ROUND_99
 10
20.1930000407880783
 20
-181.8639999592118954
 30
0.0
 41
-25.3999999999999986
 42
25.3999999999999986
 43
25.3999999999999986
 50
270.0
  0
INSERT
  5
1BFB
  8
_G01-IND-3GEN_DRILLS
  6
CONTINUOUS
  2
ROUND_99
 10
2.0320000407880872
 20
-80.517999959211906
 30
0.0
 41
-25.3999999999999986
 42
25.3999999999999986
 43
25.3999999999999986
 50
270.0
  0
INSERT
  5
1BFC
  8
_G01-IND-3GEN_DRILLS
  6
CONTINUOUS
  2
ROUND_99
 10
97.1550000407881242
 20
-209.5499999592119025
 30
0.0
 41
-25.3999999999999986
 42
25.3999999999999986
 43
25.3999999999999986
 50
270.0
  0
INSERT
  5
1BFD
  8
_G01-IND-3GEN_DRILLS
  6
CONTINUOUS
  2
ROUND_99
 10
-75.6919999592119268
 20
-126.7459999592119999
 30
0.0
 41
-25.3999999999999986
 42
25.3999999999999986
 43
25.3999999999999986
 50
270.0
  0
INSERT
  5
1BFE
  8
_G01-IND-3GEN_DRILLS
  6
CONTINUOUS
  2
ROUND_99
 10
-27.1779999592119204
 20
-117.4749999592118996
 30
0.0
 41
-25.3999999999999986
 42
25.3999999999999986
 43
25.3999999999999986
 50
270.0
  0
INSERT
  5
1BFF
  8
_G01-IND-3GEN_DRILLS
  6
CONTINUOUS
  2
ROUND_99
 10
-56.3879999592119034
 20
-175.1329999592119009
 30
0.0
 41
-25.3999999999999986
 42
25.3999999999999986
 43
25.3999999999999986
 50
270.0
  0
INSERT
  5
1C00
  8
_G01-IND-3GEN_DRILLS
  6
CONTINUOUS
  2
ROUND_99
 10
0.7620000407881143
 20
-211.2009999592119982
 30
0.0
 41
-25.3999999999999986
 42
25.3999999999999986
 43
25.3999999999999986
 50
270.0
  0
INSERT
  5
1C01
  8
_G01-IND-3GEN_DRILLS
  6
CONTINUOUS
  2
ROUND_99
 10
93.0910000407881029
 20
-184.0229999592118872
 30
0.0
 41
-25.3999999999999986
 42
25.3999999999999986
 43
25.3999999999999986
 50
270.0
  0
INSERT
  5
1C02
  8
_G01-IND-3GEN_DRILLS
  6
CONTINUOUS
  2
ROUND_99
 10
-56.260999959211901
 20
-109.6009999592120039
 30
0.0
 41
-25.3999999999999986
 42
25.3999999999999986
 43
25.3999999999999986
 50
270.0
  0
INSERT
  5
1C03
  8
_G01-IND-3GEN_DRILLS
  6
CONTINUOUS
  2
ROUND_99
 10
-19.1769999592119511
 20
-29.7179999592119088
 30
0.0
 41
-25.3999999999999986
 42
25.3999999999999986
 43
25.3999999999999986
 50
270.0
  0
INSERT
  5
1C04
  8
_G01-IND-3GEN_DRILLS
  6
CONTINUOUS
  2
ROUND_99
 10
56.0070000407880926
 20
-204.8509999592118902
 30
0.0
 41
-25.3999999999999986
 42
25.3999999999999986
 43
25.3999999999999986
 50
270.0
  0
INSERT
  5
1C05
  8
_G01-IND-3GEN_DRILLS
  6
CONTINUOUS
  2
ROUND_99
 10
-4.6989999592119274
 20
-29.7179999592119088
 30
0.0
 41
-25.3999999999999986
 42
25.3999999999999986
 43
25.3999999999999986
 50
270.0
  0
INSERT
  5
1C06
  8
_G01-IND-3GEN_DRILLS
  6
CONTINUOUS
  2
ROUND_99
 10
-30.8609999592119095
 20
-170.1799999592118979
 30
0.0
 41
-25.3999999999999986
 42
25.3999999999999986
 43
25.3999999999999986
 50
270.0
  0
INSERT
  5
1C07
  8
_G01-IND-3GEN_DRILLS
  6
CONTINUOUS
  2
ROUND_99
 10
-75.8189999592119221
 20
-111.1249999592119053
 30
0.0
 41
-25.3999999999999986
 42
25.3999999999999986
 43
25.3999999999999986
 50
270.0
  0
INSERT
  5
1C08
  8
_G01-IND-3GEN_DRILLS
  6
CONTINUOUS
  2
ROUND_99
 10
-54.1019999592119092
 20
-162.6869999592119882
 30
0.0
 41
-25.3999999999999986
 42
25.3999999999999986
 43
25.3999999999999986
 50
270.0
  0
INSERT
  5
1C09
  8
_G01-IND-3GEN_DRILLS
  6
CONTINUOUS
  2
ROUND_99
 10
-54.1019999592119092
 20
-164.2109999592119038
 30
0.0
 41
-25.3999999999999986
 42
25.3999999999999986
 43
25.3999999999999986
 50
270.0
  0
INSERT
  5
1C0A
  8
_G01-IND-3GEN_DRILLS
  6
CONTINUOUS
  2
ROUND_99
 10
-54.1019999592119092
 20
-165.7349999592119048
 30
0.0
 41
-25.3999999999999986
 42
25.3999999999999986
 43
25.3999999999999986
 50
270.0
  0
INSERT
  5
1C0B
  8
_G01-IND-3GEN_DRILLS
  6
CONTINUOUS
  2
ROUND_99
 10
-52.7049999592118965
 20
-179.1969999592118938
 30
0.0
 41
-25.3999999999999986
 42
25.3999999999999986
 43
25.3999999999999986
 50
270.0
  0
INSERT
  5
1C0C
  8
_G01-IND-3GEN_DRILLS
  6
CONTINUOUS
  2
ROUND_99
 10
-52.7049999592118965
 20
-177.5459999592119971
 30
0.0
 41
-25.3999999999999986
 42
25.3999999999999986
 43
25.3999999999999986
 50
270.0
  0
INSERT
  5
1C0D
  8
_G01-IND-3GEN_DRILLS
  6
CONTINUOUS
  2
ROUND_99
 10
-45.8469999592118995
 20
-180.5939999592119136
 30
0.0
 41
-25.3999999999999986
 42
25.3999999999999986
 43
25.3999999999999986
 50
270.0
  0
INSERT
  5
1C0E
  8
_G01-IND-3GEN_DRILLS
  6
CONTINUOUS
  2
ROUND_99
 10
-36.7029999592119296
 20
-181.2289999592119898
 30
0.0
 41
-25.3999999999999986
 42
25.3999999999999986
 43
25.3999999999999986
 50
270.0
  0
INSERT
  5
1C0F
  8
_G01-IND-3GEN_DRILLS
  6
CONTINUOUS
  2
ROUND_99
 10
-36.7029999592119296
 20
-179.5779999592118941
 30
0.0
 41
-25.3999999999999986
 42
25.3999999999999986
 43
25.3999999999999986
 50
270.0
  0
INSERT
  5
1C10
  8
_G01-IND-3GEN_DRILLS
  6
CONTINUOUS
  2
ROUND_99
 10
-32.6389999592119224
 20
-181.990999959211905
 30
0.0
 41
-25.3999999999999986
 42
25.3999999999999986
 43
25.3999999999999986
 50
270.0
  0
INSERT
  5
1C11
  8
_G01-IND-3GEN_DRILLS
  6
CONTINUOUS
  2
ROUND_99
 10
-27.6859999592119088
 20
-181.990999959211905
 30
0.0
 41
-25.3999999999999986
 42
25.3999999999999986
 43
25.3999999999999986
 50
270.0
  0
INSERT
  5
1C12
  8
_G01-IND-3GEN_DRILLS
  6
CONTINUOUS
  2
ROUND_99
 10
-26.0349999592119197
 20
-181.990999959211905
 30
0.0
 41
-25.3999999999999986
 42
25.3999999999999986
 43
25.3999999999999986
 50
270.0
  0
INSERT
  5
1C13
  8
_G01-IND-3GEN_DRILLS
  6
CONTINUOUS
  2
ROUND_99
 10
-24.3839999592118915
 20
-181.990999959211905
 30
0.0
 41
-25.3999999999999986
 42
25.3999999999999986
 43
25.3999999999999986
 50
270.0
  0
INSERT
  5
1C14
  8
_G01-IND-3GEN_DRILLS
  6
CONTINUOUS
  2
ROUND_99
 10
-34.2899999592118974
 20
-181.990999959211905
 30
0.0
 41
-25.3999999999999986
 42
25.3999999999999986
 43
25.3999999999999986
 50
270.0
  0
INSERT
  5
1C15
  8
_G01-IND-3GEN_DRILLS
  6
CONTINUOUS
  2
ROUND_99
 10
-65.1509999592119016
 20
-175.1329999592119009
 30
0.0
 41
-25.3999999999999986
 42
25.3999999999999986
 43
25.3999999999999986
 50
270.0
  0
INSERT
  5
1C16
  8
_G01-IND-3GEN_DRILLS
  6
CONTINUOUS
  2
ROUND_99
 10
-65.1509999592119016
 20
-176.9109999592118925
 30
0.0
 41
-25.3999999999999986
 42
25.3999999999999986
 43
25.3999999999999986
 50
270.0
  0
INSERT
  5
1C17
  8
_G01-IND-3GEN_DRILLS
  6
CONTINUOUS
  2
ROUND_99
 10
-65.1509999592119016
 20
-178.6889999592119125
 30
0.0
 41
-25.3999999999999986
 42
25.3999999999999986
 43
25.3999999999999986
 50
270.0
  0
INSERT
  5
1C18
  8
_G01-IND-3GEN_DRILLS
  6
CONTINUOUS
  2
ROUND_99
 10
-65.1509999592119016
 20
-180.4669999592119041
 30
0.0
 41
-25.3999999999999986
 42
25.3999999999999986
 43
25.3999999999999986
 50
270.0
  0
INSERT
  5
1C19
  8
_G01-IND-3GEN_DRILLS
  6
CONTINUOUS
  2
ROUND_99
 10
-65.1509999592119016
 20
-182.2449999592120093
 30
0.0
 41
-25.3999999999999986
 42
25.3999999999999986
 43
25.3999999999999986
 50
270.0
  0
INSERT
  5
1C1A
  8
_G01-IND-3GEN_DRILLS
  6
CONTINUOUS
  2
ROUND_99
 10
-76.3269999592119035
 20
-118.490999959211905
 30
0.0
 41
-25.3999999999999986
 42
25.3999999999999986
 43
25.3999999999999986
 50
270.0
  0
INSERT
  5
1C1B
  8
_G01-IND-3GEN_DRILLS
  6
CONTINUOUS
  2
ROUND_99
 10
-81.2799999592118922
 20
-147.7009999592119129
 30
0.0
 41
-25.3999999999999986
 42
25.3999999999999986
 43
25.3999999999999986
 50
270.0
  0
INSERT
  5
1C1C
  8
_G01-IND-3GEN_DRILLS
  6
CONTINUOUS
  2
ROUND_99
 10
-79.7559999592119198
 20
-130.5559999592119027
 30
0.0
 41
-25.3999999999999986
 42
25.3999999999999986
 43
25.3999999999999986
 50
270.0
  0
INSERT
  5
1C1D
  8
_G01-IND-3GEN_DRILLS
  6
CONTINUOUS
  2
ROUND_99
 10
-23.2409999592118908
 20
-180.7209999592118947
 30
0.0
 41
-25.3999999999999986
 42
25.3999999999999986
 43
25.3999999999999986
 50
270.0
  0
INSERT
  5
1C1E
  8
_G01-IND-3GEN_DRILLS
  6
CONTINUOUS
  2
ROUND_99
 10
-37.8459999592119232
 20
-189.8649999592120139
 30
0.0
 41
-25.3999999999999986
 42
25.3999999999999986
 43
25.3999999999999986
 50
270.0
  0
INSERT
  5
1C1F
  8
_G01-IND-3GEN_DRILLS
  6
CONTINUOUS
  2
ROUND_99
 10
-45.5929999592119088
 20
-141.8589999592120137
 30
0.0
 41
-25.3999999999999986
 42
25.3999999999999986
 43
25.3999999999999986
 50
270.0
  0
INSERT
  5
1C20
  8
_G01-IND-3GEN_DRILLS
  6
CONTINUOUS
  2
ROUND_99
 10
-15.2399999592119002
 20
-170.3069999592119075
 30
0.0
 41
-25.3999999999999986
 42
25.3999999999999986
 43
25.3999999999999986
 50
270.0
  0
INSERT
  5
1C21
  8
_G01-IND-3GEN_DRILLS
  6
CONTINUOUS
  2
ROUND_99
 10
-51.56199995921191
 20
-128.0159999592119107
 30
0.0
 41
-25.3999999999999986
 42
25.3999999999999986
 43
25.3999999999999986
 50
270.0
  0
INSERT
  5
1C22
  8
_G01-IND-3GEN_DRILLS
  6
CONTINUOUS
  2
ROUND_99
 10
-48.7679999592119131
 20
-177.7999999592119025
 30
0.0
 41
-25.3999999999999986
 42
25.3999999999999986
 43
25.3999999999999986
 50
270.0
  0
INSERT
  5
1C23
  8
_G01-IND-3GEN_DRILLS
  6
CONTINUOUS
  2
ROUND_99
 10
-28.320999959211921
 20
-151.7649999592119912
 30
0.0
 41
-25.3999999999999986
 42
25.3999999999999986
 43
25.3999999999999986
 50
270.0
  0
INSERT
  5
1C24
  8
_G01-IND-3GEN_DRILLS
  6
CONTINUOUS
  2
ROUND_99
 10
-38.9889999592119167
 20
-141.8589999592120137
 30
0.0
 41
-25.3999999999999986
 42
25.3999999999999986
 43
25.3999999999999986
 50
270.0
  0
INSERT
  5
1C25
  8
_G01-IND-3GEN_DRILLS
  6
CONTINUOUS
  2
ROUND_99
 10
-48.7679999592119131
 20
-175.7679999592120055
 30
0.0
 41
-25.3999999999999986
 42
25.3999999999999986
 43
25.3999999999999986
 50
270.0
  0
INSERT
  5
1C26
  8
_G01-IND-3GEN_DRILLS
  6
CONTINUOUS
  2
ROUND_99
 10
-40.2589999592118772
 20
-181.2289999592119898
 30
0.0
 41
-25.3999999999999986
 42
25.3999999999999986
 43
25.3999999999999986
 50
270.0
  0
INSERT
  5
1C27
  8
_G01-IND-3GEN_DRILLS
  6
CONTINUOUS
  2
ROUND_99
 10
-68.4529999592119225
 20
-153.669999959211907
 30
0.0
 41
-25.3999999999999986
 42
25.3999999999999986
 43
25.3999999999999986
 50
270.0
  0
INSERT
  5
1C28
  8
_G01-IND-3GEN_DRILLS
  6
CONTINUOUS
  2
ROUND_99
 10
-57.4039999592119017
 20
-148.9709999592120084
 30
0.0
 41
-25.3999999999999986
 42
25.3999999999999986
 43
25.3999999999999986
 50
270.0
  0
INSERT
  5
1C29
  8
_G01-IND-3GEN_DRILLS
  6
CONTINUOUS
  2
ROUND_99
 10
-34.543999959211888
 20
-194.1829999592119123
 30
0.0
 41
-25.3999999999999986
 42
25.3999999999999986
 43
25.3999999999999986
 50
270.0
  0
INSERT
  5
1C2A
  8
_G01-IND-3GEN_DRILLS
  6
CONTINUOUS
  2
ROUND_99
 10
-67.1829999592118838
 20
-175.8949999592119013
 30
0.0
 41
-25.3999999999999986
 42
25.3999999999999986
 43
25.3999999999999986
 50
270.0
  0
INSERT
  5
1C2B
  8
_G01-IND-3GEN_DRILLS
  6
CONTINUOUS
  2
ROUND_99
 10
-39.1159999592119121
 20
-114.2999999592119025
 30
0.0
 41
-25.3999999999999986
 42
25.3999999999999986
 43
25.3999999999999986
 50
270.0
  0
INSERT
  5
1C2C
  8
_G01-IND-3GEN_DRILLS
  6
CONTINUOUS
  2
ROUND_99
 10
-3.0479999592119391
 20
-80.8989999592119062
 30
0.0
 41
-25.3999999999999986
 42
25.3999999999999986
 43
25.3999999999999986
 50
270.0
  0
INSERT
  5
1C2D
  8
_G01-IND-3GEN_DRILLS
  6
CONTINUOUS
  2
ROUND_99
 10
-3.0479999592119391
 20
-85.5979999592119754
 30
0.0
 41
-25.3999999999999986
 42
25.3999999999999986
 43
25.3999999999999986
 50
270.0
  0
INSERT
  5
1C2E
  8
_G01-IND-3GEN_DRILLS
  6
CONTINUOUS
  2
ROUND_99
 10
-3.0479999592119391
 20
-83.3119999592119882
 30
0.0
 41
-25.3999999999999986
 42
25.3999999999999986
 43
25.3999999999999986
 50
270.0
  0
INSERT
  5
1C2F
  8
_G01-IND-3GEN_DRILLS
  6
CONTINUOUS
  2
ROUND_99
 10
-3.0479999592119391
 20
-90.296999959211945
 30
0.0
 41
-25.3999999999999986
 42
25.3999999999999986
 43
25.3999999999999986
 50
270.0
  0
INSERT
  5
1C30
  8
_G01-IND-3GEN_DRILLS
  6
CONTINUOUS
  2
ROUND_99
 10
-3.0479999592119391
 20
-92.2019999592119319
 30
0.0
 41
-25.3999999999999986
 42
25.3999999999999986
 43
25.3999999999999986
 50
270.0
  0
INSERT
  5
1C31
  8
_G01-IND-3GEN_DRILLS
  6
CONTINUOUS
  2
ROUND_99
 10
-3.0479999592119391
 20
-88.0109999592119578
 30
0.0
 41
-25.3999999999999986
 42
25.3999999999999986
 43
25.3999999999999986
 50
270.0
  0
INSERT
  5
1C32
  8
_G01-IND-3GEN_DRILLS
  6
CONTINUOUS
  2
ROUND_99
 10
-3.0479999592119391
 20
-94.9959999592119146
 30
0.0
 41
-25.3999999999999986
 42
25.3999999999999986
 43
25.3999999999999986
 50
270.0
  0
INSERT
  5
1C33
  8
_G01-IND-3GEN_DRILLS
  6
CONTINUOUS
  2
ROUND_99
 10
-3.0479999592119391
 20
-99.6949999592119553
 30
0.0
 41
-25.3999999999999986
 42
25.3999999999999986
 43
25.3999999999999986
 50
270.0
  0
INSERT
  5
1C34
  8
_G01-IND-3GEN_DRILLS
  6
CONTINUOUS
  2
ROUND_99
 10
-3.0479999592119391
 20
-104.3939999592118966
 30
0.0
 41
-25.3999999999999986
 42
25.3999999999999986
 43
25.3999999999999986
 50
270.0
  0
INSERT
  5
1C35
  8
_G01-IND-3GEN_DRILLS
  6
CONTINUOUS
  2
ROUND_99
 10
-3.0479999592119391
 20
-108.9659999592118993
 30
0.0
 41
-25.3999999999999986
 42
25.3999999999999986
 43
25.3999999999999986
 50
270.0
  0
INSERT
  5
1C36
  8
_G01-IND-3GEN_DRILLS
  6
CONTINUOUS
  2
ROUND_99
 10
-3.0479999592119391
 20
-106.6799999592118979
 30
0.0
 41
-25.3999999999999986
 42
25.3999999999999986
 43
25.3999999999999986
 50
270.0
  0
INSERT
  5
1C37
  8
_G01-IND-3GEN_DRILLS
  6
CONTINUOUS
  2
ROUND_99
 10
-16.8909999592119107
 20
-80.8989999592119062
 30
0.0
 41
-25.3999999999999986
 42
25.3999999999999986
 43
25.3999999999999986
 50
270.0
  0
INSERT
  5
1C38
  8
_G01-IND-3GEN_DRILLS
  6
CONTINUOUS
  2
ROUND_99
 10
-13.71599995921191
 20
-80.8989999592119062
 30
0.0
 41
-25.3999999999999986
 42
25.3999999999999986
 43
25.3999999999999986
 50
270.0
  0
INSERT
  5
1C39
  8
_G01-IND-3GEN_DRILLS
  6
CONTINUOUS
  2
ROUND_99
 10
-11.5569999592119093
 20
-80.8989999592119062
 30
0.0
 41
-25.3999999999999986
 42
25.3999999999999986
 43
25.3999999999999986
 50
270.0
  0
INSERT
  5
1C3A
  8
_G01-IND-3GEN_DRILLS
  6
CONTINUOUS
  2
ROUND_99
 10
-9.7789999592119088
 20
-80.8989999592119062
 30
0.0
 41
-25.3999999999999986
 42
25.3999999999999986
 43
25.3999999999999986
 50
270.0
  0
INSERT
  5
1C3B
  8
_G01-IND-3GEN_DRILLS
  6
CONTINUOUS
  2
ROUND_99
 10
-44.7039999592119273
 20
-88.0109999592119578
 30
0.0
 41
-25.3999999999999986
 42
25.3999999999999986
 43
25.3999999999999986
 50
270.0
  0
INSERT
  5
1C3C
  8
_G01-IND-3GEN_DRILLS
  6
CONTINUOUS
  2
ROUND_99
 10
-64.8969999592119251
 20
-67.9449999592119696
 30
0.0
 41
-25.3999999999999986
 42
25.3999999999999986
 43
25.3999999999999986
 50
270.0
  0
INSERT
  5
1C3D
  8
_G01-IND-3GEN_DRILLS
  6
CONTINUOUS
  2
ROUND_99
 10
-44.4499999592119082
 20
-99.4409999592120215
 30
0.0
 41
-25.3999999999999986
 42
25.3999999999999986
 43
25.3999999999999986
 50
270.0
  0
INSERT
  5
1C3E
  8
_G01-IND-3GEN_DRILLS
  6
CONTINUOUS
  2
ROUND_99
 10
-45.5929999592119231
 20
-98.5519999592119262
 30
0.0
 41
-25.3999999999999986
 42
25.3999999999999986
 43
25.3999999999999986
 50
270.0
  0
INSERT
  5
1C3F
  8
_G01-IND-3GEN_DRILLS
  6
CONTINUOUS
  2
ROUND_99
 10
-40.0049999592119079
 20
-94.3609999592119379
 30
0.0
 41
-25.3999999999999986
 42
25.3999999999999986
 43
25.3999999999999986
 50
270.0
  0
INSERT
  5
1C40
  8
_G01-IND-3GEN_DRILLS
  6
CONTINUOUS
  2
ROUND_99
 10
-59.9439999592119221
 20
-93.4719999592119422
 30
0.0
 41
-25.3999999999999986
 42
25.3999999999999986
 43
25.3999999999999986
 50
270.0
  0
INSERT
  5
1C41
  8
_G01-IND-3GEN_DRILLS
  6
CONTINUOUS
  2
ROUND_99
 10
104.0130000407880999
 20
-206.24799995921191
 30
0.0
 41
-25.3999999999999986
 42
25.3999999999999986
 43
25.3999999999999986
 50
270.0
  0
INSERT
  5
1C42
  8
_G01-IND-3GEN_DRILLS
  6
CONTINUOUS
  2
ROUND_99
 10
-76.9619999592118944
 20
-165.7349999592119048
 30
0.0
 41
-25.3999999999999986
 42
25.3999999999999986
 43
25.3999999999999986
 50
270.0
  0
INSERT
  5
1C43
  8
_G01-IND-3GEN_DRILLS
  6
CONTINUOUS
  2
ROUND_99
 10
-78.3589999592118858
 20
-165.7349999592119048
 30
0.0
 41
-25.3999999999999986
 42
25.3999999999999986
 43
25.3999999999999986
 50
270.0
  0
INSERT
  5
1C44
  8
_G01-IND-3GEN_DRILLS
  6
CONTINUOUS
  2
ROUND_99
 10
-100.7109999592119038
 20
-214.7569999592120098
 30
0.0
 41
-25.3999999999999986
 42
25.3999999999999986
 43
25.3999999999999986
 50
270.0
  0
INSERT
  5
1C45
  8
_G01-IND-3GEN_DRILLS
  6
CONTINUOUS
  2
ROUND_99
 10
-15.8749999592118893
 20
-202.6919999592120121
 30
0.0
 41
-25.3999999999999986
 42
25.3999999999999986
 43
25.3999999999999986
 50
270.0
  0
INSERT
  5
1C46
  8
_G01-IND-3GEN_DRILLS
  6
CONTINUOUS
  2
ROUND_99
 10
-59.562999959211929
 20
-116.331999959211899
 30
0.0
 41
-25.3999999999999986
 42
25.3999999999999986
 43
25.3999999999999986
 50
270.0
  0
INSERT
  5
1C47
  8
_G01-IND-3GEN_DRILLS
  6
CONTINUOUS
  2
ROUND_99
 10
-50.7999999592119096
 20
-145.5419999592118927
 30
0.0
 41
-25.3999999999999986
 42
25.3999999999999986
 43
25.3999999999999986
 50
270.0
  0
INSERT
  5
1C48
  8
_G01-IND-3GEN_DRILLS
  6
CONTINUOUS
  2
ROUND_99
 10
4.572000040788077
 20
-210.3119999592119882
 30
0.0
 41
-25.3999999999999986
 42
25.3999999999999986
 43
25.3999999999999986
 50
270.0
  0
INSERT
  5
1C49
  8
_G01-IND-3GEN_DRILLS
  6
CONTINUOUS
  2
ROUND_99
 10
-81.2799999592119065
 20
-117.2209999592119942
 30
0.0
 41
-25.3999999999999986
 42
25.3999999999999986
 43
25.3999999999999986
 50
270.0
  0
INSERT
  5
1C4A
  8
_G01-IND-3GEN_DRILLS
  6
CONTINUOUS
  2
ROUND_99
 10
-72.6439999592118966
 20
-181.3559999592119141
 30
0.0
 41
-25.3999999999999986
 42
25.3999999999999986
 43
25.3999999999999986
 50
270.0
  0
INSERT
  5
1C4B
  8
_G01-IND-3GEN_DRILLS
  6
CONTINUOUS
  2
ROUND_99
 10
55.8800000407881114
 20
-195.1989999592119034
 30
0.0
 41
-25.3999999999999986
 42
25.3999999999999986
 43
25.3999999999999986
 50
270.0
  0
INSERT
  5
1C4C
  8
_G01-IND-3GEN_DRILLS
  6
CONTINUOUS
  2
ROUND_99
 10
-62.9919999592119026
 20
-152.780999959211897
 30
0.0
 41
-25.3999999999999986
 42
25.3999999999999986
 43
25.3999999999999986
 50
270.0
  0
INSERT
  5
1C4D
  8
_G01-IND-3GEN_DRILLS
  6
CONTINUOUS
  2
ROUND_99
 10
-65.2779999592119111
 20
-150.3679999592119998
 30
0.0
 41
-25.3999999999999986
 42
25.3999999999999986
 43
25.3999999999999986
 50
270.0
  0
INSERT
  5
1C4E
  8
_G01-IND-3GEN_DRILLS
  6
CONTINUOUS
  2
ROUND_99
 10
-67.3099999592119218
 20
-132.4609999592119038
 30
0.0
 41
-25.3999999999999986
 42
25.3999999999999986
 43
25.3999999999999986
 50
270.0
  0
INSERT
  5
1C4F
  8
_G01-IND-3GEN_DRILLS
  6
CONTINUOUS
  2
ROUND_99
 10
-54.1019999592119305
 20
-122.8089999592119028
 30
0.0
 41
-25.3999999999999986
 42
25.3999999999999986
 43
25.3999999999999986
 50
270.0
  0
INSERT
  5
1C50
  8
_G01-IND-3GEN_DRILLS
  6
CONTINUOUS
  2
ROUND_99
 10
-45.8469999592118995
 20
-182.6259999592118959
 30
0.0
 41
-25.3999999999999986
 42
25.3999999999999986
 43
25.3999999999999986
 50
270.0
  0
INSERT
  5
1C51
  8
_G01-IND-3GEN_DRILLS
  6
CONTINUOUS
  2
ROUND_99
 10
-33.6549999592119207
 20
-138.0489999592118977
 30
0.0
 41
-25.3999999999999986
 42
25.3999999999999986
 43
25.3999999999999986
 50
270.0
  0
INSERT
  5
1C52
  8
_G01-IND-3GEN_DRILLS
  6
CONTINUOUS
  2
ROUND_99
 10
-26.2889999592119388
 20
-26.5810999592119117
 30
0.0
 41
-25.3999999999999986
 42
25.3999999999999986
 43
25.3999999999999986
 50
270.0
  0
INSERT
  5
1C53
  8
_G01-IND-3GEN_DRILLS
  6
CONTINUOUS
  2
ROUND_99
 10
-41.7829999592118924
 20
-182.6259999592118959
 30
0.0
 41
-25.3999999999999986
 42
25.3999999999999986
 43
25.3999999999999986
 50
270.0
  0
INSERT
  5
1C54
  8
_G01-IND-3GEN_DRILLS
  6
CONTINUOUS
  2
ROUND_99
 10
-54.2289999592118974
 20
-169.6719999592118882
 30
0.0
 41
-25.3999999999999986
 42
25.3999999999999986
 43
25.3999999999999986
 50
270.0
  0
INSERT
  5
1C55
  8
_G01-IND-3GEN_DRILLS
  6
CONTINUOUS
  2
ROUND_99
 10
-80.644999959211944
 20
-129.2859999592118925
 30
0.0
 41
-25.3999999999999986
 42
25.3999999999999986
 43
25.3999999999999986
 50
270.0
  0
INSERT
  5
1C56
  8
_G01-IND-3GEN_DRILLS
  6
CONTINUOUS
  2
ROUND_99
 10
-66.9289999592119074
 20
-143.8909999592119107
 30
0.0
 41
-25.3999999999999986
 42
25.3999999999999986
 43
25.3999999999999986
 50
270.0
  0
INSERT
  5
1C57
  8
_G01-IND-3GEN_DRILLS
  6
CONTINUOUS
  2
ROUND_99
 10
-60.8329999592119108
 20
-169.6719999592118882
 30
0.0
 41
-25.3999999999999986
 42
25.3999999999999986
 43
25.3999999999999986
 50
270.0
  0
INSERT
  5
1C58
  8
_G01-IND-3GEN_DRILLS
  6
CONTINUOUS
  2
ROUND_99
 10
-8.3819999592119157
 20
-108.9659999592118993
 30
0.0
 41
-25.3999999999999986
 42
25.3999999999999986
 43
25.3999999999999986
 50
270.0
  0
INSERT
  5
1C59
  8
_G01-IND-3GEN_DRILLS
  6
CONTINUOUS
  2
ROUND_99
 10
-11.0489999592119208
 20
-108.9659999592118993
 30
0.0
 41
-25.3999999999999986
 42
25.3999999999999986
 43
25.3999999999999986
 50
270.0
  0
INSERT
  5
1C5A
  8
_G01-IND-3GEN_DRILLS
  6
CONTINUOUS
  2
ROUND_99
 10
-40.2589999592118772
 20
-170.1799999592118979
 30
0.0
 41
-25.3999999999999986
 42
25.3999999999999986
 43
25.3999999999999986
 50
270.0
  0
INSERT
  5
1C5B
  8
_G01-IND-3GEN_DRILLS
  6
CONTINUOUS
  2
ROUND_99
 10
-58.2929999592119117
 20
-158.7499999592118911
 30
0.0
 41
-25.3999999999999986
 42
25.3999999999999986
 43
25.3999999999999986
 50
270.0
  0
INSERT
  5
1C5C
  8
_G01-IND-3GEN_DRILLS
  6
CONTINUOUS
  2
ROUND_99
 10
-58.2929999592119117
 20
-156.7179999592119941
 30
0.0
 41
-25.3999999999999986
 42
25.3999999999999986
 43
25.3999999999999986
 50
270.0
  0
INSERT
  5
1C5D
  8
_G01-IND-3GEN_DRILLS
  6
CONTINUOUS
  2
ROUND_99
 10
-48.1329999592119009
 20
-141.8589999592120137
 30
0.0
 41
-25.3999999999999986
 42
25.3999999999999986
 43
25.3999999999999986
 50
270.0
  0
INSERT
  5
1C5E
  8
_G01-IND-3GEN_DRILLS
  6
CONTINUOUS
  2
ROUND_99
 10
34.9250000407880918
 20
-215.0109999592118868
 30
0.0
 41
-25.3999999999999986
 42
25.3999999999999986
 43
25.3999999999999986
 50
270.0
  0
INSERT
  5
1C5F
  8
_G01-IND-3GEN_DRILLS
  6
CONTINUOUS
  2
ROUND_99
 10
-44.4499999592119082
 20
-170.1799999592118979
 30
0.0
 41
-25.3999999999999986
 42
25.3999999999999986
 43
25.3999999999999986
 50
270.0
  0
INSERT
  5
1C60
  8
_G01-IND-3GEN_DRILLS
  6
CONTINUOUS
  2
ROUND_99
 10
-28.1939999592119186
 20
-143.5099999592119104
 30
0.0
 41
-25.3999999999999986
 42
25.3999999999999986
 43
25.3999999999999986
 50
270.0
  0
INSERT
  5
1C61
  8
_G01-IND-3GEN_DRILLS
  6
CONTINUOUS
  2
ROUND_99
 10
-17.0179999592119096
 20
-170.3069999592119075
 30
0.0
 41
-25.3999999999999986
 42
25.3999999999999986
 43
25.3999999999999986
 50
270.0
  0
INSERT
  5
1C62
  8
_G01-IND-3GEN_DRILLS
  6
CONTINUOUS
  2
ROUND_99
 10
-24.1299999592119008
 20
-179.069999959211998
 30
0.0
 41
-25.3999999999999986
 42
25.3999999999999986
 43
25.3999999999999986
 50
270.0
  0
INSERT
  5
1C63
  8
_G01-IND-3GEN_DRILLS
  6
CONTINUOUS
  2
ROUND_99
 10
-56.0069999592119103
 20
-138.5569999592119927
 30
0.0
 41
-25.3999999999999986
 42
25.3999999999999986
 43
25.3999999999999986
 50
270.0
  0
INSERT
  5
1C64
  8
_G01-IND-3GEN_DRILLS
  6
CONTINUOUS
  2
ROUND_99
 10
-55.4989999592119005
 20
-187.7059999592119937
 30
0.0
 41
-25.3999999999999986
 42
25.3999999999999986
 43
25.3999999999999986
 50
270.0
  0
INSERT
  5
1C65
  8
_G01-IND-3GEN_DRILLS
  6
CONTINUOUS
  2
ROUND_99
 10
-28.320999959211921
 20
-155.8289999592120125
 30
0.0
 41
-25.3999999999999986
 42
25.3999999999999986
 43
25.3999999999999986
 50
270.0
  0
INSERT
  5
1C66
  8
_G01-IND-3GEN_DRILLS
  6
CONTINUOUS
  2
ROUND_99
 10
-42.2909999592119092
 20
-141.8589999592120137
 30
0.0
 41
-25.3999999999999986
 42
25.3999999999999986
 43
25.3999999999999986
 50
270.0
  0
INSERT
  5
1C67
  8
_G01-IND-3GEN_DRILLS
  6
CONTINUOUS
  2
ROUND_99
 10
-45.973999959211902
 20
-159.130999959212005
 30
0.0
 41
-25.3999999999999986
 42
25.3999999999999986
 43
25.3999999999999986
 50
270.0
  0
INSERT
  5
1C68
  8
_G01-IND-3GEN_DRILLS
  6
CONTINUOUS
  2
ROUND_99
 10
-64.7699999592119298
 20
-126.8729999592118958
 30
0.0
 41
-25.3999999999999986
 42
25.3999999999999986
 43
25.3999999999999986
 50
270.0
  0
INSERT
  5
1C69
  8
_G01-IND-3GEN_DRILLS
  6
CONTINUOUS
  2
ROUND_99
 10
-19.9389999592119089
 20
-165.7349999592119048
 30
0.0
 41
-25.3999999999999986
 42
25.3999999999999986
 43
25.3999999999999986
 50
270.0
  0
INSERT
  5
1C6A
  8
_G01-IND-3GEN_DRILLS
  6
CONTINUOUS
  2
ROUND_99
 10
-19.9389999592118912
 20
-184.1499999592118968
 30
0.0
 41
-25.3999999999999986
 42
25.3999999999999986
 43
25.3999999999999986
 50
270.0
  0
INSERT
  5
1C6B
  8
_G01-IND-3GEN_DRILLS
  6
CONTINUOUS
  2
ROUND_99
 10
47.7520000407880971
 20
-191.8969999592119109
 30
0.0
 41
-25.3999999999999986
 42
25.3999999999999986
 43
25.3999999999999986
 50
270.0
  0
INSERT
  5
1C6C
  8
_G01-IND-3GEN_DRILLS
  6
CONTINUOUS
  2
ROUND_99
 10
47.7520000407880971
 20
-192.912999959211902
 30
0.0
 41
-25.3999999999999986
 42
25.3999999999999986
 43
25.3999999999999986
 50
270.0
  0
INSERT
  5
1C6D
  8
_G01-IND-3GEN_DRILLS
  6
CONTINUOUS
  2
ROUND_99
 10
-28.0669999592119304
 20
-80.8989999592119062
 30
0.0
 41
-25.3999999999999986
 42
25.3999999999999986
 43
25.3999999999999986
 50
270.0
  0
INSERT
  5
1C6E
  8
_G01-IND-3GEN_DRILLS
  6
CONTINUOUS
  2
ROUND_99
 10
-54.2289999592118974
 20
-190.8809999592118913
 30
0.0
 41
-25.3999999999999986
 42
25.3999999999999986
 43
25.3999999999999986
 50
270.0
  0
INSERT
  5
1C6F
  8
_G01-IND-3GEN_DRILLS
  6
CONTINUOUS
  2
ROUND_99
 10
-49.2759999592119016
 20
-193.2939999592119023
 30
0.0
 41
-25.3999999999999986
 42
25.3999999999999986
 43
25.3999999999999986
 50
270.0
  0
INSERT
  5
1C70
  8
_G01-IND-3GEN_DRILLS
  6
CONTINUOUS
  2
ROUND_99
 10
-46.9899999592119002
 20
-189.6109999592119095
 30
0.0
 41
-25.3999999999999986
 42
25.3999999999999986
 43
25.3999999999999986
 50
270.0
  0
INSERT
  5
1C71
  8
_G01-IND-3GEN_DRILLS
  6
CONTINUOUS
  2
ROUND_99
 10
-82.0419999592119069
 20
-178.1809999592119027
 30
0.0
 41
-25.3999999999999986
 42
25.3999999999999986
 43
25.3999999999999986
 50
270.0
  0
INSERT
  5
1C72
  8
_G01-IND-3GEN_DRILLS
  6
CONTINUOUS
  2
ROUND_99
 10
-34.4169999592118998
 20
-200.6599999592118877
 30
0.0
 41
-25.3999999999999986
 42
25.3999999999999986
 43
25.3999999999999986
 50
270.0
  0
INSERT
  5
1C73
  8
_G01-IND-3GEN_DRILLS
  6
CONTINUOUS
  2
ROUND_99
 10
-34.6709999592118976
 20
-211.4549999592119036
 30
0.0
 41
-25.3999999999999986
 42
25.3999999999999986
 43
25.3999999999999986
 50
270.0
  0
INSERT
  5
1C74
  8
_G01-IND-3GEN_DRILLS
  6
CONTINUOUS
  2
ROUND_99
 10
-41.1479999592118872
 20
-194.0559999592119027
 30
0.0
 41
-25.3999999999999986
 42
25.3999999999999986
 43
25.3999999999999986
 50
270.0
  0
INSERT
  5
1C75
  8
_G01-IND-3GEN_DRILLS
  6
CONTINUOUS
  2
ROUND_99
 10
-34.6709999592118976
 20
-206.1209999592120141
 30
0.0
 41
-25.3999999999999986
 42
25.3999999999999986
 43
25.3999999999999986
 50
270.0
  0
INSERT
  5
1C76
  8
_G01-IND-3GEN_DRILLS
  6
CONTINUOUS
  2
ROUND_99
 10
-65.1509999592119158
 20
-116.3319999592119984
 30
0.0
 41
-25.3999999999999986
 42
25.3999999999999986
 43
25.3999999999999986
 50
270.0
  0
INSERT
  5
1C77
  8
_G01-IND-3GEN_DRILLS
  6
CONTINUOUS
  2
ROUND_99
 10
-60.5789999592118988
 20
-203.9619999592119939
 30
0.0
 41
-25.3999999999999986
 42
25.3999999999999986
 43
25.3999999999999986
 50
270.0
  0
INSERT
  5
1C78
  8
_G01-IND-3GEN_DRILLS
  6
CONTINUOUS
  2
ROUND_99
 10
-60.4519999592119106
 20
-206.5019999592119007
 30
0.0
 41
-25.3999999999999986
 42
25.3999999999999986
 43
25.3999999999999986
 50
270.0
  0
INSERT
  5
1C79
  8
_G01-IND-3GEN_DRILLS
  6
CONTINUOUS
  2
ROUND_99
 10
-43.4339999592118815
 20
-204.5969999592118995
 30
0.0
 41
-25.3999999999999986
 42
25.3999999999999986
 43
25.3999999999999986
 50
270.0
  0
INSERT
  5
1C7A
  8
_G01-IND-3GEN_DRILLS
  6
CONTINUOUS
  2
ROUND_99
 10
-50.5459999592118976
 20
-202.0569999592119927
 30
0.0
 41
-25.3999999999999986
 42
25.3999999999999986
 43
25.3999999999999986
 50
270.0
  0
INSERT
  5
1C7B
  8
_G01-IND-3GEN_DRILLS
  6
CONTINUOUS
  2
ROUND_99
 10
-52.8319999592118918
 20
-216.5349999592118877
 30
0.0
 41
-25.3999999999999986
 42
25.3999999999999986
 43
25.3999999999999986
 50
270.0
  0
INSERT
  5
1C7C
  8
_G01-IND-3GEN_DRILLS
  6
CONTINUOUS
  2
ROUND_99
 10
-47.8789999592119031
 20
-216.5349999592118877
 30
0.0
 41
-25.3999999999999986
 42
25.3999999999999986
 43
25.3999999999999986
 50
270.0
  0
INSERT
  5
1C7D
  8
_G01-IND-3GEN_DRILLS
  6
CONTINUOUS
  2
ROUND_99
 10
-44.5769999592119106
 20
-212.3439999592119989
 30
0.0
 41
-25.3999999999999986
 42
25.3999999999999986
 43
25.3999999999999986
 50
270.0
  0
INSERT
  5
1C7E
  8
_G01-IND-3GEN_DRILLS
  6
CONTINUOUS
  2
ROUND_99
 10
-56.0069999592119103
 20
-203.0729999592120123
 30
0.0
 41
-25.3999999999999986
 42
25.3999999999999986
 43
25.3999999999999986
 50
270.0
  0
INSERT
  5
1C7F
  8
_G01-IND-3GEN_DRILLS
  6
CONTINUOUS
  2
ROUND_99
 10
-12.0649999592118995
 20
-184.1499999592118968
 30
0.0
 41
-25.3999999999999986
 42
25.3999999999999986
 43
25.3999999999999986
 50
270.0
  0
INSERT
  5
1C80
  8
_G01-IND-3GEN_DRILLS
  6
CONTINUOUS
  2
ROUND_99
 10
-13.8429999592118893
 20
-184.1499999592118968
 30
0.0
 41
-25.3999999999999986
 42
25.3999999999999986
 43
25.3999999999999986
 50
270.0
  0
INSERT
  5
1C81
  8
_G01-IND-3GEN_DRILLS
  6
CONTINUOUS
  2
ROUND_99
 10
-12.1919999592119197
 20
-165.8619999592119996
 30
0.0
 41
-25.3999999999999986
 42
25.3999999999999986
 43
25.3999999999999986
 50
270.0
  0
INSERT
  5
1C82
  8
_G01-IND-3GEN_DRILLS
  6
CONTINUOUS
  2
ROUND_99
 10
-18.03399995921189
 20
-184.1499999592118968
 30
0.0
 41
-25.3999999999999986
 42
25.3999999999999986
 43
25.3999999999999986
 50
270.0
  0
INSERT
  5
1C83
  8
_G01-IND-3GEN_DRILLS
  6
CONTINUOUS
  2
ROUND_99
 10
15.24000004078807
 20
-35.6869999592119882
 30
0.0
 41
-25.3999999999999986
 42
25.3999999999999986
 43
25.3999999999999986
 50
270.0
  0
INSERT
  5
1C84
  8
_G01-IND-3GEN_DRILLS
  6
CONTINUOUS
  2
ROUND_99
 10
61.0870000407880624
 20
-67.0559999592118743
 30
0.0
 41
-25.3999999999999986
 42
25.3999999999999986
 43
25.3999999999999986
 50
270.0
  0
INSERT
  5
1C85
  8
_G01-IND-3GEN_DRILLS
  6
CONTINUOUS
  2
ROUND_99
 10
61.0870000407881122
 20
-97.6629999592119447
 30
0.0
 41
-25.3999999999999986
 42
25.3999999999999986
 43
25.3999999999999986
 50
270.0
  0
INSERT
  5
1C86
  8
_G01-IND-3GEN_DRILLS
  6
CONTINUOUS
  2
ROUND_99
 10
51.8160000407880972
 20
-211.5819999592119132
 30
0.0
 41
-25.3999999999999986
 42
25.3999999999999986
 43
25.3999999999999986
 50
270.0
  0
INSERT
  5
1C87
  8
_G01-IND-3GEN_DRILLS
  6
CONTINUOUS
  2
ROUND_99
 10
42.9260000407880611
 20
-211.5819999592119132
 30
0.0
 41
-25.3999999999999986
 42
25.3999999999999986
 43
25.3999999999999986
 50
270.0
  0
INSERT
  5
1C88
  8
_G01-IND-3GEN_DRILLS
  6
CONTINUOUS
  2
ROUND_99
 10
-80.1369999592118916
 20
-165.8619999592119996
 30
0.0
 41
-25.3999999999999986
 42
25.3999999999999986
 43
25.3999999999999986
 50
270.0
  0
INSERT
  5
1C89
  8
_G01-IND-3GEN_DRILLS
  6
CONTINUOUS
  2
ROUND_99
 10
-65.1509999592119016
 20
-183.6419999592120007
 30
0.0
 41
-25.3999999999999986
 42
25.3999999999999986
 43
25.3999999999999986
 50
270.0
  0
INSERT
  5
1C8A
  8
_G01-IND-3GEN_DRILLS
  6
CONTINUOUS
  2
ROUND_99
 10
-49.78399995921189
 20
-196.5959999592120084
 30
0.0
 41
-25.3999999999999986
 42
25.3999999999999986
 43
25.3999999999999986
 50
270.0
  0
INSERT
  5
1C8B
  8
_G01-IND-3GEN_DRILLS
  6
CONTINUOUS
  2
ROUND_99
 10
-42.0369999592118972
 20
-202.5649999592120025
 30
0.0
 41
-25.3999999999999986
 42
25.3999999999999986
 43
25.3999999999999986
 50
270.0
  0
INSERT
  5
1C8C
  8
_G01-IND-3GEN_DRILLS
  6
CONTINUOUS
  2
ROUND_99
 10
28.8290000407880811
 20
-211.5819999592119132
 30
0.0
 41
-25.3999999999999986
 42
25.3999999999999986
 43
25.3999999999999986
 50
270.0
  0
INSERT
  5
1C8D
  8
_G01-IND-3GEN_DRILLS
  6
CONTINUOUS
  2
ROUND_99
 10
-82.0419999592119069
 20
-160.0199999592119013
 30
0.0
 41
-25.3999999999999986
 42
25.3999999999999986
 43
25.3999999999999986
 50
270.0
  0
INSERT
  5
1C8E
  8
_G01-IND-3GEN_DRILLS
  6
CONTINUOUS
  2
ROUND_99
 10
2.1590000407880621
 20
-72.0089999592119767
 30
0.0
 41
-25.3999999999999986
 42
25.3999999999999986
 43
25.3999999999999986
 50
270.0
  0
INSERT
  5
1C8F
  8
_G01-IND-3GEN_DRILLS
  6
CONTINUOUS
  2
ROUND_99
 10
101.8540000407880939
 20
-204.0889999592120034
 30
0.0
 41
-25.3999999999999986
 42
25.3999999999999986
 43
25.3999999999999986
 50
270.0
  0
INSERT
  5
1C90
  8
_G01-IND-3GEN_DRILLS
  6
CONTINUOUS
  2
ROUND_99
 10
-54.2289999592118974
 20
-155.9559999592119084
 30
0.0
 41
-25.3999999999999986
 42
25.3999999999999986
 43
25.3999999999999986
 50
270.0
  0
INSERT
  5
1C91
  8
_G01-IND-3GEN_DRILLS
  6
CONTINUOUS
  2
ROUND_99
 10
-24.1299999592119185
 20
-115.3159999592118936
 30
0.0
 41
-25.3999999999999986
 42
25.3999999999999986
 43
25.3999999999999986
 50
270.0
  0
INSERT
  5
1C92
  8
_G01-IND-3GEN_DRILLS
  6
CONTINUOUS
  2
ROUND_99
 10
-72.5169999592119154
 20
-195.8339999592118943
 30
0.0
 41
-25.3999999999999986
 42
25.3999999999999986
 43
25.3999999999999986
 50
270.0
  0
INSERT
  5
1C93
  8
_G01-IND-3GEN_DRILLS
  6
CONTINUOUS
  2
ROUND_99
 10
-67.3099999592119218
 20
-138.5569999592119927
 30
0.0
 41
-25.3999999999999986
 42
25.3999999999999986
 43
25.3999999999999986
 50
270.0
  0
INSERT
  5
1C94
  8
_G01-IND-3GEN_DRILLS
  6
CONTINUOUS
  2
ROUND_99
 10
-19.0499999592118883
 20
-209.930999959211988
 30
0.0
 41
-25.3999999999999986
 42
25.3999999999999986
 43
25.3999999999999986
 50
270.0
  0
INSERT
  5
1C95
  8
_G01-IND-3GEN_DRILLS
  6
CONTINUOUS
  2
ROUND_99
 10
-31.3689999592119015
 20
-194.1829999592119123
 30
0.0
 41
-25.3999999999999986
 42
25.3999999999999986
 43
25.3999999999999986
 50
270.0
  0
INSERT
  5
1C96
  8
_G01-IND-3GEN_DRILLS
  6
CONTINUOUS
  2
ROUND_99
 10
-37.3379999592119134
 20
-194.0559999592119027
 30
0.0
 41
-25.3999999999999986
 42
25.3999999999999986
 43
25.3999999999999986
 50
270.0
  0
INSERT
  5
1C97
  8
_G01-IND-3GEN_DRILLS
  6
CONTINUOUS
  2
ROUND_99
 10
-41.655999959211897
 20
-154.6859999592118982
 30
0.0
 41
-25.3999999999999986
 42
25.3999999999999986
 43
25.3999999999999986
 50
270.0
  0
INSERT
  5
1C98
  8
_G01-IND-3GEN_DRILLS
  6
CONTINUOUS
  2
ROUND_99
 10
-10.9219999592119503
 20
-35.9409999592119433
 30
0.0
 41
-25.3999999999999986
 42
25.3999999999999986
 43
25.3999999999999986
 50
270.0
  0
INSERT
  5
1C99
  8
_G01-IND-3GEN_DRILLS
  6
CONTINUOUS
  2
ROUND_99
 10
-72.2629999592119248
 20
-126.7459999592119999
 30
0.0
 41
-25.3999999999999986
 42
25.3999999999999986
 43
25.3999999999999986
 50
270.0
  0
INSERT
  5
1C9A
  8
_G01-IND-3GEN_DRILLS
  6
CONTINUOUS
  2
ROUND_99
 10
-16.8909999592119284
 20
-35.9409999592119433
 30
0.0
 41
-25.3999999999999986
 42
25.3999999999999986
 43
25.3999999999999986
 50
270.0
  0
INSERT
  5
1C9B
  8
_G01-IND-3GEN_DRILLS
  6
CONTINUOUS
  2
ROUND_99
 10
-8.8899999592119503
 20
-18.1609999592119493
 30
0.0
 41
-25.3999999999999986
 42
25.3999999999999986
 43
25.3999999999999986
 50
270.0
  0
INSERT
  5
1C9C
  8
_G01-IND-3GEN_DRILLS
  6
CONTINUOUS
  2
ROUND_99
 10
-84.5819999592119132
 20
-111.5059999592119055
 30
0.0
 41
-25.3999999999999986
 42
25.3999999999999986
 43
25.3999999999999986
 50
270.0
  0
INSERT
  5
1C9D
  8
_G01-IND-3GEN_DRILLS
  6
CONTINUOUS
  2
ROUND_99
 10
-39.6239999592119005
 20
-135.5089999592119057
 30
0.0
 41
-25.3999999999999986
 42
25.3999999999999986
 43
25.3999999999999986
 50
270.0
  0
INSERT
  5
1C9E
  8
_G01-IND-3GEN_DRILLS
  6
CONTINUOUS
  2
ROUND_99
 10
-70.9929999592119145
 20
-198.1199999592118957
 30
0.0
 41
-25.3999999999999986
 42
25.3999999999999986
 43
25.3999999999999986
 50
270.0
  0
INSERT
  5
1C9F
  8
_G01-IND-3GEN_DRILLS
  6
CONTINUOUS
  2
ROUND_99
 10
-67.8179999592119032
 20
-114.9349999592120071
 30
0.0
 41
-25.3999999999999986
 42
25.3999999999999986
 43
25.3999999999999986
 50
270.0
  0
INSERT
  5
1CA0
  8
_G01-IND-3GEN_DRILLS
  6
CONTINUOUS
  2
ROUND_99
 10
-58.2929999592119117
 20
-153.0349999592118877
 30
0.0
 41
-25.3999999999999986
 42
25.3999999999999986
 43
25.3999999999999986
 50
270.0
  0
INSERT
  5
1CA1
  8
_G01-IND-3GEN_DRILLS
  6
CONTINUOUS
  2
ROUND_99
 10
-23.1139999592119416
 20
-36.0679999592119103
 30
0.0
 41
-25.3999999999999986
 42
25.3999999999999986
 43
25.3999999999999986
 50
270.0
  0
INSERT
  5
1CA2
  8
_G01-IND-3GEN_DRILLS
  6
CONTINUOUS
  2
ROUND_99
 10
-75.9459999592119175
 20
-104.393999959211996
 30
0.0
 41
-25.3999999999999986
 42
25.3999999999999986
 43
25.3999999999999986
 50
270.0
  0
INSERT
  5
1CA3
  8
_G01-IND-3GEN_DRILLS
  6
CONTINUOUS
  2
ROUND_99
 10
2.9210000407880901
 20
-144.398999959211892
 30
0.0
 41
-25.3999999999999986
 42
25.3999999999999986
 43
25.3999999999999986
 50
270.0
  0
INSERT
  5
1CA4
  8
_G01-IND-3GEN_DRILLS
  6
CONTINUOUS
  2
ROUND_99
 10
-17.5259999592119513
 20
-18.0339999592120712
 30
0.0
 41
-25.3999999999999986
 42
25.3999999999999986
 43
25.3999999999999986
 50
270.0
  0
INSERT
  5
1CA5
  8
_G01-IND-3GEN_DRILLS
  6
CONTINUOUS
  2
ROUND_99
 10
-45.973999959211902
 20
-153.9239999592118977
 30
0.0
 41
-25.3999999999999986
 42
25.3999999999999986
 43
25.3999999999999986
 50
270.0
  0
INSERT
  5
1CA6
  8
_G01-IND-3GEN_DRILLS
  6
CONTINUOUS
  2
ROUND_99
 10
-45.973999959211902
 20
-155.8289999592120125
 30
0.0
 41
-25.3999999999999986
 42
25.3999999999999986
 43
25.3999999999999986
 50
270.0
  0
INSERT
  5
1CA7
  8
_G01-IND-3GEN_DRILLS
  6
CONTINUOUS
  2
ROUND_99
 10
-72.0089999592119057
 20
-136.905999959211897
 30
0.0
 41
-25.3999999999999986
 42
25.3999999999999986
 43
25.3999999999999986
 50
270.0
  0
INSERT
  5
1CA8
  8
_G01-IND-3GEN_DRILLS
  6
CONTINUOUS
  2
ROUND_99
 10
-72.0089999592119057
 20
-135.0009999592118959
 30
0.0
 41
-25.3999999999999986
 42
25.3999999999999986
 43
25.3999999999999986
 50
270.0
  0
INSERT
  5
1CA9
  8
_G01-IND-3GEN_DRILLS
  6
CONTINUOUS
  2
ROUND_99
 10
-54.1019999592119305
 20
-120.1419999592119012
 30
0.0
 41
-25.3999999999999986
 42
25.3999999999999986
 43
25.3999999999999986
 50
270.0
  0
INSERT
  5
1CAA
  8
_G01-IND-3GEN_DRILLS
  6
CONTINUOUS
  2
ROUND_99
 10
-53.2129999592119276
 20
-110.8709999592119004
 30
0.0
 41
-25.3999999999999986
 42
25.3999999999999986
 43
25.3999999999999986
 50
270.0
  0
INSERT
  5
1CAB
  8
_G01-IND-3GEN_DRILLS
  6
CONTINUOUS
  2
ROUND_99
 10
-56.7689999592119179
 20
-126.3649999592119997
 30
0.0
 41
-25.3999999999999986
 42
25.3999999999999986
 43
25.3999999999999986
 50
270.0
  0
INSERT
  5
1CAC
  8
_G01-IND-3GEN_DRILLS
  6
CONTINUOUS
  2
ROUND_99
 10
-49.1489999592119204
 20
-106.8069999592118933
 30
0.0
 41
-25.3999999999999986
 42
25.3999999999999986
 43
25.3999999999999986
 50
270.0
  0
INSERT
  5
1CAD
  8
_G01-IND-3GEN_DRILLS
  6
CONTINUOUS
  2
ROUND_99
 10
-50.0379999592119304
 20
-93.7259999592119755
 30
0.0
 41
-25.3999999999999986
 42
25.3999999999999986
 43
25.3999999999999986
 50
270.0
  0
INSERT
  5
1CAE
  8
_G01-IND-3GEN_DRILLS
  6
CONTINUOUS
  2
ROUND_99
 10
-45.3389999592119111
 20
-145.5419999592118927
 30
0.0
 41
-25.3999999999999986
 42
25.3999999999999986
 43
25.3999999999999986
 50
270.0
  0
INSERT
  5
1CAF
  8
_G01-IND-3GEN_DRILLS
  6
CONTINUOUS
  2
ROUND_99
 10
-46.8629999592118978
 20
-136.7789999592120012
 30
0.0
 41
-25.3999999999999986
 42
25.3999999999999986
 43
25.3999999999999986
 50
270.0
  0
INSERT
  5
1CB0
  8
_G01-IND-3GEN_DRILLS
  6
CONTINUOUS
  2
ROUND_99
 10
-69.9769999592118808
 20
-179.1969999592118938
 30
0.0
 41
-25.3999999999999986
 42
25.3999999999999986
 43
25.3999999999999986
 50
270.0
  0
INSERT
  5
1CB1
  8
_G01-IND-3GEN_DRILLS
  6
CONTINUOUS
  2
ROUND_99
 10
-72.2629999592119248
 20
-112.9029999592118969
 30
0.0
 41
-25.3999999999999986
 42
25.3999999999999986
 43
25.3999999999999986
 50
270.0
  0
INSERT
  5
1CB2
  8
_G01-IND-3GEN_DRILLS
  6
CONTINUOUS
  2
ROUND_99
 10
-44.0689999592119221
 20
-141.8589999592120137
 30
0.0
 41
-25.3999999999999986
 42
25.3999999999999986
 43
25.3999999999999986
 50
270.0
  0
INSERT
  5
1CB3
  8
_G01-IND-3GEN_DRILLS
  6
CONTINUOUS
  2
ROUND_99
 10
-65.531999959211916
 20
-142.3669999592119098
 30
0.0
 41
-25.3999999999999986
 42
25.3999999999999986
 43
25.3999999999999986
 50
270.0
  0
INSERT
  5
1CB4
  8
_G01-IND-3GEN_DRILLS
  6
CONTINUOUS
  2
ROUND_99
 10
-62.4839999592118929
 20
-162.4329999592119123
 30
0.0
 41
-25.3999999999999986
 42
25.3999999999999986
 43
25.3999999999999986
 50
270.0
  0
INSERT
  5
1CB5
  8
_G01-IND-3GEN_DRILLS
  6
CONTINUOUS
  2
ROUND_99
 10
-56.514999959211913
 20
-151.3839999592119057
 30
0.0
 41
-25.3999999999999986
 42
25.3999999999999986
 43
25.3999999999999986
 50
270.0
  0
INSERT
  5
1CB6
  8
_G01-IND-3GEN_DRILLS
  6
CONTINUOUS
  2
ROUND_99
 10
-40.8939999592119108
 20
-141.8589999592120137
 30
0.0
 41
-25.3999999999999986
 42
25.3999999999999986
 43
25.3999999999999986
 50
270.0
  0
INSERT
  5
1CB7
  8
_G01-IND-3GEN_DRILLS
  6
CONTINUOUS
  2
ROUND_99
 10
-3.4289999592119091
 20
-129.9209999592119971
 30
0.0
 41
-25.3999999999999986
 42
25.3999999999999986
 43
25.3999999999999986
 50
270.0
  0
INSERT
  5
1CB8
  8
_G01-IND-3GEN_DRILLS
  6
CONTINUOUS
  2
ROUND_99
 10
-3.4289999592119091
 20
-133.476999959211895
 30
0.0
 41
-25.3999999999999986
 42
25.3999999999999986
 43
25.3999999999999986
 50
270.0
  0
INSERT
  5
1CB9
  8
_G01-IND-3GEN_DRILLS
  6
CONTINUOUS
  2
ROUND_99
 10
-3.4289999592119091
 20
-135.2549999592118866
 30
0.0
 41
-25.3999999999999986
 42
25.3999999999999986
 43
25.3999999999999986
 50
270.0
  0
INSERT
  5
1CBA
  8
_G01-IND-3GEN_DRILLS
  6
CONTINUOUS
  2
ROUND_99
 10
-3.4289999592119091
 20
-137.0329999592119066
 30
0.0
 41
-25.3999999999999986
 42
25.3999999999999986
 43
25.3999999999999986
 50
270.0
  0
INSERT
  5
1CBB
  8
_G01-IND-3GEN_DRILLS
  6
CONTINUOUS
  2
ROUND_99
 10
-3.4289999592119091
 20
-138.8109999592118982
 30
0.0
 41
-25.3999999999999986
 42
25.3999999999999986
 43
25.3999999999999986
 50
270.0
  0
INSERT
  5
1CBC
  8
_G01-IND-3GEN_DRILLS
  6
CONTINUOUS
  2
ROUND_99
 10
-3.4289999592119091
 20
-140.5889999592118897
 30
0.0
 41
-25.3999999999999986
 42
25.3999999999999986
 43
25.3999999999999986
 50
270.0
  0
INSERT
  5
1CBD
  8
_G01-IND-3GEN_DRILLS
  6
CONTINUOUS
  2
ROUND_99
 10
-3.4289999592119091
 20
-131.6989999592119034
 30
0.0
 41
-25.3999999999999986
 42
25.3999999999999986
 43
25.3999999999999986
 50
270.0
  0
INSERT
  5
1CBE
  8
_G01-IND-3GEN_DRILLS
  6
CONTINUOUS
  2
ROUND_99
 10
-3.4289999592119091
 20
-142.3669999592119098
 30
0.0
 41
-25.3999999999999986
 42
25.3999999999999986
 43
25.3999999999999986
 50
270.0
  0
INSERT
  5
1CBF
  8
_G01-IND-3GEN_DRILLS
  6
CONTINUOUS
  2
ROUND_99
 10
-44.1959999592119104
 20
-59.4359999592119621
 30
0.0
 41
-25.3999999999999986
 42
25.3999999999999986
 43
25.3999999999999986
 50
270.0
  0
INSERT
  5
1CC0
  8
_G01-IND-3GEN_DRILLS
  6
CONTINUOUS
  2
ROUND_99
 10
-71.1199999592119099
 20
-148.3359999592119038
 30
0.0
 41
-25.3999999999999986
 42
25.3999999999999986
 43
25.3999999999999986
 50
270.0
  0
INSERT
  5
1CC1
  8
_G01-IND-3GEN_DRILLS
  6
CONTINUOUS
  2
ROUND_99
 10
-22.224999959211889
 20
-198.5009999592118959
 30
0.0
 41
-25.3999999999999986
 42
25.3999999999999986
 43
25.3999999999999986
 50
270.0
  0
INSERT
  5
1CC2
  8
_G01-IND-3GEN_DRILLS
  6
CONTINUOUS
  2
ROUND_99
 10
-22.224999959211889
 20
-196.5959999592118947
 30
0.0
 41
-25.3999999999999986
 42
25.3999999999999986
 43
25.3999999999999986
 50
270.0
  0
INSERT
  5
1CC3
  8
_G01-IND-3GEN_DRILLS
  6
CONTINUOUS
  2
ROUND_99
 10
-58.2929999592119117
 20
-154.8129999592119077
 30
0.0
 41
-25.3999999999999986
 42
25.3999999999999986
 43
25.3999999999999986
 50
270.0
  0
INSERT
  5
1CC4
  8
_G01-IND-3GEN_DRILLS
  6
CONTINUOUS
  2
ROUND_99
 10
-37.5919999592119112
 20
-141.8589999592120137
 30
0.0
 41
-25.3999999999999986
 42
25.3999999999999986
 43
25.3999999999999986
 50
270.0
  0
INSERT
  5
1CC5
  8
_G01-IND-3GEN_DRILLS
  6
CONTINUOUS
  2
ROUND_99
 10
-45.973999959211902
 20
-148.5899999592120082
 30
0.0
 41
-25.3999999999999986
 42
25.3999999999999986
 43
25.3999999999999986
 50
270.0
  0
INSERT
  5
1CC6
  8
_G01-IND-3GEN_DRILLS
  6
CONTINUOUS
  2
ROUND_99
 10
-56.514999959211913
 20
-153.5429999592120112
 30
0.0
 41
-25.3999999999999986
 42
25.3999999999999986
 43
25.3999999999999986
 50
270.0
  0
INSERT
  5
1CC7
  8
_G01-IND-3GEN_DRILLS
  6
CONTINUOUS
  2
ROUND_99
 10
-45.973999959211902
 20
-150.3679999592118861
 30
0.0
 41
-25.3999999999999986
 42
25.3999999999999986
 43
25.3999999999999986
 50
270.0
  0
INSERT
  5
1CC8
  8
_G01-IND-3GEN_DRILLS
  6
CONTINUOUS
  2
ROUND_99
 10
-56.514999959211913
 20
-147.8279999592118941
 30
0.0
 41
-25.3999999999999986
 42
25.3999999999999986
 43
25.3999999999999986
 50
270.0
  0
INSERT
  5
1CC9
  8
_G01-IND-3GEN_DRILLS
  6
CONTINUOUS
  2
ROUND_99
 10
-56.514999959211913
 20
-187.7059999592119937
 30
0.0
 41
-25.3999999999999986
 42
25.3999999999999986
 43
25.3999999999999986
 50
270.0
  0
INSERT
  5
1CCA
  8
_G01-IND-3GEN_DRILLS
  6
CONTINUOUS
  2
ROUND_99
 10
-28.1939999592119186
 20
-117.4749999592118996
 30
0.0
 41
-25.3999999999999986
 42
25.3999999999999986
 43
25.3999999999999986
 50
270.0
  0
INSERT
  5
1CCB
  8
_G01-IND-3GEN_DRILLS
  6
CONTINUOUS
  2
ROUND_99
 10
-60.1979999592118915
 20
-187.7059999592119937
 30
0.0
 41
-25.3999999999999986
 42
25.3999999999999986
 43
25.3999999999999986
 50
270.0
  0
INSERT
  5
1CCC
  8
_G01-IND-3GEN_DRILLS
  6
CONTINUOUS
  2
ROUND_99
 10
-81.2799999592119065
 20
-111.1249999592119053
 30
0.0
 41
-25.3999999999999986
 42
25.3999999999999986
 43
25.3999999999999986
 50
270.0
  0
INSERT
  5
1CCD
  8
_G01-IND-3GEN_DRILLS
  6
CONTINUOUS
  2
ROUND_99
 10
-25.5269999592119312
 20
-125.2219999592118995
 30
0.0
 41
-25.3999999999999986
 42
25.3999999999999986
 43
25.3999999999999986
 50
270.0
  0
INSERT
  5
1CCE
  8
_G01-IND-3GEN_DRILLS
  6
CONTINUOUS
  2
ROUND_99
 10
-51.1809999592119169
 20
-126.6189999592119051
 30
0.0
 41
-25.3999999999999986
 42
25.3999999999999986
 43
25.3999999999999986
 50
270.0
  0
INSERT
  5
1CCF
  8
_G01-IND-3GEN_DRILLS
  6
CONTINUOUS
  2
ROUND_99
 10
-37.3379999592119134
 20
-143.255999959212005
 30
0.0
 41
-25.3999999999999986
 42
25.3999999999999986
 43
25.3999999999999986
 50
270.0
  0
INSERT
  5
1CD0
  8
_G01-IND-3GEN_DRILLS
  6
CONTINUOUS
  2
ROUND_99
 10
-16.5099999592119389
 20
-18.0339999592120712
 30
0.0
 41
-25.3999999999999986
 42
25.3999999999999986
 43
25.3999999999999986
 50
270.0
  0
INSERT
  5
1CD1
  8
_G01-IND-3GEN_DRILLS
  6
CONTINUOUS
  2
ROUND_99
 10
-45.973999959211902
 20
-151.891999959211887
 30
0.0
 41
-25.3999999999999986
 42
25.3999999999999986
 43
25.3999999999999986
 50
270.0
  0
INSERT
  5
1CD2
  8
_G01-IND-3GEN_DRILLS
  6
CONTINUOUS
  2
ROUND_99
 10
-59.3089999592119028
 20
-124.4599999592119985
 30
0.0
 41
-25.3999999999999986
 42
25.3999999999999986
 43
25.3999999999999986
 50
270.0
  0
INSERT
  5
1CD3
  8
_G01-IND-3GEN_DRILLS
  6
CONTINUOUS
  2
ROUND_99
 10
-48.6409999592119107
 20
-157.9879999592120043
 30
0.0
 41
-25.3999999999999986
 42
25.3999999999999986
 43
25.3999999999999986
 50
270.0
  0
INSERT
  5
1CD4
  8
_G01-IND-3GEN_DRILLS
  6
CONTINUOUS
  2
ROUND_99
 10
-54.6099999592119119
 20
-154.5589999592120023
 30
0.0
 41
-25.3999999999999986
 42
25.3999999999999986
 43
25.3999999999999986
 50
270.0
  0
INSERT
  5
1CD5
  8
_G01-IND-3GEN_DRILLS
  6
CONTINUOUS
  2
ROUND_99
 10
-72.5169999592119154
 20
-191.6429999592120055
 30
0.0
 41
-25.3999999999999986
 42
25.3999999999999986
 43
25.3999999999999986
 50
270.0
  0
INSERT
  5
1CD6
  8
_G01-IND-3GEN_DRILLS
  6
CONTINUOUS
  2
ROUND_99
 10
-41.655999959211897
 20
-158.62299995921191
 30
0.0
 41
-25.3999999999999986
 42
25.3999999999999986
 43
25.3999999999999986
 50
270.0
  0
INSERT
  5
1CD7
  8
_G01-IND-3GEN_DRILLS
  6
CONTINUOUS
  2
ROUND_99
 10
-23.7489999592119005
 20
-190.6269999592119007
 30
0.0
 41
-25.3999999999999986
 42
25.3999999999999986
 43
25.3999999999999986
 50
270.0
  0
INSERT
  5
1CD8
  8
_G01-IND-3GEN_DRILLS
  6
CONTINUOUS
  2
ROUND_99
 10
-54.1019999592119092
 20
-158.2419999592119098
 30
0.0
 41
-25.3999999999999986
 42
25.3999999999999986
 43
25.3999999999999986
 50
270.0
  0
INSERT
  5
1CD9
  8
_G01-IND-3GEN_DRILLS
  6
CONTINUOUS
  2
ROUND_99
 10
-53.9749999592119067
 20
-186.3089999592118886
 30
0.0
 41
-25.3999999999999986
 42
25.3999999999999986
 43
25.3999999999999986
 50
270.0
  0
INSERT
  5
1CDA
  8
_G01-IND-3GEN_DRILLS
  6
CONTINUOUS
  2
ROUND_99
 10
-54.9909999592118908
 20
-175.1329999592119009
 30
0.0
 41
-25.3999999999999986
 42
25.3999999999999986
 43
25.3999999999999986
 50
270.0
  0
INSERT
  5
1CDB
  8
_G01-IND-3GEN_DRILLS
  6
CONTINUOUS
  2
ROUND_99
 10
-59.4359999592118982
 20
-122.4279999592119026
 30
0.0
 41
-25.3999999999999986
 42
25.3999999999999986
 43
25.3999999999999986
 50
270.0
  0
INSERT
  5
1CDC
  8
_G01-IND-3GEN_DRILLS
  6
CONTINUOUS
  2
ROUND_99
 10
-44.4499999592119082
 20
-158.8769999592119007
 30
0.0
 41
-25.3999999999999986
 42
25.3999999999999986
 43
25.3999999999999986
 50
270.0
  0
INSERT
  5
1CDD
  8
_G01-IND-3GEN_DRILLS
  6
CONTINUOUS
  2
ROUND_99
 10
-36.0679999592119103
 20
-159.0039999592119955
 30
0.0
 41
-25.3999999999999986
 42
25.3999999999999986
 43
25.3999999999999986
 50
270.0
  0
INSERT
  5
1CDE
  8
_G01-IND-3GEN_DRILLS
  6
CONTINUOUS
  2
ROUND_99
 10
-59.6899999592119102
 20
-156.5909999592118993
 30
0.0
 41
-25.3999999999999986
 42
25.3999999999999986
 43
25.3999999999999986
 50
270.0
  0
INSERT
  5
1CDF
  8
_G01-IND-3GEN_DRILLS
  6
CONTINUOUS
  2
ROUND_99
 10
-58.2929999592119117
 20
-146.3039999592118932
 30
0.0
 41
-25.3999999999999986
 42
25.3999999999999986
 43
25.3999999999999986
 50
270.0
  0
INSERT
  5
1CE0
  8
_G01-IND-3GEN_DRILLS
  6
CONTINUOUS
  2
ROUND_99
 10
-46.9899999592119002
 20
-182.6259999592118959
 30
0.0
 41
-25.3999999999999986
 42
25.3999999999999986
 43
25.3999999999999986
 50
270.0
  0
INSERT
  5
1CE1
  8
_G01-IND-3GEN_DRILLS
  6
CONTINUOUS
  2
ROUND_99
 10
-38.9889999592119167
 20
-158.8769999592119007
 30
0.0
 41
-25.3999999999999986
 42
25.3999999999999986
 43
25.3999999999999986
 50
270.0
  0
INSERT
  5
1CE2
  8
_G01-IND-3GEN_DRILLS
  6
CONTINUOUS
  2
ROUND_99
 10
-17.7799999592118887
 20
-179.3239999592119034
 30
0.0
 41
-25.3999999999999986
 42
25.3999999999999986
 43
25.3999999999999986
 50
270.0
  0
INSERT
  5
1CE3
  8
_G01-IND-3GEN_DRILLS
  6
CONTINUOUS
  2
ROUND_99
 10
-44.4499999592119082
 20
-182.6259999592118959
 30
0.0
 41
-25.3999999999999986
 42
25.3999999999999986
 43
25.3999999999999986
 50
270.0
  0
INSERT
  5
1CE4
  8
_G01-IND-3GEN_DRILLS
  6
CONTINUOUS
  2
ROUND_99
 10
-40.5129999592119034
 20
-182.6259999592118959
 30
0.0
 41
-25.3999999999999986
 42
25.3999999999999986
 43
25.3999999999999986
 50
270.0
  0
INSERT
  5
1CE5
  8
_G01-IND-3GEN_DRILLS
  6
CONTINUOUS
  2
ROUND_99
 10
-35.3059999592119027
 20
-138.0489999592118977
 30
0.0
 41
-25.3999999999999986
 42
25.3999999999999986
 43
25.3999999999999986
 50
270.0
  0
INSERT
  5
1CE6
  8
_G01-IND-3GEN_DRILLS
  6
CONTINUOUS
  2
ROUND_99
 10
-54.2289999592118974
 20
-144.398999959211892
 30
0.0
 41
-25.3999999999999986
 42
25.3999999999999986
 43
25.3999999999999986
 50
270.0
  0
INSERT
  5
1CE7
  8
_G01-IND-3GEN_DRILLS
  6
CONTINUOUS
  2
ROUND_99
 10
-29.8449999592119113
 20
-170.1799999592118979
 30
0.0
 41
-25.3999999999999986
 42
25.3999999999999986
 43
25.3999999999999986
 50
270.0
  0
INSERT
  5
1CE8
  8
_G01-IND-3GEN_DRILLS
  6
CONTINUOUS
  2
ROUND_99
 10
-45.973999959211902
 20
-170.1799999592118979
 30
0.0
 41
-25.3999999999999986
 42
25.3999999999999986
 43
25.3999999999999986
 50
270.0
  0
INSERT
  5
1CE9
  8
_G01-IND-3GEN_DRILLS
  6
CONTINUOUS
  2
ROUND_99
 10
-46.9899999592119002
 20
-141.8589999592120137
 30
0.0
 41
-25.3999999999999986
 42
25.3999999999999986
 43
25.3999999999999986
 50
270.0
  0
INSERT
  5
1CEA
  8
_G01-IND-3GEN_DRILLS
  6
CONTINUOUS
  2
ROUND_99
 10
-28.320999959211921
 20
-150.748999959212
 30
0.0
 41
-25.3999999999999986
 42
25.3999999999999986
 43
25.3999999999999986
 50
270.0
  0
INSERT
  5
1CEB
  8
_G01-IND-3GEN_DRILLS
  6
CONTINUOUS
  2
ROUND_99
 10
-28.320999959211921
 20
-156.84499995921189
 30
0.0
 41
-25.3999999999999986
 42
25.3999999999999986
 43
25.3999999999999986
 50
270.0
  0
INSERT
  5
1CEC
  8
_G01-IND-3GEN_DRILLS
  6
CONTINUOUS
  2
ROUND_99
 10
-58.8009999592119001
 20
-175.0059999592118913
 30
0.0
 41
-25.3999999999999986
 42
25.3999999999999986
 43
25.3999999999999986
 50
270.0
  0
INSERT
  5
1CED
  8
_G01-IND-3GEN_DRILLS
  6
CONTINUOUS
  2
ROUND_99
 10
-28.1939999592119186
 20
-144.9069999592119018
 30
0.0
 41
-25.3999999999999986
 42
25.3999999999999986
 43
25.3999999999999986
 50
270.0
  0
INSERT
  5
1CEE
  8
_G01-IND-3GEN_DRILLS
  6
CONTINUOUS
  2
ROUND_99
 10
-73.7869999592119115
 20
-127.7619999592120053
 30
0.0
 41
-25.3999999999999986
 42
25.3999999999999986
 43
25.3999999999999986
 50
270.0
  0
INSERT
  5
1CEF
  8
_G01-IND-3GEN_DRILLS
  6
CONTINUOUS
  2
ROUND_99
 10
-41.9099999592119232
 20
-170.1799999592118979
 30
0.0
 41
-25.3999999999999986
 42
25.3999999999999986
 43
25.3999999999999986
 50
270.0
  0
INSERT
  5
1CF0
  8
_G01-IND-3GEN_DRILLS
  6
CONTINUOUS
  2
ROUND_99
 10
60.1980000407881093
 20
-127.1269999592119007
 30
0.0
 41
-25.3999999999999986
 42
25.3999999999999986
 43
25.3999999999999986
 50
270.0
  0
INSERT
  5
1CF1
  8
_G01-IND-3GEN_DRILLS
  6
CONTINUOUS
  2
ROUND_99
 10
-1.904999959211896
 20
-145.9229999592120066
 30
0.0
 41
-25.3999999999999986
 42
25.3999999999999986
 43
25.3999999999999986
 50
270.0
  0
INSERT
  5
1CF2
  8
_G01-IND-3GEN_DRILLS
  6
CONTINUOUS
  2
ROUND_99
 10
-2.7304999592119121
 20
-145.9229999592120066
 30
0.0
 41
-25.3999999999999986
 42
25.3999999999999986
 43
25.3999999999999986
 50
270.0
  0
INSERT
  5
1CF3
  8
_G01-IND-3GEN_DRILLS
  6
CONTINUOUS
  2
ROUND_99
 10
-58.2929999592119117
 20
-150.3679999592119998
 30
0.0
 41
-25.3999999999999986
 42
25.3999999999999986
 43
25.3999999999999986
 50
270.0
  0
INSERT
  5
1CF4
  8
_G01-IND-3GEN_DRILLS
  6
CONTINUOUS
  2
ROUND_99
 10
-71.1199999592119099
 20
-150.1139999592118954
 30
0.0
 41
-25.3999999999999986
 42
25.3999999999999986
 43
25.3999999999999986
 50
270.0
  0
INSERT
  5
1CF5
  8
_G01-IND-3GEN_DRILLS
  6
CONTINUOUS
  2
ROUND_99
 10
-16.0019999592119291
 20
-165.7349999592119048
 30
0.0
 41
-25.3999999999999986
 42
25.3999999999999986
 43
25.3999999999999986
 50
270.0
  0
INSERT
  5
1CF6
  8
_G01-IND-3GEN_DRILLS
  6
CONTINUOUS
  2
ROUND_99
 10
-16.0019999592119113
 20
-184.1499999592118968
 30
0.0
 41
-25.3999999999999986
 42
25.3999999999999986
 43
25.3999999999999986
 50
270.0
  0
INSERT
  5
1CF7
  8
_G01-IND-3GEN_DRILLS
  6
CONTINUOUS
  2
ROUND_99
 10
108.0770000407879934
 20
-157.8609999592119095
 30
0.0
 41
-25.3999999999999986
 42
25.3999999999999986
 43
25.3999999999999986
 50
270.0
  0
INSERT
  5
1CF8
  8
_G01-IND-3GEN_DRILLS
  6
CONTINUOUS
  2
ROUND_99
 10
-85.9789999592119045
 20
-138.1759999592119925
 30
0.0
 41
-25.3999999999999986
 42
25.3999999999999986
 43
25.3999999999999986
 50
270.0
  0
INSERT
  5
1CF9
  8
_G01-IND-3GEN_DRILLS
  6
CONTINUOUS
  2
ROUND_99
 10
-85.9789999592119045
 20
-164.5919999592119041
 30
0.0
 41
-25.3999999999999986
 42
25.3999999999999986
 43
25.3999999999999986
 50
270.0
  0
INSERT
  5
1CFA
  8
_G01-IND-3GEN_DRILLS
  6
CONTINUOUS
  2
ROUND_99
 10
-100.6855999592118991
 20
-210.7056999592120121
 30
0.0
 41
-25.3999999999999986
 42
25.3999999999999986
 43
25.3999999999999986
 50
270.0
  0
INSERT
  5
1CFB
  8
_G01-IND-3GEN_DRILLS
  6
CONTINUOUS
  2
ROUND_99
 10
-40.3859999592119294
 20
-73.1519999592119348
 30
0.0
 41
-25.3999999999999986
 42
25.3999999999999986
 43
25.3999999999999986
 50
270.0
  0
INSERT
  5
1CFC
  8
_G01-IND-3GEN_DRILLS
  6
CONTINUOUS
  2
ROUND_99
 10
-52.0699999592119269
 20
-74.1679999592119117
 30
0.0
 41
-25.3999999999999986
 42
25.3999999999999986
 43
25.3999999999999986
 50
270.0
  0
INSERT
  5
1CFD
  8
_G01-IND-3GEN_DRILLS
  6
CONTINUOUS
  2
ROUND_99
 10
-52.5779999592119225
 20
-81.5339999592119824
 30
0.0
 41
-25.3999999999999986
 42
25.3999999999999986
 43
25.3999999999999986
 50
270.0
  0
INSERT
  5
1CFE
  8
_G01-IND-3GEN_DRILLS
  6
CONTINUOUS
  2
ROUND_99
 10
-51.307999959211898
 20
-89.7889999592119636
 30
0.0
 41
-25.3999999999999986
 42
25.3999999999999986
 43
25.3999999999999986
 50
270.0
  0
INSERT
  5
1CFF
  8
_G01-IND-3GEN_DRILLS
  6
CONTINUOUS
  2
ROUND_99
 10
-57.6579999592119208
 20
-72.1359999592119578
 30
0.0
 41
-25.3999999999999986
 42
25.3999999999999986
 43
25.3999999999999986
 50
270.0
  0
INSERT
  5
1D00
  8
_G01-IND-3GEN_DRILLS
  6
CONTINUOUS
  2
ROUND_99
 10
-57.6579999592118995
 20
-86.6139999592119523
 30
0.0
 41
-25.3999999999999986
 42
25.3999999999999986
 43
25.3999999999999986
 50
270.0
  0
INSERT
  5
1D01
  8
_G01-IND-3GEN_DRILLS
  6
CONTINUOUS
  2
ROUND_99
 10
-68.5799999592119178
 20
-111.1249999592119053
 30
0.0
 41
-25.3999999999999986
 42
25.3999999999999986
 43
25.3999999999999986
 50
270.0
  0
INSERT
  5
1D02
  8
_G01-IND-3GEN_DRILLS
  6
CONTINUOUS
  2
ROUND_99
 10
-72.3899999592119059
 20
-111.1249999592119053
 30
0.0
 41
-25.3999999999999986
 42
25.3999999999999986
 43
25.3999999999999986
 50
270.0
  0
INSERT
  5
1D03
  8
_G01-IND-3GEN_DRILLS
  6
CONTINUOUS
  2
ROUND_99
 10
-85.5979999592119185
 20
-113.6649999592118974
 30
0.0
 41
-25.3999999999999986
 42
25.3999999999999986
 43
25.3999999999999986
 50
270.0
  0
INSERT
  5
1D04
  8
_G01-IND-3GEN_DRILLS
  6
CONTINUOUS
  2
ROUND_99
 10
-75.0569999592118933
 20
-195.5799999592119036
 30
0.0
 41
-25.3999999999999986
 42
25.3999999999999986
 43
25.3999999999999986
 50
270.0
  0
INSERT
  5
1D05
  8
_G01-IND-3GEN_DRILLS
  6
CONTINUOUS
  2
ROUND_99
 10
-74.0409999592118879
 20
-195.5799999592119036
 30
0.0
 41
-25.3999999999999986
 42
25.3999999999999986
 43
25.3999999999999986
 50
270.0
  0
INSERT
  5
1D06
  8
_G01-IND-3GEN_DRILLS
  6
CONTINUOUS
  2
ROUND_99
 10
-70.6119999592119001
 20
-185.1659999592118879
 30
0.0
 41
-25.3999999999999986
 42
25.3999999999999986
 43
25.3999999999999986
 50
270.0
  0
INSERT
  5
1D07
  8
_G01-IND-3GEN_DRILLS
  6
CONTINUOUS
  2
ROUND_99
 10
-70.7389999592119096
 20
-176.7839999592119113
 30
0.0
 41
-25.3999999999999986
 42
25.3999999999999986
 43
25.3999999999999986
 50
270.0
  0
INSERT
  5
1D08
  8
_G01-IND-3GEN_DRILLS
  6
CONTINUOUS
  2
ROUND_99
 10
-51.6889999592119125
 20
-101.3459999592118947
 30
0.0
 41
-25.3999999999999986
 42
25.3999999999999986
 43
25.3999999999999986
 50
270.0
  0
INSERT
  5
1D09
  8
_G01-IND-3GEN_DRILLS
  6
CONTINUOUS
  2
ROUND_99
 10
-67.6909999592119078
 20
-105.4099999592120014
 30
0.0
 41
-25.3999999999999986
 42
25.3999999999999986
 43
25.3999999999999986
 50
270.0
  0
INSERT
  5
1D0A
  8
_G01-IND-3GEN_DRILLS
  6
CONTINUOUS
  2
ROUND_99
 10
-35.0519999592119404
 20
-72.1359999592119578
 30
0.0
 41
-25.3999999999999986
 42
25.3999999999999986
 43
25.3999999999999986
 50
270.0
  0
INSERT
  5
1D0B
  8
_G01-IND-3GEN_DRILLS
  6
CONTINUOUS
  2
ROUND_99
 10
-35.940999959211922
 20
-86.1059999592119567
 30
0.0
 41
-25.3999999999999986
 42
25.3999999999999986
 43
25.3999999999999986
 50
270.0
  0
INSERT
  5
1D0C
  8
_G01-IND-3GEN_DRILLS
  6
CONTINUOUS
  2
ROUND_99
 10
-35.940999959211922
 20
-108.3309999592118942
 30
0.0
 41
-25.3999999999999986
 42
25.3999999999999986
 43
25.3999999999999986
 50
270.0
  0
INSERT
  5
1D0D
  8
_G01-IND-3GEN_DRILLS
  6
CONTINUOUS
  2
ROUND_99
 10
-26.288999959211921
 20
-85.2169999592119609
 30
0.0
 41
-25.3999999999999986
 42
25.3999999999999986
 43
25.3999999999999986
 50
270.0
  0
INSERT
  5
1D0E
  8
_G01-IND-3GEN_DRILLS
  6
CONTINUOUS
  2
ROUND_99
 10
-20.4469999592119009
 20
-92.0749999592119366
 30
0.0
 41
-25.3999999999999986
 42
25.3999999999999986
 43
25.3999999999999986
 50
270.0
  0
INSERT
  5
1D0F
  8
_G01-IND-3GEN_DRILLS
  6
CONTINUOUS
  2
ROUND_99
 10
-8.1279999592119214
 20
-92.0749999592119366
 30
0.0
 41
-25.3999999999999986
 42
25.3999999999999986
 43
25.3999999999999986
 50
270.0
  0
INSERT
  5
1D10
  8
_G01-IND-3GEN_DRILLS
  6
CONTINUOUS
  2
ROUND_99
 10
-8.6359999592119099
 20
-98.0439999592119449
 30
0.0
 41
-25.3999999999999986
 42
25.3999999999999986
 43
25.3999999999999986
 50
270.0
  0
INSERT
  5
1D11
  8
_G01-IND-3GEN_DRILLS
  6
CONTINUOUS
  2
ROUND_99
 10
83.8200000407880594
 20
-180.7209999592118947
 30
0.0
 41
-25.3999999999999986
 42
25.3999999999999986
 43
25.3999999999999986
 50
270.0
  0
INSERT
  5
1D12
  8
_G01-IND-3GEN_DRILLS
  6
CONTINUOUS
  2
ROUND_99
 10
85.2170000407880508
 20
-180.7209999592118947
 30
0.0
 41
-25.3999999999999986
 42
25.3999999999999986
 43
25.3999999999999986
 50
270.0
  0
INSERT
  5
1D13
  8
_G01-IND-3GEN_DRILLS
  6
CONTINUOUS
  2
ROUND_99
 10
79.1210000407880756
 20
-196.976999959211895
 30
0.0
 41
-25.3999999999999986
 42
25.3999999999999986
 43
25.3999999999999986
 50
270.0
  0
INSERT
  5
1D14
  8
_G01-IND-3GEN_DRILLS
  6
CONTINUOUS
  2
ROUND_99
 10
-3.8099999592119231
 20
-204.4699999592120037
 30
0.0
 41
-25.3999999999999986
 42
25.3999999999999986
 43
25.3999999999999986
 50
270.0
  0
INSERT
  5
1D15
  8
_G01-IND-3GEN_DRILLS
  6
CONTINUOUS
  2
ROUND_99
 10
78.994000040788066
 20
-213.740999959211905
 30
0.0
 41
-25.3999999999999986
 42
25.3999999999999986
 43
25.3999999999999986
 50
270.0
  0
INSERT
  5
1D16
  8
_G01-IND-3GEN_DRILLS
  6
CONTINUOUS
  2
ROUND_99
 10
71.1200000407880992
 20
-214.6299999592120002
 30
0.0
 41
-25.3999999999999986
 42
25.3999999999999986
 43
25.3999999999999986
 50
270.0
  0
INSERT
  5
1D17
  8
_G01-IND-3GEN_DRILLS
  6
CONTINUOUS
  2
ROUND_99
 10
55.3720000407880732
 20
-213.740999959211905
 30
0.0
 41
-25.3999999999999986
 42
25.3999999999999986
 43
25.3999999999999986
 50
270.0
  0
INSERT
  5
1D18
  8
_G01-IND-3GEN_DRILLS
  6
CONTINUOUS
  2
ROUND_99
 10
88.5190000407881143
 20
-199.8979999592118872
 30
0.0
 41
-25.3999999999999986
 42
25.3999999999999986
 43
25.3999999999999986
 50
270.0
  0
INSERT
  5
1D19
  8
_G01-IND-3GEN_DRILLS
  6
CONTINUOUS
  2
ROUND_99
 10
72.2630000407880999
 20
-211.3279999592120078
 30
0.0
 41
-25.3999999999999986
 42
25.3999999999999986
 43
25.3999999999999986
 50
270.0
  0
INSERT
  5
1D1A
  8
_G01-IND-3GEN_DRILLS
  6
CONTINUOUS
  2
ROUND_99
 10
-85.9789999592119045
 20
-159.130999959212005
 30
0.0
 41
-25.3999999999999986
 42
25.3999999999999986
 43
25.3999999999999986
 50
270.0
  0
INSERT
  5
1D1B
  8
_G01-IND-3GEN_DRILLS
  6
CONTINUOUS
  2
ROUND_99
 10
-85.9789999592119045
 20
-99.4409999592120215
 30
0.0
 41
-25.3999999999999986
 42
25.3999999999999986
 43
25.3999999999999986
 50
270.0
  0
INSERT
  5
1D1C
  8
_G01-IND-3GEN_DRILLS
  6
CONTINUOUS
  2
ROUND_99
 10
89.5350000407881055
 20
-214.1219999592119052
 30
0.0
 41
-25.3999999999999986
 42
25.3999999999999986
 43
25.3999999999999986
 50
270.0
  0
INSERT
  5
1D1D
  8
_G01-IND-3GEN_DRILLS
  6
CONTINUOUS
  2
ROUND_99
 10
14.4780000407880909
 20
-216.280999959211897
 30
0.0
 41
-25.3999999999999986
 42
25.3999999999999986
 43
25.3999999999999986
 50
270.0
  0
INSERT
  5
1D1E
  8
_G01-IND-3GEN_DRILLS
  6
CONTINUOUS
  2
ROUND_99
 10
-3.174999959211914
 20
-207.2639999592119011
 30
0.0
 41
-25.3999999999999986
 42
25.3999999999999986
 43
25.3999999999999986
 50
270.0
  0
INSERT
  5
1D1F
  8
_G01-IND-3GEN_DRILLS
  6
CONTINUOUS
  2
ROUND_99
 10
-67.1829999592118838
 20
-188.5949999592120037
 30
0.0
 41
-25.3999999999999986
 42
25.3999999999999986
 43
25.3999999999999986
 50
270.0
  0
INSERT
  5
1D20
  8
_G01-IND-3GEN_DRILLS
  6
CONTINUOUS
  2
ROUND_99
 10
-71.2469999592119052
 20
-182.1179999592119998
 30
0.0
 41
-25.3999999999999986
 42
25.3999999999999986
 43
25.3999999999999986
 50
270.0
  0
INSERT
  5
1D21
  8
_G01-IND-3GEN_DRILLS
  6
CONTINUOUS
  2
ROUND_99
 10
-72.3899999592119059
 20
-118.490999959211905
 30
0.0
 41
-25.3999999999999986
 42
25.3999999999999986
 43
25.3999999999999986
 50
270.0
  0
INSERT
  5
1D22
  8
_G01-IND-3GEN_DRILLS
  6
CONTINUOUS
  2
ROUND_99
 10
75.6793000407881209
 20
-216.0269999592119063
 30
0.0
 41
-25.3999999999999986
 42
25.3999999999999986
 43
25.3999999999999986
 50
270.0
  0
INSERT
  5
1D23
  8
_G01-IND-3GEN_DRILLS
  6
CONTINUOUS
  2
ROUND_99
 10
67.5640000407880876
 20
-216.4079999592119066
 30
0.0
 41
-25.3999999999999986
 42
25.3999999999999986
 43
25.3999999999999986
 50
270.0
  0
INSERT
  5
1D24
  8
_G01-IND-3GEN_DRILLS
  6
CONTINUOUS
  2
ROUND_99
 10
13.20800004078807
 20
-216.280999959211897
 30
0.0
 41
-25.3999999999999986
 42
25.3999999999999986
 43
25.3999999999999986
 50
270.0
  0
INSERT
  5
1D25
  8
_G01-IND-3GEN_DRILLS
  6
CONTINUOUS
  2
ROUND_99
 10
-68.7069999592119132
 20
-198.1199999592118957
 30
0.0
 41
-25.3999999999999986
 42
25.3999999999999986
 43
25.3999999999999986
 50
270.0
  0
INSERT
  5
1D26
  8
_G01-IND-3GEN_DRILLS
  6
CONTINUOUS
  2
ROUND_99
 10
-73.2789999592119017
 20
-197.9929999592119998
 30
0.0
 41
-25.3999999999999986
 42
25.3999999999999986
 43
25.3999999999999986
 50
270.0
  0
INSERT
  5
1D27
  8
_G01-IND-3GEN_DRILLS
  6
CONTINUOUS
  2
ROUND_99
 10
-2.6669999592119251
 20
-208.4069999592119018
 30
0.0
 41
-25.3999999999999986
 42
25.3999999999999986
 43
25.3999999999999986
 50
270.0
  0
INSERT
  5
1D28
  8
_G01-IND-3GEN_DRILLS
  6
CONTINUOUS
  2
ROUND_99
 10
-71.1199999592119099
 20
-180.5939999592119136
 30
0.0
 41
-25.3999999999999986
 42
25.3999999999999986
 43
25.3999999999999986
 50
270.0
  0
INSERT
  5
1D29
  8
_G01-IND-3GEN_DRILLS
  6
CONTINUOUS
  2
ROUND_99
 10
-67.1829999592118838
 20
-180.5939999592119136
 30
0.0
 41
-25.3999999999999986
 42
25.3999999999999986
 43
25.3999999999999986
 50
270.0
  0
INSERT
  5
1D2A
  8
_G01-IND-3GEN_DRILLS
  6
CONTINUOUS
  2
ROUND_99
 10
-72.6439999592118966
 20
-182.6259999592118959
 30
0.0
 41
-25.3999999999999986
 42
25.3999999999999986
 43
25.3999999999999986
 50
270.0
  0
INSERT
  5
1D2B
  8
_G01-IND-3GEN_DRILLS
  6
CONTINUOUS
  2
ROUND_99
 10
-76.0729999592118844
 20
-183.8959999592119914
 30
0.0
 41
-25.3999999999999986
 42
25.3999999999999986
 43
25.3999999999999986
 50
270.0
  0
INSERT
  5
1D2C
  8
_G01-IND-3GEN_DRILLS
  6
CONTINUOUS
  2
ROUND_99
 10
94.9960000407880898
 20
-213.1059999592119993
 30
0.0
 41
-25.3999999999999986
 42
25.3999999999999986
 43
25.3999999999999986
 50
270.0
  0
INSERT
  5
1D2D
  8
_G01-IND-3GEN_DRILLS
  6
CONTINUOUS
  2
ROUND_99
 10
88.5190000407881143
 20
-196.0879999592119134
 30
0.0
 41
-25.3999999999999986
 42
25.3999999999999986
 43
25.3999999999999986
 50
270.0
  0
INSERT
  5
1D2E
  8
_G01-IND-3GEN_DRILLS
  6
CONTINUOUS
  2
ROUND_99
 10
84.0740000407880927
 20
-215.7729999592120009
 30
0.0
 41
-25.3999999999999986
 42
25.3999999999999986
 43
25.3999999999999986
 50
270.0
  0
INSERT
  5
1D2F
  8
_G01-IND-3GEN_DRILLS
  6
CONTINUOUS
  2
ROUND_99
 10
60.3250000407880904
 20
-113.2839999592118971
 30
0.0
 41
-25.3999999999999986
 42
25.3999999999999986
 43
25.3999999999999986
 50
270.0
  0
INSERT
  5
1D30
  8
_G01-IND-3GEN_DRILLS
  6
CONTINUOUS
  2
ROUND_99
 10
58.4200000407881035
 20
-127.5079999592119009
 30
0.0
 41
-25.3999999999999986
 42
25.3999999999999986
 43
25.3999999999999986
 50
270.0
  0
INSERT
  5
1D31
  8
_G01-IND-3GEN_DRILLS
  6
CONTINUOUS
  2
ROUND_99
 10
61.0870000407880624
 20
-71.3739999592119148
 30
0.0
 41
-25.3999999999999986
 42
25.3999999999999986
 43
25.3999999999999986
 50
270.0
  0
INSERT
  5
1D32
  8
_G01-IND-3GEN_DRILLS
  6
CONTINUOUS
  2
ROUND_99
 10
60.8330000407880718
 20
-86.7409999592119334
 30
0.0
 41
-25.3999999999999986
 42
25.3999999999999986
 43
25.3999999999999986
 50
270.0
  0
INSERT
  5
1D33
  8
_G01-IND-3GEN_DRILLS
  6
CONTINUOUS
  2
ROUND_99
 10
57.9120000407880582
 20
-59.0549999592119406
 30
0.0
 41
-25.3999999999999986
 42
25.3999999999999986
 43
25.3999999999999986
 50
270.0
  0
INSERT
  5
1D34
  8
_G01-IND-3GEN_DRILLS
  6
CONTINUOUS
  2
ROUND_99
 10
60.7060000407880906
 20
-139.1919999592118984
 30
0.0
 41
-25.3999999999999986
 42
25.3999999999999986
 43
25.3999999999999986
 50
270.0
  0
INSERT
  5
1D35
  8
_G01-IND-3GEN_DRILLS
  6
CONTINUOUS
  2
ROUND_99
 10
60.7060000407880906
 20
-150.7489999592118863
 30
0.0
 41
-25.3999999999999986
 42
25.3999999999999986
 43
25.3999999999999986
 50
270.0
  0
INSERT
  5
1D36
  8
_G01-IND-3GEN_DRILLS
  6
CONTINUOUS
  2
ROUND_99
 10
-50.2919999592119211
 20
-104.7749999592118968
 30
0.0
 41
-25.3999999999999986
 42
25.3999999999999986
 43
25.3999999999999986
 50
270.0
  0
INSERT
  5
1D37
  8
_G01-IND-3GEN_DRILLS
  6
CONTINUOUS
  2
ROUND_99
 10
9.9060000407880544
 20
-102.9969999592119052
 30
0.0
 41
-25.3999999999999986
 42
25.3999999999999986
 43
25.3999999999999986
 50
270.0
  0
INSERT
  5
1D38
  8
_G01-IND-3GEN_DRILLS
  6
CONTINUOUS
  2
ROUND_99
 10
9.9060000407880544
 20
-102.1079999592118952
 30
0.0
 41
-25.3999999999999986
 42
25.3999999999999986
 43
25.3999999999999986
 50
270.0
  0
INSERT
  5
1D39
  8
_G01-IND-3GEN_DRILLS
  6
CONTINUOUS
  2
ROUND_99
 10
9.9060000407880544
 20
-101.2189999592118994
 30
0.0
 41
-25.3999999999999986
 42
25.3999999999999986
 43
25.3999999999999986
 50
270.0
  0
INSERT
  5
1D3A
  8
_G01-IND-3GEN_DRILLS
  6
CONTINUOUS
  2
ROUND_99
 10
9.9060000407880544
 20
-100.3299999592119036
 30
0.0
 41
-25.3999999999999986
 42
25.3999999999999986
 43
25.3999999999999986
 50
270.0
  0
INSERT
  5
1D3B
  8
_G01-IND-3GEN_DRILLS
  6
CONTINUOUS
  2
ROUND_99
 10
27.8130000407881006
 20
-156.5909999592118993
 30
0.0
 41
-25.3999999999999986
 42
25.3999999999999986
 43
25.3999999999999986
 50
270.0
  0
INSERT
  5
1D3C
  8
_G01-IND-3GEN_DRILLS
  6
CONTINUOUS
  2
ROUND_99
 10
31.3690000407880696
 20
-156.5909999592118993
 30
0.0
 41
-25.3999999999999986
 42
25.3999999999999986
 43
25.3999999999999986
 50
270.0
  0
INSERT
  5
1D3D
  8
_G01-IND-3GEN_DRILLS
  6
CONTINUOUS
  2
ROUND_99
 10
30.4800000407881093
 20
-156.5909999592118993
 30
0.0
 41
-25.3999999999999986
 42
25.3999999999999986
 43
25.3999999999999986
 50
270.0
  0
INSERT
  5
1D3E
  8
_G01-IND-3GEN_DRILLS
  6
CONTINUOUS
  2
ROUND_99
 10
29.59100004078811
 20
-156.5909999592118993
 30
0.0
 41
-25.3999999999999986
 42
25.3999999999999986
 43
25.3999999999999986
 50
270.0
  0
INSERT
  5
1D3F
  8
_G01-IND-3GEN_DRILLS
  6
CONTINUOUS
  2
ROUND_99
 10
28.7020000407881106
 20
-156.5909999592118993
 30
0.0
 41
-25.3999999999999986
 42
25.3999999999999986
 43
25.3999999999999986
 50
270.0
  0
INSERT
  5
1D40
  8
_G01-IND-3GEN_DRILLS
  6
CONTINUOUS
  2
ROUND_99
 10
74.6760000407880682
 20
-52.3239999592119176
 30
0.0
 41
-25.3999999999999986
 42
25.3999999999999986
 43
25.3999999999999986
 50
270.0
  0
INSERT
  5
1D41
  8
_G01-IND-3GEN_DRILLS
  6
CONTINUOUS
  2
ROUND_99
 10
108.8390000407879938
 20
-97.5359999592119493
 30
0.0
 41
-25.3999999999999986
 42
25.3999999999999986
 43
25.3999999999999986
 50
270.0
  0
INSERT
  5
1D42
  8
_G01-IND-3GEN_DRILLS
  6
CONTINUOUS
  2
ROUND_99
 10
74.0410000407880631
 20
-84.5819999592119984
 30
0.0
 41
-25.3999999999999986
 42
25.3999999999999986
 43
25.3999999999999986
 50
270.0
  0
INSERT
  5
1D43
  8
_G01-IND-3GEN_DRILLS
  6
CONTINUOUS
  2
ROUND_99
 10
104.9020000407879962
 20
-116.5859999592119038
 30
0.0
 41
-25.3999999999999986
 42
25.3999999999999986
 43
25.3999999999999986
 50
270.0
  0
INSERT
  5
1D44
  8
_G01-IND-3GEN_DRILLS
  6
CONTINUOUS
  2
ROUND_99
 10
74.0410000407880631
 20
-87.5029999592119623
 30
0.0
 41
-25.3999999999999986
 42
25.3999999999999986
 43
25.3999999999999986
 50
270.0
  0
INSERT
  5
1D45
  8
_G01-IND-3GEN_DRILLS
  6
CONTINUOUS
  2
ROUND_99
 10
74.0410000407880631
 20
-81.9149999592118832
 30
0.0
 41
-25.3999999999999986
 42
25.3999999999999986
 43
25.3999999999999986
 50
270.0
  0
INSERT
  5
1D46
  8
_G01-IND-3GEN_DRILLS
  6
CONTINUOUS
  2
ROUND_99
 10
74.0410000407880631
 20
-70.6119999592119001
 30
0.0
 41
-25.3999999999999986
 42
25.3999999999999986
 43
25.3999999999999986
 50
270.0
  0
INSERT
  5
1D47
  8
_G01-IND-3GEN_DRILLS
  6
CONTINUOUS
  2
ROUND_99
 10
108.8390000407879938
 20
-105.4099999592119019
 30
0.0
 41
-25.3999999999999986
 42
25.3999999999999986
 43
25.3999999999999986
 50
270.0
  0
INSERT
  5
1D48
  8
_G01-IND-3GEN_DRILLS
  6
CONTINUOUS
  2
ROUND_99
 10
74.0410000407880631
 20
-73.5329999592119492
 30
0.0
 41
-25.3999999999999986
 42
25.3999999999999986
 43
25.3999999999999986
 50
270.0
  0
INSERT
  5
1D49
  8
_G01-IND-3GEN_DRILLS
  6
CONTINUOUS
  2
ROUND_99
 10
74.0410000407880631
 20
-67.9449999592119696
 30
0.0
 41
-25.3999999999999986
 42
25.3999999999999986
 43
25.3999999999999986
 50
270.0
  0
INSERT
  5
1D4A
  8
_G01-IND-3GEN_DRILLS
  6
CONTINUOUS
  2
ROUND_99
 10
74.0410000407880631
 20
-98.4249999592119593
 30
0.0
 41
-25.3999999999999986
 42
25.3999999999999986
 43
25.3999999999999986
 50
270.0
  0
INSERT
  5
1D4B
  8
_G01-IND-3GEN_DRILLS
  6
CONTINUOUS
  2
ROUND_99
 10
108.8390000407879938
 20
-131.3179999592119032
 30
0.0
 41
-25.3999999999999986
 42
25.3999999999999986
 43
25.3999999999999986
 50
270.0
  0
INSERT
  5
1D4C
  8
_G01-IND-3GEN_DRILLS
  6
CONTINUOUS
  2
ROUND_99
 10
108.8390000407879938
 20
-90.5509999592119925
 30
0.0
 41
-25.3999999999999986
 42
25.3999999999999986
 43
25.3999999999999986
 50
270.0
  0
INSERT
  5
1D4D
  8
_G01-IND-3GEN_DRILLS
  6
CONTINUOUS
  2
ROUND_99
 10
108.8390000407879938
 20
-113.2839999592118971
 30
0.0
 41
-25.3999999999999986
 42
25.3999999999999986
 43
25.3999999999999986
 50
270.0
  0
INSERT
  5
1D4E
  8
_G01-IND-3GEN_DRILLS
  6
CONTINUOUS
  2
ROUND_99
 10
74.0410000407880631
 20
-101.4729999592119043
 30
0.0
 41
-25.3999999999999986
 42
25.3999999999999986
 43
25.3999999999999986
 50
270.0
  0
INSERT
  5
1D4F
  8
_G01-IND-3GEN_DRILLS
  6
CONTINUOUS
  2
ROUND_99
 10
73.6600000407880486
 20
-123.824999959211894
 30
0.0
 41
-25.3999999999999986
 42
25.3999999999999986
 43
25.3999999999999986
 50
270.0
  0
INSERT
  5
1D50
  8
_G01-IND-3GEN_DRILLS
  6
CONTINUOUS
  2
ROUND_99
 10
73.6600000407880486
 20
-129.1589999592119113
 30
0.0
 41
-25.3999999999999986
 42
25.3999999999999986
 43
25.3999999999999986
 50
270.0
  0
INSERT
  5
1D51
  8
_G01-IND-3GEN_DRILLS
  6
CONTINUOUS
  2
ROUND_99
 10
74.0410000407880631
 20
-66.4209999592119118
 30
0.0
 41
-25.3999999999999986
 42
25.3999999999999986
 43
25.3999999999999986
 50
270.0
  0
INSERT
  5
1D52
  8
_G01-IND-3GEN_DRILLS
  6
CONTINUOUS
  2
ROUND_99
 10
74.0410000407880631
 20
-80.3909999592119391
 30
0.0
 41
-25.3999999999999986
 42
25.3999999999999986
 43
25.3999999999999986
 50
270.0
  0
INSERT
  5
1D53
  8
_G01-IND-3GEN_DRILLS
  6
CONTINUOUS
  2
ROUND_99
 10
74.0410000407880631
 20
-94.3609999592119379
 30
0.0
 41
-25.3999999999999986
 42
25.3999999999999986
 43
25.3999999999999986
 50
270.0
  0
INSERT
  5
1D54
  8
_G01-IND-3GEN_DRILLS
  6
CONTINUOUS
  2
ROUND_99
 10
73.6600000407880486
 20
-122.4279999592119026
 30
0.0
 41
-25.3999999999999986
 42
25.3999999999999986
 43
25.3999999999999986
 50
270.0
  0
INSERT
  5
1D55
  8
_G01-IND-3GEN_DRILLS
  6
CONTINUOUS
  2
ROUND_99
 10
106.0450000407879969
 20
-57.5309999592118828
 30
0.0
 41
-25.3999999999999986
 42
25.3999999999999986
 43
25.3999999999999986
 50
270.0
  0
INSERT
  5
1D56
  8
_G01-IND-3GEN_DRILLS
  6
CONTINUOUS
  2
ROUND_99
 10
77.5970000407880747
 20
-62.6109999592119522
 30
0.0
 41
-25.3999999999999986
 42
25.3999999999999986
 43
25.3999999999999986
 50
270.0
  0
INSERT
  5
1D57
  8
_G01-IND-3GEN_DRILLS
  6
CONTINUOUS
  2
ROUND_99
 10
80.8990000407880956
 20
-53.593999959211942
 30
0.0
 41
-25.3999999999999986
 42
25.3999999999999986
 43
25.3999999999999986
 50
270.0
  0
INSERT
  5
1D58
  8
_G01-IND-3GEN_DRILLS
  6
CONTINUOUS
  2
ROUND_99
 10
108.2040000407880029
 20
-61.4679999592119088
 30
0.0
 41
-25.3999999999999986
 42
25.3999999999999986
 43
25.3999999999999986
 50
270.0
  0
INSERT
  5
1D59
  8
_G01-IND-3GEN_DRILLS
  6
CONTINUOUS
  2
ROUND_99
 10
73.6600000407880486
 20
-109.8549999592118951
 30
0.0
 41
-25.3999999999999986
 42
25.3999999999999986
 43
25.3999999999999986
 50
270.0
  0
INSERT
  5
1D5A
  8
_G01-IND-3GEN_DRILLS
  6
CONTINUOUS
  2
ROUND_99
 10
73.6600000407880486
 20
-108.4579999592119037
 30
0.0
 41
-25.3999999999999986
 42
25.3999999999999986
 43
25.3999999999999986
 50
270.0
  0
INSERT
  5
1D5B
  8
_G01-IND-3GEN_DRILLS
  6
CONTINUOUS
  2
ROUND_99
 10
73.6600000407880486
 20
-115.4429999592119032
 30
0.0
 41
-25.3999999999999986
 42
25.3999999999999986
 43
25.3999999999999986
 50
270.0
  0
INSERT
  5
1D5C
  8
_G01-IND-3GEN_DRILLS
  6
CONTINUOUS
  2
ROUND_99
 10
73.6600000407880486
 20
-112.3949999592119013
 30
0.0
 41
-25.3999999999999986
 42
25.3999999999999986
 43
25.3999999999999986
 50
270.0
  0
INSERT
  5
1D5D
  8
_G01-IND-3GEN_DRILLS
  6
CONTINUOUS
  2
ROUND_99
 10
104.7750000407880009
 20
-136.5249999592118968
 30
0.0
 41
-25.3999999999999986
 42
25.3999999999999986
 43
25.3999999999999986
 50
270.0
  0
INSERT
  5
1D5E
  8
_G01-IND-3GEN_DRILLS
  6
CONTINUOUS
  2
ROUND_99
 10
38.3540000407880797
 20
-208.9149999592119116
 30
0.0
 41
-25.3999999999999986
 42
25.3999999999999986
 43
25.3999999999999986
 50
270.0
  0
INSERT
  5
1D5F
  8
_G01-IND-3GEN_DRILLS
  6
CONTINUOUS
  2
ROUND_99
 10
28.1940000407880689
 20
-209.676999959211912
 30
0.0
 41
-25.3999999999999986
 42
25.3999999999999986
 43
25.3999999999999986
 50
270.0
  0
INSERT
  5
1D60
  8
_G01-IND-3GEN_DRILLS
  6
CONTINUOUS
  2
ROUND_99
 10
45.4660000407881029
 20
-208.1529999592119964
 30
0.0
 41
-25.3999999999999986
 42
25.3999999999999986
 43
25.3999999999999986
 50
270.0
  0
INSERT
  5
1D61
  8
_G01-IND-3GEN_DRILLS
  6
CONTINUOUS
  2
ROUND_99
 10
31.3690000407880696
 20
-208.1529999592119964
 30
0.0
 41
-25.3999999999999986
 42
25.3999999999999986
 43
25.3999999999999986
 50
270.0
  0
INSERT
  5
1D62
  8
_G01-IND-3GEN_DRILLS
  6
CONTINUOUS
  2
ROUND_99
 10
54.1020000407880985
 20
-199.8344999592119109
 30
0.0
 41
-25.3999999999999986
 42
25.3999999999999986
 43
25.3999999999999986
 50
270.0
  0
INSERT
  5
1D63
  8
_G01-IND-3GEN_DRILLS
  6
CONTINUOUS
  2
ROUND_99
 10
57.4040000407880697
 20
-200.9139999592119068
 30
0.0
 41
-25.3999999999999986
 42
25.3999999999999986
 43
25.3999999999999986
 50
270.0
  0
INSERT
  5
1D64
  8
_G01-IND-3GEN_DRILLS
  6
CONTINUOUS
  2
ROUND_99
 10
27.9400000407880711
 20
-194.0559999592119027
 30
0.0
 41
-25.3999999999999986
 42
25.3999999999999986
 43
25.3999999999999986
 50
270.0
  0
INSERT
  5
1D65
  8
_G01-IND-3GEN_DRILLS
  6
CONTINUOUS
  2
ROUND_99
 10
34.5440000407880703
 20
-209.4229999592120066
 30
0.0
 41
-25.3999999999999986
 42
25.3999999999999986
 43
25.3999999999999986
 50
270.0
  0
INSERT
  5
1D66
  8
_G01-IND-3GEN_DRILLS
  6
CONTINUOUS
  2
ROUND_99
 10
50.5460000407880869
 20
-207.9624999592120105
 30
0.0
 41
-25.3999999999999986
 42
25.3999999999999986
 43
25.3999999999999986
 50
270.0
  0
INSERT
  5
1D67
  8
_G01-IND-3GEN_DRILLS
  6
CONTINUOUS
  2
ROUND_99
 10
41.0210000407880884
 20
-213.6139999592120091
 30
0.0
 41
-25.3999999999999986
 42
25.3999999999999986
 43
25.3999999999999986
 50
270.0
  0
INSERT
  5
1D68
  8
_G01-IND-3GEN_DRILLS
  6
CONTINUOUS
  2
ROUND_99
 10
39.624000040788097
 20
-213.4869999592119996
 30
0.0
 41
-25.3999999999999986
 42
25.3999999999999986
 43
25.3999999999999986
 50
270.0
  0
INSERT
  5
1D69
  8
_G01-IND-3GEN_DRILLS
  6
CONTINUOUS
  2
ROUND_99
 10
-36.57599995921192
 20
-141.8589999592120137
 30
0.0
 41
-25.3999999999999986
 42
25.3999999999999986
 43
25.3999999999999986
 50
270.0
  0
INSERT
  5
1D6A
  8
_G01-IND-3GEN_DRILLS
  6
CONTINUOUS
  2
ROUND_99
 10
-39.6239999592119005
 20
-138.1759999592119925
 30
0.0
 41
-25.3999999999999986
 42
25.3999999999999986
 43
25.3999999999999986
 50
270.0
  0
INSERT
  5
1D6B
  8
_G01-IND-3GEN_DRILLS
  6
CONTINUOUS
  2
ROUND_99
 10
-40.8939999592119108
 20
-142.8749999592118911
 30
0.0
 41
-25.3999999999999986
 42
25.3999999999999986
 43
25.3999999999999986
 50
270.0
  0
INSERT
  5
1D6C
  8
_G01-IND-3GEN_DRILLS
  6
CONTINUOUS
  2
ROUND_99
 10
-42.2909999592119092
 20
-138.1759999592119925
 30
0.0
 41
-25.3999999999999986
 42
25.3999999999999986
 43
25.3999999999999986
 50
270.0
  0
INSERT
  5
1D6D
  8
_G01-IND-3GEN_DRILLS
  6
CONTINUOUS
  2
ROUND_99
 10
-44.0689999592119221
 20
-142.8749999592118911
 30
0.0
 41
-25.3999999999999986
 42
25.3999999999999986
 43
25.3999999999999986
 50
270.0
  0
INSERT
  5
1D6E
  8
_G01-IND-3GEN_DRILLS
  6
CONTINUOUS
  2
ROUND_99
 10
-44.0689999592119221
 20
-138.1759999592119925
 30
0.0
 41
-25.3999999999999986
 42
25.3999999999999986
 43
25.3999999999999986
 50
270.0
  0
INSERT
  5
1D6F
  8
_G01-IND-3GEN_DRILLS
  6
CONTINUOUS
  2
ROUND_99
 10
-45.5929999592119088
 20
-138.1759999592119925
 30
0.0
 41
-25.3999999999999986
 42
25.3999999999999986
 43
25.3999999999999986
 50
270.0
  0
INSERT
  5
1D70
  8
_G01-IND-3GEN_DRILLS
  6
CONTINUOUS
  2
ROUND_99
 10
-46.8629999592118978
 20
-138.1759999592119925
 30
0.0
 41
-25.3999999999999986
 42
25.3999999999999986
 43
25.3999999999999986
 50
270.0
  0
INSERT
  5
1D71
  8
_G01-IND-3GEN_DRILLS
  6
CONTINUOUS
  2
ROUND_99
 10
-48.1329999592119009
 20
-138.1759999592119925
 30
0.0
 41
-25.3999999999999986
 42
25.3999999999999986
 43
25.3999999999999986
 50
270.0
  0
INSERT
  5
1D72
  8
_G01-IND-3GEN_DRILLS
  6
CONTINUOUS
  2
ROUND_99
 10
-49.4029999592119182
 20
-141.8589999592120137
 30
0.0
 41
-25.3999999999999986
 42
25.3999999999999986
 43
25.3999999999999986
 50
270.0
  0
INSERT
  5
1D73
  8
_G01-IND-3GEN_DRILLS
  6
CONTINUOUS
  2
ROUND_99
 10
-49.4029999592119182
 20
-138.1759999592119925
 30
0.0
 41
-25.3999999999999986
 42
25.3999999999999986
 43
25.3999999999999986
 50
270.0
  0
INSERT
  5
1D74
  8
_G01-IND-3GEN_DRILLS
  6
CONTINUOUS
  2
ROUND_99
 10
-50.7999999592119096
 20
-138.0489999592118977
 30
0.0
 41
-25.3999999999999986
 42
25.3999999999999986
 43
25.3999999999999986
 50
270.0
  0
INSERT
  5
1D75
  8
_G01-IND-3GEN_DRILLS
  6
CONTINUOUS
  2
ROUND_99
 10
-54.2289999592118974
 20
-141.4779999592118997
 30
0.0
 41
-25.3999999999999986
 42
25.3999999999999986
 43
25.3999999999999986
 50
270.0
  0
INSERT
  5
1D76
  8
_G01-IND-3GEN_DRILLS
  6
CONTINUOUS
  2
ROUND_99
 10
-50.7999999592119096
 20
-141.8589999592120137
 30
0.0
 41
-25.3999999999999986
 42
25.3999999999999986
 43
25.3999999999999986
 50
270.0
  0
INSERT
  5
1D77
  8
_G01-IND-3GEN_DRILLS
  6
CONTINUOUS
  2
ROUND_99
 10
-32.0039999592119102
 20
-163.0679999592119032
 30
0.0
 41
-25.3999999999999986
 42
25.3999999999999986
 43
25.3999999999999986
 50
270.0
  0
INSERT
  5
1D78
  8
_G01-IND-3GEN_DRILLS
  6
CONTINUOUS
  2
ROUND_99
 10
-33.2739999592119133
 20
-163.0679999592119032
 30
0.0
 41
-25.3999999999999986
 42
25.3999999999999986
 43
25.3999999999999986
 50
270.0
  0
INSERT
  5
1D79
  8
_G01-IND-3GEN_DRILLS
  6
CONTINUOUS
  2
ROUND_99
 10
-34.7979999592119214
 20
-157.9879999592120043
 30
0.0
 41
-25.3999999999999986
 42
25.3999999999999986
 43
25.3999999999999986
 50
270.0
  0
INSERT
  5
1D7A
  8
_G01-IND-3GEN_DRILLS
  6
CONTINUOUS
  2
ROUND_99
 10
-34.7979999592118929
 20
-163.3219999592118938
 30
0.0
 41
-25.3999999999999986
 42
25.3999999999999986
 43
25.3999999999999986
 50
270.0
  0
INSERT
  5
1D7B
  8
_G01-IND-3GEN_DRILLS
  6
CONTINUOUS
  2
ROUND_99
 10
-36.0679999592119103
 20
-157.9879999592120043
 30
0.0
 41
-25.3999999999999986
 42
25.3999999999999986
 43
25.3999999999999986
 50
270.0
  0
INSERT
  5
1D7C
  8
_G01-IND-3GEN_DRILLS
  6
CONTINUOUS
  2
ROUND_99
 10
-36.0679999592119103
 20
-163.194999959211998
 30
0.0
 41
-25.3999999999999986
 42
25.3999999999999986
 43
25.3999999999999986
 50
270.0
  0
INSERT
  5
1D7D
  8
_G01-IND-3GEN_DRILLS
  6
CONTINUOUS
  2
ROUND_99
 10
-37.3379999592119134
 20
-157.9879999592120043
 30
0.0
 41
-25.3999999999999986
 42
25.3999999999999986
 43
25.3999999999999986
 50
270.0
  0
INSERT
  5
1D7E
  8
_G01-IND-3GEN_DRILLS
  6
CONTINUOUS
  2
ROUND_99
 10
-37.3379999592119134
 20
-163.0679999592119032
 30
0.0
 41
-25.3999999999999986
 42
25.3999999999999986
 43
25.3999999999999986
 50
270.0
  0
INSERT
  5
1D7F
  8
_G01-IND-3GEN_DRILLS
  6
CONTINUOUS
  2
ROUND_99
 10
-38.9889999592119167
 20
-157.7339999592120137
 30
0.0
 41
-25.3999999999999986
 42
25.3999999999999986
 43
25.3999999999999986
 50
270.0
  0
INSERT
  5
1D80
  8
_G01-IND-3GEN_DRILLS
  6
CONTINUOUS
  2
ROUND_99
 10
-38.9889999592119167
 20
-163.194999959211998
 30
0.0
 41
-25.3999999999999986
 42
25.3999999999999986
 43
25.3999999999999986
 50
270.0
  0
INSERT
  5
1D81
  8
_G01-IND-3GEN_DRILLS
  6
CONTINUOUS
  2
ROUND_99
 10
-40.2589999592119128
 20
-157.7339999592120137
 30
0.0
 41
-25.3999999999999986
 42
25.3999999999999986
 43
25.3999999999999986
 50
270.0
  0
INSERT
  5
1D82
  8
_G01-IND-3GEN_DRILLS
  6
CONTINUOUS
  2
ROUND_99
 10
-40.2589999592118772
 20
-163.194999959211998
 30
0.0
 41
-25.3999999999999986
 42
25.3999999999999986
 43
25.3999999999999986
 50
270.0
  0
INSERT
  5
1D83
  8
_G01-IND-3GEN_DRILLS
  6
CONTINUOUS
  2
ROUND_99
 10
-41.5289999592119088
 20
-163.194999959211998
 30
0.0
 41
-25.3999999999999986
 42
25.3999999999999986
 43
25.3999999999999986
 50
270.0
  0
INSERT
  5
1D84
  8
_G01-IND-3GEN_DRILLS
  6
CONTINUOUS
  2
ROUND_99
 10
-43.1799999592118908
 20
-163.194999959211998
 30
0.0
 41
-25.3999999999999986
 42
25.3999999999999986
 43
25.3999999999999986
 50
270.0
  0
INSERT
  5
1D85
  8
_G01-IND-3GEN_DRILLS
  6
CONTINUOUS
  2
ROUND_99
 10
-43.1799999592119192
 20
-159.2579999592119009
 30
0.0
 41
-25.3999999999999986
 42
25.3999999999999986
 43
25.3999999999999986
 50
270.0
  0
INSERT
  5
1D86
  8
_G01-IND-3GEN_DRILLS
  6
CONTINUOUS
  2
ROUND_99
 10
-41.655999959211897
 20
-157.3529999592118997
 30
0.0
 41
-25.3999999999999986
 42
25.3999999999999986
 43
25.3999999999999986
 50
270.0
  0
INSERT
  5
1D87
  8
_G01-IND-3GEN_DRILLS
  6
CONTINUOUS
  2
ROUND_99
 10
-44.4499999592119082
 20
-163.194999959211998
 30
0.0
 41
-25.3999999999999986
 42
25.3999999999999986
 43
25.3999999999999986
 50
270.0
  0
INSERT
  5
1D88
  8
_G01-IND-3GEN_DRILLS
  6
CONTINUOUS
  2
ROUND_99
 10
-45.973999959211902
 20
-157.9879999592120043
 30
0.0
 41
-25.3999999999999986
 42
25.3999999999999986
 43
25.3999999999999986
 50
270.0
  0
INSERT
  5
1D89
  8
_G01-IND-3GEN_DRILLS
  6
CONTINUOUS
  2
ROUND_99
 10
-45.973999959211902
 20
-163.194999959211998
 30
0.0
 41
-25.3999999999999986
 42
25.3999999999999986
 43
25.3999999999999986
 50
270.0
  0
INSERT
  5
1D8A
  8
_G01-IND-3GEN_DRILLS
  6
CONTINUOUS
  2
ROUND_99
 10
-47.2439999592119122
 20
-159.2579999592119009
 30
0.0
 41
-25.3999999999999986
 42
25.3999999999999986
 43
25.3999999999999986
 50
270.0
  0
INSERT
  5
1D8B
  8
_G01-IND-3GEN_DRILLS
  6
CONTINUOUS
  2
ROUND_99
 10
-47.2439999592118909
 20
-163.194999959211998
 30
0.0
 41
-25.3999999999999986
 42
25.3999999999999986
 43
25.3999999999999986
 50
270.0
  0
INSERT
  5
1D8C
  8
_G01-IND-3GEN_DRILLS
  6
CONTINUOUS
  2
ROUND_99
 10
-47.2439999592119122
 20
-157.9879999592120043
 30
0.0
 41
-25.3999999999999986
 42
25.3999999999999986
 43
25.3999999999999986
 50
270.0
  0
INSERT
  5
1D8D
  8
_G01-IND-3GEN_DRILLS
  6
CONTINUOUS
  2
ROUND_99
 10
-48.6409999592118893
 20
-163.194999959211998
 30
0.0
 41
-25.3999999999999986
 42
25.3999999999999986
 43
25.3999999999999986
 50
270.0
  0
INSERT
  5
1D8E
  8
_G01-IND-3GEN_DRILLS
  6
CONTINUOUS
  2
ROUND_99
 10
-50.926999959211912
 20
-163.0679999592119884
 30
0.0
 41
-25.3999999999999986
 42
25.3999999999999986
 43
25.3999999999999986
 50
270.0
  0
INSERT
  5
1D8F
  8
_G01-IND-3GEN_DRILLS
  6
CONTINUOUS
  2
ROUND_99
 10
-50.926999959211912
 20
-159.2579999592119009
 30
0.0
 41
-25.3999999999999986
 42
25.3999999999999986
 43
25.3999999999999986
 50
270.0
  0
INSERT
  5
1D90
  8
_G01-IND-3GEN_DRILLS
  6
CONTINUOUS
  2
ROUND_99
 10
-52.1969999592119009
 20
-163.194999959211998
 30
0.0
 41
-25.3999999999999986
 42
25.3999999999999986
 43
25.3999999999999986
 50
270.0
  0
INSERT
  5
1D91
  8
_G01-IND-3GEN_DRILLS
  6
CONTINUOUS
  2
ROUND_99
 10
-39.6239999592119005
 20
-136.905999959211897
 30
0.0
 41
-25.3999999999999986
 42
25.3999999999999986
 43
25.3999999999999986
 50
270.0
  0
INSERT
  5
1D92
  8
_G01-IND-3GEN_DRILLS
  6
CONTINUOUS
  2
ROUND_99
 10
-68.1989999592119176
 20
-154.9399999592118888
 30
0.0
 41
-25.3999999999999986
 42
25.3999999999999986
 43
25.3999999999999986
 50
270.0
  0
INSERT
  5
1D93
  8
_G01-IND-3GEN_DRILLS
  6
CONTINUOUS
  2
ROUND_99
 10
-54.2289999592118974
 20
-145.6689999592119023
 30
0.0
 41
-25.3999999999999986
 42
25.3999999999999986
 43
25.3999999999999986
 50
270.0
  0
INSERT
  5
1D94
  8
_G01-IND-3GEN_DRILLS
  6
CONTINUOUS
  2
ROUND_99
 10
-81.2799999592119065
 20
-124.8409999592118993
 30
0.0
 41
-25.3999999999999986
 42
25.3999999999999986
 43
25.3999999999999986
 50
270.0
  0
INSERT
  5
1D95
  8
_G01-IND-3GEN_DRILLS
  6
CONTINUOUS
  2
ROUND_99
 10
-81.2799999592119065
 20
-122.300999959211893
 30
0.0
 41
-25.3999999999999986
 42
25.3999999999999986
 43
25.3999999999999986
 50
270.0
  0
INSERT
  5
1D96
  8
_G01-IND-3GEN_DRILLS
  6
CONTINUOUS
  2
ROUND_99
 10
-72.3899999592119059
 20
-105.5369999592118972
 30
0.0
 41
-25.3999999999999986
 42
25.3999999999999986
 43
25.3999999999999986
 50
270.0
  0
INSERT
  5
1D97
  8
_G01-IND-3GEN_DRILLS
  6
CONTINUOUS
  2
ROUND_99
 10
-72.3899999592119059
 20
-106.806999959212007
 30
0.0
 41
-25.3999999999999986
 42
25.3999999999999986
 43
25.3999999999999986
 50
270.0
  0
INSERT
  5
1D98
  8
_G01-IND-3GEN_DRILLS
  6
CONTINUOUS
  2
ROUND_99
 10
-81.2799999592119065
 20
-106.806999959212007
 30
0.0
 41
-25.3999999999999986
 42
25.3999999999999986
 43
25.3999999999999986
 50
270.0
  0
INSERT
  5
1D99
  8
_G01-IND-3GEN_DRILLS
  6
CONTINUOUS
  2
ROUND_99
 10
-82.9309999592119453
 20
-108.3309999592118942
 30
0.0
 41
-25.3999999999999986
 42
25.3999999999999986
 43
25.3999999999999986
 50
270.0
  0
INSERT
  5
1D9A
  8
_G01-IND-3GEN_DRILLS
  6
CONTINUOUS
  2
ROUND_99
 10
-25.1459999592118884
 20
-194.1829999592119123
 30
0.0
 41
-25.3999999999999986
 42
25.3999999999999986
 43
25.3999999999999986
 50
270.0
  0
INSERT
  5
1D9B
  8
_G01-IND-3GEN_DRILLS
  6
CONTINUOUS
  2
ROUND_99
 10
-35.6869999592119029
 20
-194.1829999592119123
 30
0.0
 41
-25.3999999999999986
 42
25.3999999999999986
 43
25.3999999999999986
 50
270.0
  0
INSERT
  5
1D9C
  8
_G01-IND-3GEN_DRILLS
  6
CONTINUOUS
  2
ROUND_99
 10
-50.418999959211888
 20
-181.8639999592118954
 30
0.0
 41
-25.3999999999999986
 42
25.3999999999999986
 43
25.3999999999999986
 50
270.0
  0
INSERT
  5
1D9D
  8
_G01-IND-3GEN_DRILLS
  6
CONTINUOUS
  2
ROUND_99
 10
-50.926999959211912
 20
-171.7039999592120125
 30
0.0
 41
-25.3999999999999986
 42
25.3999999999999986
 43
25.3999999999999986
 50
270.0
  0
INSERT
  5
1D9E
  8
_G01-IND-3GEN_DRILLS
  6
CONTINUOUS
  2
ROUND_99
 10
-50.418999959211888
 20
-183.1339999592119057
 30
0.0
 41
-25.3999999999999986
 42
25.3999999999999986
 43
25.3999999999999986
 50
270.0
  0
INSERT
  5
1D9F
  8
_G01-IND-3GEN_DRILLS
  6
CONTINUOUS
  2
ROUND_99
 10
-40.0049999592118866
 20
-187.5789999592120125
 30
0.0
 41
-25.3999999999999986
 42
25.3999999999999986
 43
25.3999999999999986
 50
270.0
  0
INSERT
  5
1DA0
  8
_G01-IND-3GEN_DRILLS
  6
CONTINUOUS
  2
ROUND_99
 10
-40.6399999592118988
 20
-186.3089999592118886
 30
0.0
 41
-25.3999999999999986
 42
25.3999999999999986
 43
25.3999999999999986
 50
270.0
  0
INSERT
  5
1DA1
  8
_G01-IND-3GEN_DRILLS
  6
CONTINUOUS
  2
ROUND_99
 10
-43.0529999592119097
 20
-182.6259999592118959
 30
0.0
 41
-25.3999999999999986
 42
25.3999999999999986
 43
25.3999999999999986
 50
270.0
  0
INSERT
  5
1DA2
  8
_G01-IND-3GEN_DRILLS
  6
CONTINUOUS
  2
ROUND_99
 10
-41.9099999592119232
 20
-186.3089999592118886
 30
0.0
 41
-25.3999999999999986
 42
25.3999999999999986
 43
25.3999999999999986
 50
270.0
  0
INSERT
  5
1DA3
  8
_G01-IND-3GEN_DRILLS
  6
CONTINUOUS
  2
ROUND_99
 10
-44.4499999592119082
 20
-186.3089999592118886
 30
0.0
 41
-25.3999999999999986
 42
25.3999999999999986
 43
25.3999999999999986
 50
270.0
  0
INSERT
  5
1DA4
  8
_G01-IND-3GEN_DRILLS
  6
CONTINUOUS
  2
ROUND_99
 10
-43.1799999592118908
 20
-186.4359999592118982
 30
0.0
 41
-25.3999999999999986
 42
25.3999999999999986
 43
25.3999999999999986
 50
270.0
  0
INSERT
  5
1DA5
  8
_G01-IND-3GEN_DRILLS
  6
CONTINUOUS
  2
ROUND_99
 10
-45.7199999592118971
 20
-187.7059999592119937
 30
0.0
 41
-25.3999999999999986
 42
25.3999999999999986
 43
25.3999999999999986
 50
270.0
  0
INSERT
  5
1DA6
  8
_G01-IND-3GEN_DRILLS
  6
CONTINUOUS
  2
ROUND_99
 10
-45.7199999592118971
 20
-186.4359999592118982
 30
0.0
 41
-25.3999999999999986
 42
25.3999999999999986
 43
25.3999999999999986
 50
270.0
  0
INSERT
  5
1DA7
  8
_G01-IND-3GEN_DRILLS
  6
CONTINUOUS
  2
ROUND_99
 10
-45.3389999592119111
 20
-175.0059999592118913
 30
0.0
 41
-25.3999999999999986
 42
25.3999999999999986
 43
25.3999999999999986
 50
270.0
  0
INSERT
  5
1DA8
  8
_G01-IND-3GEN_DRILLS
  6
CONTINUOUS
  2
ROUND_99
 10
-46.1009999592118902
 20
-176.2759999592119868
 30
0.0
 41
-25.3999999999999986
 42
25.3999999999999986
 43
25.3999999999999986
 50
270.0
  0
INSERT
  5
1DA9
  8
_G01-IND-3GEN_DRILLS
  6
CONTINUOUS
  2
ROUND_99
 10
-43.1799999592118908
 20
-171.5769999592118893
 30
0.0
 41
-25.3999999999999986
 42
25.3999999999999986
 43
25.3999999999999986
 50
270.0
  0
INSERT
  5
1DAA
  8
_G01-IND-3GEN_DRILLS
  6
CONTINUOUS
  2
ROUND_99
 10
-44.0689999592119008
 20
-175.0059999592118913
 30
0.0
 41
-25.3999999999999986
 42
25.3999999999999986
 43
25.3999999999999986
 50
270.0
  0
INSERT
  5
1DAB
  8
_G01-IND-3GEN_DRILLS
  6
CONTINUOUS
  2
ROUND_99
 10
-41.5289999592119088
 20
-175.0059999592118913
 30
0.0
 41
-25.3999999999999986
 42
25.3999999999999986
 43
25.3999999999999986
 50
270.0
  0
INSERT
  5
1DAC
  8
_G01-IND-3GEN_DRILLS
  6
CONTINUOUS
  2
ROUND_99
 10
-42.7989999592118977
 20
-175.0059999592118913
 30
0.0
 41
-25.3999999999999986
 42
25.3999999999999986
 43
25.3999999999999986
 50
270.0
  0
INSERT
  5
1DAD
  8
_G01-IND-3GEN_DRILLS
  6
CONTINUOUS
  2
ROUND_99
 10
-40.0049999592118866
 20
-176.4029999592119964
 30
0.0
 41
-25.3999999999999986
 42
25.3999999999999986
 43
25.3999999999999986
 50
270.0
  0
INSERT
  5
1DAE
  8
_G01-IND-3GEN_DRILLS
  6
CONTINUOUS
  2
ROUND_99
 10
-40.0049999592118866
 20
-175.0059999592118913
 30
0.0
 41
-25.3999999999999986
 42
25.3999999999999986
 43
25.3999999999999986
 50
270.0
  0
INSERT
  5
1DAF
  8
_G01-IND-3GEN_DRILLS
  6
CONTINUOUS
  2
ROUND_99
 10
-55.3719999592119123
 20
-183.0069999592120098
 30
0.0
 41
-25.3999999999999986
 42
25.3999999999999986
 43
25.3999999999999986
 50
270.0
  0
INSERT
  5
1DB0
  8
_G01-IND-3GEN_DRILLS
  6
CONTINUOUS
  2
ROUND_99
 10
-53.9749999592119067
 20
-182.2449999592120093
 30
0.0
 41
-25.3999999999999986
 42
25.3999999999999986
 43
25.3999999999999986
 50
270.0
  0
INSERT
  5
1DB1
  8
_G01-IND-3GEN_DRILLS
  6
CONTINUOUS
  2
ROUND_99
 10
-57.9119999592118901
 20
-183.0069999592120098
 30
0.0
 41
-25.3999999999999986
 42
25.3999999999999986
 43
25.3999999999999986
 50
270.0
  0
INSERT
  5
1DB2
  8
_G01-IND-3GEN_DRILLS
  6
CONTINUOUS
  2
ROUND_99
 10
-56.6419999592119012
 20
-183.0069999592120098
 30
0.0
 41
-25.3999999999999986
 42
25.3999999999999986
 43
25.3999999999999986
 50
270.0
  0
INSERT
  5
1DB3
  8
_G01-IND-3GEN_DRILLS
  6
CONTINUOUS
  2
ROUND_99
 10
-59.1819999592119217
 20
-183.0069999592120098
 30
0.0
 41
-25.3999999999999986
 42
25.3999999999999986
 43
25.3999999999999986
 50
270.0
  0
INSERT
  5
1DB4
  8
_G01-IND-3GEN_DRILLS
  6
CONTINUOUS
  2
ROUND_99
 10
-57.9119999592118901
 20
-186.3089999592118886
 30
0.0
 41
-25.3999999999999986
 42
25.3999999999999986
 43
25.3999999999999986
 50
270.0
  0
INSERT
  5
1DB5
  8
_G01-IND-3GEN_DRILLS
  6
CONTINUOUS
  2
ROUND_99
 10
-61.7219999592118995
 20
-181.990999959211905
 30
0.0
 41
-25.3999999999999986
 42
25.3999999999999986
 43
25.3999999999999986
 50
270.0
  0
INSERT
  5
1DB6
  8
_G01-IND-3GEN_DRILLS
  6
CONTINUOUS
  2
ROUND_99
 10
-60.4519999592119106
 20
-182.7529999592119054
 30
0.0
 41
-25.3999999999999986
 42
25.3999999999999986
 43
25.3999999999999986
 50
270.0
  0
INSERT
  5
1DB7
  8
_G01-IND-3GEN_DRILLS
  6
CONTINUOUS
  2
ROUND_99
 10
-60.1979999592118915
 20
-171.0689999592119079
 30
0.0
 41
-25.3999999999999986
 42
25.3999999999999986
 43
25.3999999999999986
 50
270.0
  0
INSERT
  5
1DB8
  8
_G01-IND-3GEN_DRILLS
  6
CONTINUOUS
  2
ROUND_99
 10
-61.848999959211902
 20
-171.3229999592120123
 30
0.0
 41
-25.3999999999999986
 42
25.3999999999999986
 43
25.3999999999999986
 50
270.0
  0
INSERT
  5
1DB9
  8
_G01-IND-3GEN_DRILLS
  6
CONTINUOUS
  2
ROUND_99
 10
-57.6579999592118995
 20
-175.1329999592119009
 30
0.0
 41
-25.3999999999999986
 42
25.3999999999999986
 43
25.3999999999999986
 50
270.0
  0
INSERT
  5
1DBA
  8
_G01-IND-3GEN_DRILLS
  6
CONTINUOUS
  2
ROUND_99
 10
-58.9279999592119097
 20
-171.5769999592118893
 30
0.0
 41
-25.3999999999999986
 42
25.3999999999999986
 43
25.3999999999999986
 50
270.0
  0
INSERT
  5
1DBB
  8
_G01-IND-3GEN_DRILLS
  6
CONTINUOUS
  2
ROUND_99
 10
-56.3879999592119034
 20
-176.148999959211892
 30
0.0
 41
-25.3999999999999986
 42
25.3999999999999986
 43
25.3999999999999986
 50
270.0
  0
INSERT
  5
1DBC
  8
_G01-IND-3GEN_DRILLS
  6
CONTINUOUS
  2
ROUND_99
 10
-57.6579999592118995
 20
-171.5769999592118893
 30
0.0
 41
-25.3999999999999986
 42
25.3999999999999986
 43
25.3999999999999986
 50
270.0
  0
INSERT
  5
1DBD
  8
_G01-IND-3GEN_DRILLS
  6
CONTINUOUS
  2
ROUND_99
 10
-54.9909999592118908
 20
-171.4499999592119082
 30
0.0
 41
-25.3999999999999986
 42
25.3999999999999986
 43
25.3999999999999986
 50
270.0
  0
INSERT
  5
1DBE
  8
_G01-IND-3GEN_DRILLS
  6
CONTINUOUS
  2
ROUND_99
 10
-56.3879999592119034
 20
-171.0689999592119079
 30
0.0
 41
-25.3999999999999986
 42
25.3999999999999986
 43
25.3999999999999986
 50
270.0
  0
INSERT
  5
1DBF
  8
_G01-IND-3GEN_DRILLS
  6
CONTINUOUS
  2
ROUND_99
 10
-48.0059999592119198
 20
-115.0619999592120024
 30
0.0
 41
-25.3999999999999986
 42
25.3999999999999986
 43
25.3999999999999986
 50
270.0
  0
INSERT
  5
1DC0
  8
_G01-IND-3GEN_DRILLS
  6
CONTINUOUS
  2
ROUND_99
 10
-6.9849999592119234
 20
-186.9439999592119079
 30
0.0
 41
-25.3999999999999986
 42
25.3999999999999986
 43
25.3999999999999986
 50
270.0
  0
INSERT
  5
1DC1
  8
_G01-IND-3GEN_DRILLS
  6
CONTINUOUS
  2
ROUND_99
 10
-6.9849999592119234
 20
-176.5299999592118922
 30
0.0
 41
-25.3999999999999986
 42
25.3999999999999986
 43
25.3999999999999986
 50
270.0
  0
INSERT
  5
1DC2
  8
_G01-IND-3GEN_DRILLS
  6
CONTINUOUS
  2
ROUND_99
 10
-13.8429999592119106
 20
-182.6259999592118959
 30
0.0
 41
-25.3999999999999986
 42
25.3999999999999986
 43
25.3999999999999986
 50
270.0
  0
INSERT
  5
1DC3
  8
_G01-IND-3GEN_DRILLS
  6
CONTINUOUS
  2
ROUND_99
 10
-17.7799999592118887
 20
-182.6259999592118959
 30
0.0
 41
-25.3999999999999986
 42
25.3999999999999986
 43
25.3999999999999986
 50
270.0
  0
INSERT
  5
1DC4
  8
_G01-IND-3GEN_DRILLS
  6
CONTINUOUS
  2
ROUND_99
 10
-8.7629999592118857
 20
-180.3399999592120082
 30
0.0
 41
-25.3999999999999986
 42
25.3999999999999986
 43
25.3999999999999986
 50
270.0
  0
INSERT
  5
1DC5
  8
_G01-IND-3GEN_DRILLS
  6
CONTINUOUS
  2
ROUND_99
 10
-5.5879999592118841
 20
-178.3079999592119123
 30
0.0
 41
-25.3999999999999986
 42
25.3999999999999986
 43
25.3999999999999986
 50
270.0
  0
INSERT
  5
1DC6
  8
_G01-IND-3GEN_DRILLS
  6
CONTINUOUS
  2
ROUND_99
 10
-6.9849999592119234
 20
-185.6739999592118977
 30
0.0
 41
-25.3999999999999986
 42
25.3999999999999986
 43
25.3999999999999986
 50
270.0
  0
INSERT
  5
1DC7
  8
_G01-IND-3GEN_DRILLS
  6
CONTINUOUS
  2
ROUND_99
 10
-10.6679999592119099
 20
-182.3719999592119052
 30
0.0
 41
-25.3999999999999986
 42
25.3999999999999986
 43
25.3999999999999986
 50
270.0
  0
INSERT
  5
1DC8
  8
_G01-IND-3GEN_DRILLS
  6
CONTINUOUS
  2
ROUND_99
 10
-22.224999959211889
 20
-200.5329999592119066
 30
0.0
 41
-25.3999999999999986
 42
25.3999999999999986
 43
25.3999999999999986
 50
270.0
  0
INSERT
  5
1DC9
  8
_G01-IND-3GEN_DRILLS
  6
CONTINUOUS
  2
ROUND_99
 10
-6.9849999592119234
 20
-180.3399999592120082
 30
0.0
 41
-25.3999999999999986
 42
25.3999999999999986
 43
25.3999999999999986
 50
270.0
  0
INSERT
  5
1DCA
  8
_G01-IND-3GEN_DRILLS
  6
CONTINUOUS
  2
ROUND_99
 10
-57.2769999592119134
 20
-203.0729999592120123
 30
0.0
 41
-25.3999999999999986
 42
25.3999999999999986
 43
25.3999999999999986
 50
270.0
  0
INSERT
  5
1DCB
  8
_G01-IND-3GEN_DRILLS
  6
CONTINUOUS
  2
ROUND_99
 10
-19.5579999592118803
 20
-201.9299999592118979
 30
0.0
 41
-25.3999999999999986
 42
25.3999999999999986
 43
25.3999999999999986
 50
270.0
  0
INSERT
  5
1DCC
  8
_G01-IND-3GEN_DRILLS
  6
CONTINUOUS
  2
ROUND_99
 10
-8.1279999592119214
 20
-192.1509999592119868
 30
0.0
 41
-25.3999999999999986
 42
25.3999999999999986
 43
25.3999999999999986
 50
270.0
  0
INSERT
  5
1DCD
  8
_G01-IND-3GEN_DRILLS
  6
CONTINUOUS
  2
ROUND_99
 10
-35.940999959211922
 20
-94.3609999592119379
 30
0.0
 41
-25.3999999999999986
 42
25.3999999999999986
 43
25.3999999999999986
 50
270.0
  0
INSERT
  5
1DCE
  8
_G01-IND-3GEN_DRILLS
  6
CONTINUOUS
  2
ROUND_99
 10
-51.307999959211898
 20
-97.5359999592119493
 30
0.0
 41
-25.3999999999999986
 42
25.3999999999999986
 43
25.3999999999999986
 50
270.0
  0
INSERT
  5
1DCF
  8
_G01-IND-3GEN_DRILLS
  6
CONTINUOUS
  2
ROUND_99
 10
-55.6259999592119314
 20
-100.7109999592119038
 30
0.0
 41
-25.3999999999999986
 42
25.3999999999999986
 43
25.3999999999999986
 50
270.0
  0
INSERT
  5
1DD0
  8
_G01-IND-3GEN_DRILLS
  6
CONTINUOUS
  2
ROUND_99
 10
-41.4019999592119277
 20
-64.7699999592119724
 30
0.0
 41
-25.3999999999999986
 42
25.3999999999999986
 43
25.3999999999999986
 50
270.0
  0
INSERT
  5
1DD1
  8
_G01-IND-3GEN_DRILLS
  6
CONTINUOUS
  2
ROUND_99
 10
-9.9059999592119272
 20
-25.2729999592119903
 30
0.0
 41
-25.3999999999999986
 42
25.3999999999999986
 43
25.3999999999999986
 50
270.0
  0
INSERT
  5
1DD2
  8
_G01-IND-3GEN_DRILLS
  6
CONTINUOUS
  2
ROUND_99
 10
-50.6729999592119071
 20
-70.4849999592120042
 30
0.0
 41
-25.3999999999999986
 42
25.3999999999999986
 43
25.3999999999999986
 50
270.0
  0
INSERT
  5
1DD3
  8
_G01-IND-3GEN_DRILLS
  6
CONTINUOUS
  2
ROUND_99
 10
-64.5159999592119107
 20
-101.9809999592118999
 30
0.0
 41
-25.3999999999999986
 42
25.3999999999999986
 43
25.3999999999999986
 50
270.0
  0
INSERT
  5
1DD4
  8
_G01-IND-3GEN_DRILLS
  6
CONTINUOUS
  2
ROUND_99
 10
-67.8179999592119032
 20
-112.9029999592118969
 30
0.0
 41
-25.3999999999999986
 42
25.3999999999999986
 43
25.3999999999999986
 50
270.0
  0
INSERT
  5
1DD5
  8
_G01-IND-3GEN_DRILLS
  6
CONTINUOUS
  2
ROUND_99
 10
-60.4519999592119319
 20
-101.9809999592118999
 30
0.0
 41
-25.3999999999999986
 42
25.3999999999999986
 43
25.3999999999999986
 50
270.0
  0
INSERT
  5
1DD6
  8
_G01-IND-3GEN_DRILLS
  6
CONTINUOUS
  2
ROUND_99
 10
-60.4519999592119319
 20
-98.8059999592119738
 30
0.0
 41
-25.3999999999999986
 42
25.3999999999999986
 43
25.3999999999999986
 50
270.0
  0
INSERT
  5
1DD7
  8
_G01-IND-3GEN_DRILLS
  6
CONTINUOUS
  2
ROUND_99
 10
-67.6909999592119078
 20
-103.7589999592120051
 30
0.0
 41
-25.3999999999999986
 42
25.3999999999999986
 43
25.3999999999999986
 50
270.0
  0
INSERT
  5
1DD8
  8
_G01-IND-3GEN_DRILLS
  6
CONTINUOUS
  2
ROUND_99
 10
-41.1479999592119086
 20
-105.7909999592119021
 30
0.0
 41
-25.3999999999999986
 42
25.3999999999999986
 43
25.3999999999999986
 50
270.0
  0
INSERT
  5
1DD9
  8
_G01-IND-3GEN_DRILLS
  6
CONTINUOUS
  2
ROUND_99
 10
-44.5769999592119319
 20
-94.3609999592119379
 30
0.0
 41
-25.3999999999999986
 42
25.3999999999999986
 43
25.3999999999999986
 50
270.0
  0
INSERT
  5
1DDA
  8
_G01-IND-3GEN_DRILLS
  6
CONTINUOUS
  2
ROUND_99
 10
-62.3569999592119117
 20
-106.6799999592118979
 30
0.0
 41
-25.3999999999999986
 42
25.3999999999999986
 43
25.3999999999999986
 50
270.0
  0
INSERT
  5
1DDB
  8
_G01-IND-3GEN_DRILLS
  6
CONTINUOUS
  2
ROUND_99
 10
-58.8009999592119215
 20
-108.5849999592119985
 30
0.0
 41
-25.3999999999999986
 42
25.3999999999999986
 43
25.3999999999999986
 50
270.0
  0
INSERT
  5
1DDC
  8
_G01-IND-3GEN_DRILLS
  6
CONTINUOUS
  2
ROUND_99
 10
-64.8969999592119251
 20
-70.2309999592119709
 30
0.0
 41
-25.3999999999999986
 42
25.3999999999999986
 43
25.3999999999999986
 50
270.0
  0
INSERT
  5
1DDD
  8
_G01-IND-3GEN_DRILLS
  6
CONTINUOUS
  2
ROUND_99
 10
-72.3899999592119059
 20
-122.300999959211893
 30
0.0
 41
-25.3999999999999986
 42
25.3999999999999986
 43
25.3999999999999986
 50
270.0
  0
INSERT
  5
1DDE
  8
_G01-IND-3GEN_DRILLS
  6
CONTINUOUS
  2
ROUND_99
 10
-74.0409999592119163
 20
-99.4409999592120215
 30
0.0
 41
-25.3999999999999986
 42
25.3999999999999986
 43
25.3999999999999986
 50
270.0
  0
INSERT
  5
1DDF
  8
_G01-IND-3GEN_DRILLS
  6
CONTINUOUS
  2
ROUND_99
 10
-44.5769999592119319
 20
-90.5509999592119925
 30
0.0
 41
-25.3999999999999986
 42
25.3999999999999986
 43
25.3999999999999986
 50
270.0
  0
INSERT
  5
1DE0
  8
_G01-IND-3GEN_DRILLS
  6
CONTINUOUS
  2
ROUND_99
 10
-35.940999959211922
 20
-105.7909999592119021
 30
0.0
 41
-25.3999999999999986
 42
25.3999999999999986
 43
25.3999999999999986
 50
270.0
  0
INSERT
  5
1DE1
  8
_G01-IND-3GEN_DRILLS
  6
CONTINUOUS
  2
ROUND_99
 10
-81.5339999592119113
 20
-99.4409999592120215
 30
0.0
 41
-25.3999999999999986
 42
25.3999999999999986
 43
25.3999999999999986
 50
270.0
  0
INSERT
  5
1DE2
  8
_G01-IND-3GEN_DRILLS
  6
CONTINUOUS
  2
ROUND_99
 10
-35.940999959211922
 20
-95.6309999592119766
 30
0.0
 41
-25.3999999999999986
 42
25.3999999999999986
 43
25.3999999999999986
 50
270.0
  0
INSERT
  5
1DE3
  8
_G01-IND-3GEN_DRILLS
  6
CONTINUOUS
  2
ROUND_99
 10
-44.5769999592119319
 20
-93.0909999592120272
 30
0.0
 41
-25.3999999999999986
 42
25.3999999999999986
 43
25.3999999999999986
 50
270.0
  0
INSERT
  5
1DE4
  8
_G01-IND-3GEN_DRILLS
  6
CONTINUOUS
  2
ROUND_99
 10
-81.5339999592119113
 20
-132.4609999592119038
 30
0.0
 41
-25.3999999999999986
 42
25.3999999999999986
 43
25.3999999999999986
 50
270.0
  0
INSERT
  5
1DE5
  8
_G01-IND-3GEN_DRILLS
  6
CONTINUOUS
  2
ROUND_99
 10
-72.2629999592119248
 20
-132.4609999592119038
 30
0.0
 41
-25.3999999999999986
 42
25.3999999999999986
 43
25.3999999999999986
 50
270.0
  0
INSERT
  5
1DE6
  8
_G01-IND-3GEN_DRILLS
  6
CONTINUOUS
  2
ROUND_99
 10
-75.4379999592119219
 20
-134.365999959211905
 30
0.0
 41
-25.3999999999999986
 42
25.3999999999999986
 43
25.3999999999999986
 50
270.0
  0
INSERT
  5
1DE7
  8
_G01-IND-3GEN_DRILLS
  6
CONTINUOUS
  2
ROUND_99
 10
-4.6989999592119274
 20
-216.0269999592119063
 30
0.0
 41
-25.3999999999999986
 42
25.3999999999999986
 43
25.3999999999999986
 50
270.0
  0
INSERT
  5
1DE8
  8
_G01-IND-3GEN_DRILLS
  6
CONTINUOUS
  2
ROUND_99
 10
-81.2799999592118922
 20
-152.1459999592119914
 30
0.0
 41
-25.3999999999999986
 42
25.3999999999999986
 43
25.3999999999999986
 50
270.0
  0
INSERT
  5
1DE9
  8
_G01-IND-3GEN_DRILLS
  6
CONTINUOUS
  2
ROUND_99
 10
-81.406999959211916
 20
-143.3829999592119009
 30
0.0
 41
-25.3999999999999986
 42
25.3999999999999986
 43
25.3999999999999986
 50
270.0
  0
INSERT
  5
1DEA
  8
_G01-IND-3GEN_DRILLS
  6
CONTINUOUS
  2
ROUND_99
 10
-77.3429999592118946
 20
-152.1459999592119914
 30
0.0
 41
-25.3999999999999986
 42
25.3999999999999986
 43
25.3999999999999986
 50
270.0
  0
INSERT
  5
1DEB
  8
_G01-IND-3GEN_DRILLS
  6
CONTINUOUS
  2
ROUND_99
 10
-81.5339999592119113
 20
-134.365999959211905
 30
0.0
 41
-25.3999999999999986
 42
25.3999999999999986
 43
25.3999999999999986
 50
270.0
  0
INSERT
  5
1DEC
  8
_G01-IND-3GEN_DRILLS
  6
CONTINUOUS
  2
ROUND_99
 10
-81.5339999592119113
 20
-136.2709999592119914
 30
0.0
 41
-25.3999999999999986
 42
25.3999999999999986
 43
25.3999999999999986
 50
270.0
  0
INSERT
  5
1DED
  8
_G01-IND-3GEN_DRILLS
  6
CONTINUOUS
  2
ROUND_99
 10
-62.4839999592119
 20
-138.6839999592118886
 30
0.0
 41
-25.3999999999999986
 42
25.3999999999999986
 43
25.3999999999999986
 50
270.0
  0
INSERT
  5
1DEE
  8
_G01-IND-3GEN_DRILLS
  6
CONTINUOUS
  2
ROUND_99
 10
-85.3439999592118852
 20
-153.4159999592120016
 30
0.0
 41
-25.3999999999999986
 42
25.3999999999999986
 43
25.3999999999999986
 50
270.0
  0
INSERT
  5
1DEF
  8
_G01-IND-3GEN_DRILLS
  6
CONTINUOUS
  2
ROUND_99
 10
-85.3439999592118852
 20
-150.8759999592120096
 30
0.0
 41
-25.3999999999999986
 42
25.3999999999999986
 43
25.3999999999999986
 50
270.0
  0
INSERT
  5
1DF0
  8
_G01-IND-3GEN_DRILLS
  6
CONTINUOUS
  2
ROUND_99
 10
-72.2629999592119248
 20
-140.5889999592118897
 30
0.0
 41
-25.3999999999999986
 42
25.3999999999999986
 43
25.3999999999999986
 50
270.0
  0
INSERT
  5
1DF1
  8
_G01-IND-3GEN_DRILLS
  6
CONTINUOUS
  2
ROUND_99
 10
-67.3099999592119218
 20
-139.5729999592120123
 30
0.0
 41
-25.3999999999999986
 42
25.3999999999999986
 43
25.3999999999999986
 50
270.0
  0
INSERT
  5
1DF2
  8
_G01-IND-3GEN_DRILLS
  6
CONTINUOUS
  2
ROUND_99
 10
-72.2629999592119248
 20
-139.5729999592120123
 30
0.0
 41
-25.3999999999999986
 42
25.3999999999999986
 43
25.3999999999999986
 50
270.0
  0
INSERT
  5
1DF3
  8
_G01-IND-3GEN_DRILLS
  6
CONTINUOUS
  2
ROUND_99
 10
-49.0219999592119322
 20
-84.3279999592119651
 30
0.0
 41
-25.3999999999999986
 42
25.3999999999999986
 43
25.3999999999999986
 50
270.0
  0
INSERT
  5
1DF4
  8
_G01-IND-3GEN_DRILLS
  6
CONTINUOUS
  2
ROUND_99
 10
-52.9589999592119085
 20
-86.3599999592120042
 30
0.0
 41
-25.3999999999999986
 42
25.3999999999999986
 43
25.3999999999999986
 50
270.0
  0
INSERT
  5
1DF5
  8
_G01-IND-3GEN_DRILLS
  6
CONTINUOUS
  2
ROUND_99
 10
-44.7039999592119273
 20
-80.3909999592119391
 30
0.0
 41
-25.3999999999999986
 42
25.3999999999999986
 43
25.3999999999999986
 50
270.0
  0
INSERT
  5
1DF6
  8
_G01-IND-3GEN_DRILLS
  6
CONTINUOUS
  2
ROUND_99
 10
-44.7039999592119273
 20
-85.9789999592119898
 30
0.0
 41
-25.3999999999999986
 42
25.3999999999999986
 43
25.3999999999999986
 50
270.0
  0
INSERT
  5
1DF7
  8
_G01-IND-3GEN_DRILLS
  6
CONTINUOUS
  2
ROUND_99
 10
-49.0219999592119322
 20
-81.6609999592119493
 30
0.0
 41
-25.3999999999999986
 42
25.3999999999999986
 43
25.3999999999999986
 50
270.0
  0
INSERT
  5
1DF8
  8
_G01-IND-3GEN_DRILLS
  6
CONTINUOUS
  2
ROUND_99
 10
-49.1489999592119204
 20
-78.4859999592119522
 30
0.0
 41
-25.3999999999999986
 42
25.3999999999999986
 43
25.3999999999999986
 50
270.0
  0
INSERT
  5
1DF9
  8
_G01-IND-3GEN_DRILLS
  6
CONTINUOUS
  2
ROUND_99
 10
-44.7039999592119273
 20
-82.9309999592119738
 30
0.0
 41
-25.3999999999999986
 42
25.3999999999999986
 43
25.3999999999999986
 50
270.0
  0
INSERT
  5
1DFA
  8
_G01-IND-3GEN_DRILLS
  6
CONTINUOUS
  2
ROUND_99
 10
-49.0219999592119322
 20
-83.0579999592119407
 30
0.0
 41
-25.3999999999999986
 42
25.3999999999999986
 43
25.3999999999999986
 50
270.0
  0
INSERT
  5
1DFB
  8
_G01-IND-3GEN_DRILLS
  6
CONTINUOUS
  2
ROUND_99
 10
-35.940999959211922
 20
-81.6609999592119493
 30
0.0
 41
-25.3999999999999986
 42
25.3999999999999986
 43
25.3999999999999986
 50
270.0
  0
INSERT
  5
1DFC
  8
_G01-IND-3GEN_DRILLS
  6
CONTINUOUS
  2
ROUND_99
 10
-45.7199999592119326
 20
-81.6609999592119493
 30
0.0
 41
-25.3999999999999986
 42
25.3999999999999986
 43
25.3999999999999986
 50
270.0
  0
INSERT
  5
1DFD
  8
_G01-IND-3GEN_DRILLS
  6
CONTINUOUS
  2
ROUND_99
 10
-13.71599995921191
 20
-78.6129999592119333
 30
0.0
 41
-25.3999999999999986
 42
25.3999999999999986
 43
25.3999999999999986
 50
270.0
  0
INSERT
  5
1DFE
  8
_G01-IND-3GEN_DRILLS
  6
CONTINUOUS
  2
ROUND_99
 10
-45.7199999592119326
 20
-84.200999959211984
 30
0.0
 41
-25.3999999999999986
 42
25.3999999999999986
 43
25.3999999999999986
 50
270.0
  0
INSERT
  5
1DFF
  8
_G01-IND-3GEN_DRILLS
  6
CONTINUOUS
  2
ROUND_99
 10
-35.940999959211922
 20
-82.9309999592119738
 30
0.0
 41
-25.3999999999999986
 42
25.3999999999999986
 43
25.3999999999999986
 50
270.0
  0
INSERT
  5
1E00
  8
_G01-IND-3GEN_DRILLS
  6
CONTINUOUS
  2
ROUND_99
 10
-45.0849999592119204
 20
-100.7109999592119038
 30
0.0
 41
-25.3999999999999986
 42
25.3999999999999986
 43
25.3999999999999986
 50
270.0
  0
INSERT
  5
1E01
  8
_G01-IND-3GEN_DRILLS
  6
CONTINUOUS
  2
ROUND_99
 10
-45.7199999592119326
 20
-78.4859999592119522
 30
0.0
 41
-25.3999999999999986
 42
25.3999999999999986
 43
25.3999999999999986
 50
270.0
  0
INSERT
  5
1E02
  8
_G01-IND-3GEN_DRILLS
  6
CONTINUOUS
  2
ROUND_99
 10
-11.4299999592119406
 20
-78.6129999592119333
 30
0.0
 41
-25.3999999999999986
 42
25.3999999999999986
 43
25.3999999999999986
 50
270.0
  0
INSERT
  5
1E03
  8
_G01-IND-3GEN_DRILLS
  6
CONTINUOUS
  2
ROUND_99
 10
-84.0739999592119176
 20
-168.1479999592118872
 30
0.0
 41
-25.3999999999999986
 42
25.3999999999999986
 43
25.3999999999999986
 50
270.0
  0
INSERT
  5
1E04
  8
_G01-IND-3GEN_DRILLS
  6
CONTINUOUS
  2
ROUND_99
 10
9.3980000407881104
 20
-145.287999959211902
 30
0.0
 41
-25.3999999999999986
 42
25.3999999999999986
 43
25.3999999999999986
 50
270.0
  0
INSERT
  5
1E05
  8
_G01-IND-3GEN_DRILLS
  6
CONTINUOUS
  2
ROUND_99
 10
2.9210000407880901
 20
-145.7959999592119118
 30
0.0
 41
-25.3999999999999986
 42
25.3999999999999986
 43
25.3999999999999986
 50
270.0
  0
INSERT
  5
1E06
  8
_G01-IND-3GEN_DRILLS
  6
CONTINUOUS
  2
ROUND_99
 10
-54.3559999592119283
 20
-83.1849999592120071
 30
0.0
 41
-25.3999999999999986
 42
25.3999999999999986
 43
25.3999999999999986
 50
270.0
  0
INSERT
  5
1E07
  8
_G01-IND-3GEN_DRILLS
  6
CONTINUOUS
  2
ROUND_99
 10
-54.3559999592119283
 20
-88.7729999592119867
 30
0.0
 41
-25.3999999999999986
 42
25.3999999999999986
 43
25.3999999999999986
 50
270.0
  0
INSERT
  5
1E08
  8
_G01-IND-3GEN_DRILLS
  6
CONTINUOUS
  2
ROUND_99
 10
-85.8519999592119092
 20
-88.3919999592119581
 30
0.0
 41
-25.3999999999999986
 42
25.3999999999999986
 43
25.3999999999999986
 50
270.0
  0
INSERT
  5
1E09
  8
_G01-IND-3GEN_DRILLS
  6
CONTINUOUS
  2
ROUND_99
 10
-85.9789999592119045
 20
-162.5599999592118934
 30
0.0
 41
-25.3999999999999986
 42
25.3999999999999986
 43
25.3999999999999986
 50
270.0
  0
INSERT
  5
1E0A
  8
_G01-IND-3GEN_DRILLS
  6
CONTINUOUS
  2
ROUND_99
 10
-72.6439999592118966
 20
-165.7349999592119048
 30
0.0
 41
-25.3999999999999986
 42
25.3999999999999986
 43
25.3999999999999986
 50
270.0
  0
INSERT
  5
1E0B
  8
_G01-IND-3GEN_DRILLS
  6
CONTINUOUS
  2
ROUND_99
 10
-70.484999959211919
 20
-168.2749999592118968
 30
0.0
 41
-25.3999999999999986
 42
25.3999999999999986
 43
25.3999999999999986
 50
270.0
  0
INSERT
  5
1E0C
  8
_G01-IND-3GEN_DRILLS
  6
CONTINUOUS
  2
ROUND_99
 10
-67.1829999592118838
 20
-173.4819999592120041
 30
0.0
 41
-25.3999999999999986
 42
25.3999999999999986
 43
25.3999999999999986
 50
270.0
  0
INSERT
  5
1E0D
  8
_G01-IND-3GEN_DRILLS
  6
CONTINUOUS
  2
ROUND_99
 10
-15.3669999592119204
 20
-162.3059999592119027
 30
0.0
 41
-25.3999999999999986
 42
25.3999999999999986
 43
25.3999999999999986
 50
270.0
  0
INSERT
  5
1E0E
  8
_G01-IND-3GEN_DRILLS
  6
CONTINUOUS
  2
ROUND_99
 10
-5.9689999592118994
 20
-117.2209999592118947
 30
0.0
 41
-25.3999999999999986
 42
25.3999999999999986
 43
25.3999999999999986
 50
270.0
  0
INSERT
  5
1E0F
  8
_G01-IND-3GEN_DRILLS
  6
CONTINUOUS
  2
ROUND_99
 10
104.7750000407880009
 20
-146.5579999592119123
 30
0.0
 41
-25.3999999999999986
 42
25.3999999999999986
 43
25.3999999999999986
 50
270.0
  0
INSERT
  5
1E10
  8
_G01-IND-3GEN_DRILLS
  6
CONTINUOUS
  2
ROUND_99
 10
108.7120000407879985
 20
-143.0019999592119007
 30
0.0
 41
-25.3999999999999986
 42
25.3999999999999986
 43
25.3999999999999986
 50
270.0
  0
INSERT
  5
1E11
  8
_G01-IND-3GEN_DRILLS
  6
CONTINUOUS
  2
ROUND_99
 10
105.410000040788006
 20
-173.1009999592118902
 30
0.0
 41
-25.3999999999999986
 42
25.3999999999999986
 43
25.3999999999999986
 50
270.0
  0
INSERT
  5
1E12
  8
_G01-IND-3GEN_DRILLS
  6
CONTINUOUS
  2
ROUND_99
 10
-52.7049999592119391
 20
-64.1349999592120099
 30
0.0
 41
-25.3999999999999986
 42
25.3999999999999986
 43
25.3999999999999986
 50
270.0
  0
INSERT
  5
1E13
  8
_G01-IND-3GEN_DRILLS
  6
CONTINUOUS
  2
ROUND_99
 10
-45.7199999592119326
 20
-73.0249999592119536
 30
0.0
 41
-25.3999999999999986
 42
25.3999999999999986
 43
25.3999999999999986
 50
270.0
  0
INSERT
  5
1E14
  8
_G01-IND-3GEN_DRILLS
  6
CONTINUOUS
  2
ROUND_99
 10
-50.7999999592119096
 20
-68.579999959211932
 30
0.0
 41
-25.3999999999999986
 42
25.3999999999999986
 43
25.3999999999999986
 50
270.0
  0
INSERT
  5
1E15
  8
_G01-IND-3GEN_DRILLS
  6
CONTINUOUS
  2
ROUND_99
 10
-58.9279999592119097
 20
-102.8699999592118957
 30
0.0
 41
-25.3999999999999986
 42
25.3999999999999986
 43
25.3999999999999986
 50
270.0
  0
INSERT
  5
1E16
  8
_G01-IND-3GEN_DRILLS
  6
CONTINUOUS
  2
ROUND_99
 10
-67.6909999592119078
 20
-108.076999959212003
 30
0.0
 41
-25.3999999999999986
 42
25.3999999999999986
 43
25.3999999999999986
 50
270.0
  0
INSERT
  5
1E17
  8
_G01-IND-3GEN_DRILLS
  6
CONTINUOUS
  2
ROUND_99
 10
-85.9789999592119045
 20
-108.3309999592118942
 30
0.0
 41
-25.3999999999999986
 42
25.3999999999999986
 43
25.3999999999999986
 50
270.0
  0
INSERT
  5
1E18
  8
_G01-IND-3GEN_DRILLS
  6
CONTINUOUS
  2
ROUND_99
 10
-75.3109999592119124
 20
-179.3239999592119034
 30
0.0
 41
-25.3999999999999986
 42
25.3999999999999986
 43
25.3999999999999986
 50
270.0
  0
INSERT
  5
1E19
  8
_G01-IND-3GEN_DRILLS
  6
CONTINUOUS
  2
ROUND_99
 10
-50.2919999592119211
 20
-103.2509999592119954
 30
0.0
 41
-25.3999999999999986
 42
25.3999999999999986
 43
25.3999999999999986
 50
270.0
  0
INSERT
  5
1E1A
  8
_G01-IND-3GEN_DRILLS
  6
CONTINUOUS
  2
ROUND_99
 10
-55.8799999592119079
 20
-95.5039999592119955
 30
0.0
 41
-25.3999999999999986
 42
25.3999999999999986
 43
25.3999999999999986
 50
270.0
  0
INSERT
  5
1E1B
  8
_G01-IND-3GEN_DRILLS
  6
CONTINUOUS
  2
ROUND_99
 10
-29.4639999592119217
 20
-98.6789999592119926
 30
0.0
 41
-25.3999999999999986
 42
25.3999999999999986
 43
25.3999999999999986
 50
270.0
  0
INSERT
  5
1E1C
  8
_G01-IND-3GEN_DRILLS
  6
CONTINUOUS
  2
ROUND_99
 10
-59.562999959211929
 20
-68.579999959211932
 30
0.0
 41
-25.3999999999999986
 42
25.3999999999999986
 43
25.3999999999999986
 50
270.0
  0
INSERT
  5
1E1D
  8
_G01-IND-3GEN_DRILLS
  6
CONTINUOUS
  2
ROUND_99
 10
-59.562999959211929
 20
-70.2309999592119709
 30
0.0
 41
-25.3999999999999986
 42
25.3999999999999986
 43
25.3999999999999986
 50
270.0
  0
INSERT
  5
1E1E
  8
_G01-IND-3GEN_DRILLS
  6
CONTINUOUS
  2
ROUND_99
 10
16.1290000407880783
 20
-35.6869999592119882
 30
0.0
 41
-25.3999999999999986
 42
25.3999999999999986
 43
25.3999999999999986
 50
270.0
  0
INSERT
  5
1E1F
  8
_G01-IND-3GEN_DRILLS
  6
CONTINUOUS
  2
ROUND_99
 10
-60.9599999592119204
 20
-85.3439999592120273
 30
0.0
 41
-25.3999999999999986
 42
25.3999999999999986
 43
25.3999999999999986
 50
270.0
  0
INSERT
  5
1E20
  8
_G01-IND-3GEN_DRILLS
  6
CONTINUOUS
  2
ROUND_99
 10
-72.3899999592119059
 20
-121.030999959211897
 30
0.0
 41
-25.3999999999999986
 42
25.3999999999999986
 43
25.3999999999999986
 50
270.0
  0
INSERT
  5
1E21
  8
_G01-IND-3GEN_DRILLS
  6
CONTINUOUS
  2
ROUND_99
 10
-50.0379999592119304
 20
-117.2209999592118947
 30
0.0
 41
-25.3999999999999986
 42
25.3999999999999986
 43
25.3999999999999986
 50
270.0
  0
INSERT
  5
1E22
  8
_G01-IND-3GEN_DRILLS
  6
CONTINUOUS
  2
ROUND_99
 10
-17.9069999592118911
 20
-207.1369999592120053
 30
0.0
 41
-25.3999999999999986
 42
25.3999999999999986
 43
25.3999999999999986
 50
270.0
  0
INSERT
  5
1E23
  8
_G01-IND-3GEN_DRILLS
  6
CONTINUOUS
  2
ROUND_99
 10
-72.2629999592119106
 20
-153.669999959211907
 30
0.0
 41
-25.3999999999999986
 42
25.3999999999999986
 43
25.3999999999999986
 50
270.0
  0
INSERT
  5
1E24
  8
_G01-IND-3GEN_DRILLS
  6
CONTINUOUS
  2
ROUND_99
 10
-72.2629999592119106
 20
-145.7959999592119971
 30
0.0
 41
-25.3999999999999986
 42
25.3999999999999986
 43
25.3999999999999986
 50
270.0
  0
INSERT
  5
1E25
  8
_G01-IND-3GEN_DRILLS
  6
CONTINUOUS
  2
ROUND_99
 10
-5.8419999592119254
 20
-216.0269999592119063
 30
0.0
 41
-25.3999999999999986
 42
25.3999999999999986
 43
25.3999999999999986
 50
270.0
  0
INSERT
  5
1E26
  8
_G01-IND-3GEN_DRILLS
  6
CONTINUOUS
  2
ROUND_99
 10
-77.8509999592119186
 20
-138.8109999592118982
 30
0.0
 41
-25.3999999999999986
 42
25.3999999999999986
 43
25.3999999999999986
 50
270.0
  0
INSERT
  5
1E27
  8
_G01-IND-3GEN_DRILLS
  6
CONTINUOUS
  2
ROUND_99
 10
-78.6129999592119333
 20
-130.5559999592119027
 30
0.0
 41
-25.3999999999999986
 42
25.3999999999999986
 43
25.3999999999999986
 50
270.0
  0
INSERT
  5
1E28
  8
_G01-IND-3GEN_DRILLS
  6
CONTINUOUS
  2
ROUND_99
 10
-51.1809999592119169
 20
-102.3619999592119996
 30
0.0
 41
-25.3999999999999986
 42
25.3999999999999986
 43
25.3999999999999986
 50
270.0
  0
INSERT
  5
1E29
  8
_G01-IND-3GEN_DRILLS
  6
CONTINUOUS
  2
ROUND_99
 10
-53.2129999592119276
 20
-94.3609999592119379
 30
0.0
 41
-25.3999999999999986
 42
25.3999999999999986
 43
25.3999999999999986
 50
270.0
  0
INSERT
  5
1E2A
  8
_G01-IND-3GEN_DRILLS
  6
CONTINUOUS
  2
ROUND_99
 10
-44.5769999592119319
 20
-96.9009999592119868
 30
0.0
 41
-25.3999999999999986
 42
25.3999999999999986
 43
25.3999999999999986
 50
270.0
  0
INSERT
  5
1E2B
  8
_G01-IND-3GEN_DRILLS
  6
CONTINUOUS
  2
ROUND_99
 10
-44.7039999592118988
 20
-108.4579999592119037
 30
0.0
 41
-25.3999999999999986
 42
25.3999999999999986
 43
25.3999999999999986
 50
270.0
  0
INSERT
  5
1E2C
  8
_G01-IND-3GEN_DRILLS
  6
CONTINUOUS
  2
ROUND_99
 10
-29.4639999592119217
 20
-165.0999999592119138
 30
0.0
 41
-25.3999999999999986
 42
25.3999999999999986
 43
25.3999999999999986
 50
270.0
  0
INSERT
  5
1E2D
  8
_G01-IND-3GEN_DRILLS
  6
CONTINUOUS
  2
ROUND_99
 10
-31.2049134192118984
 20
-115.0909534192118997
 30
0.0
 41
-25.3999999999999986
 42
25.3999999999999986
 43
25.3999999999999986
 50
270.0
  0
INSERT
  5
1E2E
  8
_G01-IND-3GEN_DRILLS
  6
CONTINUOUS
  2
ROUND_99
 10
-33.2049119592119268
 20
-115.0909534192118997
 30
0.0
 41
-25.3999999999999986
 42
25.3999999999999986
 43
25.3999999999999986
 50
270.0
  0
INSERT
  5
1E2F
  8
_G01-IND-3GEN_DRILLS
  6
CONTINUOUS
  2
ROUND_99
 10
-24.0029999592119196
 20
-175.6409999592119107
 30
0.0
 41
-25.3999999999999986
 42
25.3999999999999986
 43
25.3999999999999986
 50
270.0
  0
INSERT
  5
1E30
  8
_G01-IND-3GEN_DRILLS
  6
CONTINUOUS
  2
ROUND_99
 10
-23.8759999592118994
 20
-189.6109999592119095
 30
0.0
 41
-25.3999999999999986
 42
25.3999999999999986
 43
25.3999999999999986
 50
270.0
  0
INSERT
  5
1E31
  8
_G01-IND-3GEN_DRILLS
  6
CONTINUOUS
  2
ROUND_99
 10
-28.0669999592118984
 20
-176.5299999592118922
 30
0.0
 41
-25.3999999999999986
 42
25.3999999999999986
 43
25.3999999999999986
 50
270.0
  0
INSERT
  5
1E32
  8
_G01-IND-3GEN_DRILLS
  6
CONTINUOUS
  2
ROUND_99
 10
-51.9429999592119103
 20
-187.0709999592120028
 30
0.0
 41
-25.3999999999999986
 42
25.3999999999999986
 43
25.3999999999999986
 50
270.0
  0
INSERT
  5
1E33
  8
_G01-IND-3GEN_DRILLS
  6
CONTINUOUS
  2
ROUND_99
 10
-24.256999959211921
 20
-171.0689999592119079
 30
0.0
 41
-25.3999999999999986
 42
25.3999999999999986
 43
25.3999999999999986
 50
270.0
  0
INSERT
  5
1E34
  8
_G01-IND-3GEN_DRILLS
  6
CONTINUOUS
  2
ROUND_99
 10
-32.2049164992119117
 20
-115.0909534192118997
 30
0.0
 41
-25.3999999999999986
 42
25.3999999999999986
 43
25.3999999999999986
 50
270.0
  0
INSERT
  5
1E35
  8
_G01-IND-3GEN_DRILLS
  6
CONTINUOUS
  2
ROUND_99
 10
-26.6699999592119106
 20
-175.6409999592119107
 30
0.0
 41
-25.3999999999999986
 42
25.3999999999999986
 43
25.3999999999999986
 50
270.0
  0
INSERT
  5
1E36
  8
_G01-IND-3GEN_DRILLS
  6
CONTINUOUS
  2
ROUND_99
 10
-51.9429999592119103
 20
-188.0869999592119086
 30
0.0
 41
-25.3999999999999986
 42
25.3999999999999986
 43
25.3999999999999986
 50
270.0
  0
INSERT
  5
1E37
  8
_G01-IND-3GEN_DRILLS
  6
CONTINUOUS
  2
ROUND_99
 10
-28.0669999592118984
 20
-175.1329999592119009
 30
0.0
 41
-25.3999999999999986
 42
25.3999999999999986
 43
25.3999999999999986
 50
270.0
  0
INSERT
  5
1E38
  8
_G01-IND-3GEN_DRILLS
  6
CONTINUOUS
  2
ROUND_99
 10
-53.0859999592119109
 20
-187.0709999592120028
 30
0.0
 41
-25.3999999999999986
 42
25.3999999999999986
 43
25.3999999999999986
 50
270.0
  0
INSERT
  5
1E39
  8
_G01-IND-3GEN_DRILLS
  6
CONTINUOUS
  2
ROUND_99
 10
-52.9589999592118872
 20
-174.7519999592119007
 30
0.0
 41
-25.3999999999999986
 42
25.3999999999999986
 43
25.3999999999999986
 50
270.0
  0
INSERT
  5
1E3A
  8
_G01-IND-3GEN_DRILLS
  6
CONTINUOUS
  2
ROUND_99
 10
-36.0679999592119103
 20
-165.9889999592118954
 30
0.0
 41
-25.3999999999999986
 42
25.3999999999999986
 43
25.3999999999999986
 50
270.0
  0
INSERT
  5
1E3B
  8
_G01-IND-3GEN_DRILLS
  6
CONTINUOUS
  2
ROUND_99
 10
-36.0679999592119103
 20
-167.6399999592119912
 30
0.0
 41
-25.3999999999999986
 42
25.3999999999999986
 43
25.3999999999999986
 50
270.0
  0
INSERT
  5
1E3C
  8
_G01-IND-3GEN_DRILLS
  6
CONTINUOUS
  2
ROUND_99
 10
-52.9589999592118872
 20
-175.7679999592120055
 30
0.0
 41
-25.3999999999999986
 42
25.3999999999999986
 43
25.3999999999999986
 50
270.0
  0
INSERT
  5
1E3D
  8
_G01-IND-3GEN_DRILLS
  6
CONTINUOUS
  2
ROUND_99
 10
-51.9429999592119103
 20
-174.7519999592119007
 30
0.0
 41
-25.3999999999999986
 42
25.3999999999999986
 43
25.3999999999999986
 50
270.0
  0
INSERT
  5
1E3E
  8
_G01-IND-3GEN_DRILLS
  6
CONTINUOUS
  2
ROUND_99
 10
-37.3379999592119134
 20
-165.9889999592118954
 30
0.0
 41
-25.3999999999999986
 42
25.3999999999999986
 43
25.3999999999999986
 50
270.0
  0
INSERT
  5
1E3F
  8
_G01-IND-3GEN_DRILLS
  6
CONTINUOUS
  2
ROUND_99
 10
-38.9889999592119167
 20
-167.0049999592118866
 30
0.0
 41
-25.3999999999999986
 42
25.3999999999999986
 43
25.3999999999999986
 50
270.0
  0
INSERT
  5
1E40
  8
_G01-IND-3GEN_DRILLS
  6
CONTINUOUS
  2
ROUND_99
 10
-27.6859999592119088
 20
-171.0689999592119079
 30
0.0
 41
-25.3999999999999986
 42
25.3999999999999986
 43
25.3999999999999986
 50
270.0
  0
INSERT
  5
1E41
  8
_G01-IND-3GEN_DRILLS
  6
CONTINUOUS
  2
ROUND_99
 10
-51.9429999592119103
 20
-175.7679999592120055
 30
0.0
 41
-25.3999999999999986
 42
25.3999999999999986
 43
25.3999999999999986
 50
270.0
  0
INSERT
  5
1E42
  8
_G01-IND-3GEN_DRILLS
  6
CONTINUOUS
  2
ROUND_99
 10
-38.9889999592119167
 20
-165.9889999592118954
 30
0.0
 41
-25.3999999999999986
 42
25.3999999999999986
 43
25.3999999999999986
 50
270.0
  0
INSERT
  5
1E43
  8
_G01-IND-3GEN_DRILLS
  6
CONTINUOUS
  2
ROUND_99
 10
-51.9429999592119103
 20
-176.6569999592119018
 30
0.0
 41
-25.3999999999999986
 42
25.3999999999999986
 43
25.3999999999999986
 50
270.0
  0
INSERT
  5
1E44
  8
_G01-IND-3GEN_DRILLS
  6
CONTINUOUS
  2
ROUND_99
 10
-40.2589999592118772
 20
-167.0049999592118866
 30
0.0
 41
-25.3999999999999986
 42
25.3999999999999986
 43
25.3999999999999986
 50
270.0
  0
INSERT
  5
1E45
  8
_G01-IND-3GEN_DRILLS
  6
CONTINUOUS
  2
ROUND_99
 10
-50.418999959211888
 20
-174.7519999592119007
 30
0.0
 41
-25.3999999999999986
 42
25.3999999999999986
 43
25.3999999999999986
 50
270.0
  0
INSERT
  5
1E46
  8
_G01-IND-3GEN_DRILLS
  6
CONTINUOUS
  2
ROUND_99
 10
-50.418999959211888
 20
-175.7679999592120055
 30
0.0
 41
-25.3999999999999986
 42
25.3999999999999986
 43
25.3999999999999986
 50
270.0
  0
INSERT
  5
1E47
  8
_G01-IND-3GEN_DRILLS
  6
CONTINUOUS
  2
ROUND_99
 10
-40.2589999592118772
 20
-165.9889999592118954
 30
0.0
 41
-25.3999999999999986
 42
25.3999999999999986
 43
25.3999999999999986
 50
270.0
  0
INSERT
  5
1E48
  8
_G01-IND-3GEN_DRILLS
  6
CONTINUOUS
  2
ROUND_99
 10
-51.9429999592119103
 20
-181.4829999592118952
 30
0.0
 41
-25.3999999999999986
 42
25.3999999999999986
 43
25.3999999999999986
 50
270.0
  0
INSERT
  5
1E49
  8
_G01-IND-3GEN_DRILLS
  6
CONTINUOUS
  2
ROUND_99
 10
-41.5289999592119088
 20
-165.9889999592118954
 30
0.0
 41
-25.3999999999999986
 42
25.3999999999999986
 43
25.3999999999999986
 50
270.0
  0
INSERT
  5
1E4A
  8
_G01-IND-3GEN_DRILLS
  6
CONTINUOUS
  2
ROUND_99
 10
-43.1799999592118908
 20
-167.0049999592118866
 30
0.0
 41
-25.3999999999999986
 42
25.3999999999999986
 43
25.3999999999999986
 50
270.0
  0
INSERT
  5
1E4B
  8
_G01-IND-3GEN_DRILLS
  6
CONTINUOUS
  2
ROUND_99
 10
-32.2579999592119009
 20
-175.1329999592119009
 30
0.0
 41
-25.3999999999999986
 42
25.3999999999999986
 43
25.3999999999999986
 50
270.0
  0
INSERT
  5
1E4C
  8
_G01-IND-3GEN_DRILLS
  6
CONTINUOUS
  2
ROUND_99
 10
-36.1949999592119127
 20
-176.4029999592119964
 30
0.0
 41
-25.3999999999999986
 42
25.3999999999999986
 43
25.3999999999999986
 50
270.0
  0
INSERT
  5
1E4D
  8
_G01-IND-3GEN_DRILLS
  6
CONTINUOUS
  2
ROUND_99
 10
-43.1799999592118908
 20
-165.9889999592118954
 30
0.0
 41
-25.3999999999999986
 42
25.3999999999999986
 43
25.3999999999999986
 50
270.0
  0
INSERT
  5
1E4E
  8
_G01-IND-3GEN_DRILLS
  6
CONTINUOUS
  2
ROUND_99
 10
-34.7979999592118929
 20
-168.9099999592120014
 30
0.0
 41
-25.3999999999999986
 42
25.3999999999999986
 43
25.3999999999999986
 50
270.0
  0
INSERT
  5
1E4F
  8
_G01-IND-3GEN_DRILLS
  6
CONTINUOUS
  2
ROUND_99
 10
-36.1949999592119127
 20
-171.1959999592120028
 30
0.0
 41
-25.3999999999999986
 42
25.3999999999999986
 43
25.3999999999999986
 50
270.0
  0
INSERT
  5
1E50
  8
_G01-IND-3GEN_DRILLS
  6
CONTINUOUS
  2
ROUND_99
 10
-44.4499999592119082
 20
-165.9889999592118954
 30
0.0
 41
-25.3999999999999986
 42
25.3999999999999986
 43
25.3999999999999986
 50
270.0
  0
INSERT
  5
1E51
  8
_G01-IND-3GEN_DRILLS
  6
CONTINUOUS
  2
ROUND_99
 10
-37.2109999592119109
 20
-170.8149999592120025
 30
0.0
 41
-25.3999999999999986
 42
25.3999999999999986
 43
25.3999999999999986
 50
270.0
  0
INSERT
  5
1E52
  8
_G01-IND-3GEN_DRILLS
  6
CONTINUOUS
  2
ROUND_99
 10
-44.4499999592119082
 20
-167.0049999592118866
 30
0.0
 41
-25.3999999999999986
 42
25.3999999999999986
 43
25.3999999999999986
 50
270.0
  0
INSERT
  5
1E53
  8
_G01-IND-3GEN_DRILLS
  6
CONTINUOUS
  2
ROUND_99
 10
-33.5279999592119182
 20
-176.4029999592119964
 30
0.0
 41
-25.3999999999999986
 42
25.3999999999999986
 43
25.3999999999999986
 50
270.0
  0
INSERT
  5
1E54
  8
_G01-IND-3GEN_DRILLS
  6
CONTINUOUS
  2
ROUND_99
 10
-45.973999959211902
 20
-165.9889999592118954
 30
0.0
 41
-25.3999999999999986
 42
25.3999999999999986
 43
25.3999999999999986
 50
270.0
  0
INSERT
  5
1E55
  8
_G01-IND-3GEN_DRILLS
  6
CONTINUOUS
  2
ROUND_99
 10
-34.7979999592118929
 20
-175.1329999592119009
 30
0.0
 41
-25.3999999999999986
 42
25.3999999999999986
 43
25.3999999999999986
 50
270.0
  0
INSERT
  5
1E56
  8
_G01-IND-3GEN_DRILLS
  6
CONTINUOUS
  2
ROUND_99
 10
-28.0669999592118984
 20
-177.6729999592118929
 30
0.0
 41
-25.3999999999999986
 42
25.3999999999999986
 43
25.3999999999999986
 50
270.0
  0
INSERT
  5
1E57
  8
_G01-IND-3GEN_DRILLS
  6
CONTINUOUS
  2
ROUND_99
 10
-45.973999959211902
 20
-167.0049999592118866
 30
0.0
 41
-25.3999999999999986
 42
25.3999999999999986
 43
25.3999999999999986
 50
270.0
  0
INSERT
  5
1E58
  8
_G01-IND-3GEN_DRILLS
  6
CONTINUOUS
  2
ROUND_99
 10
-34.7979999592118929
 20
-176.4029999592119964
 30
0.0
 41
-25.3999999999999986
 42
25.3999999999999986
 43
25.3999999999999986
 50
270.0
  0
INSERT
  5
1E59
  8
_G01-IND-3GEN_DRILLS
  6
CONTINUOUS
  2
ROUND_99
 10
-28.0669999592118984
 20
-178.6889999592119125
 30
0.0
 41
-25.3999999999999986
 42
25.3999999999999986
 43
25.3999999999999986
 50
270.0
  0
INSERT
  5
1E5A
  8
_G01-IND-3GEN_DRILLS
  6
CONTINUOUS
  2
ROUND_99
 10
-47.2439999592118909
 20
-165.9889999592118954
 30
0.0
 41
-25.3999999999999986
 42
25.3999999999999986
 43
25.3999999999999986
 50
270.0
  0
INSERT
  5
1E5B
  8
_G01-IND-3GEN_DRILLS
  6
CONTINUOUS
  2
ROUND_99
 10
-32.2579999592119009
 20
-177.926999959211912
 30
0.0
 41
-25.3999999999999986
 42
25.3999999999999986
 43
25.3999999999999986
 50
270.0
  0
INSERT
  5
1E5C
  8
_G01-IND-3GEN_DRILLS
  6
CONTINUOUS
  2
ROUND_99
 10
-47.2439999592118909
 20
-167.5129999592118963
 30
0.0
 41
-25.3999999999999986
 42
25.3999999999999986
 43
25.3999999999999986
 50
270.0
  0
INSERT
  5
1E5D
  8
_G01-IND-3GEN_DRILLS
  6
CONTINUOUS
  2
ROUND_99
 10
-36.1949999592119127
 20
-175.1329999592119009
 30
0.0
 41
-25.3999999999999986
 42
25.3999999999999986
 43
25.3999999999999986
 50
270.0
  0
INSERT
  5
1E5E
  8
_G01-IND-3GEN_DRILLS
  6
CONTINUOUS
  2
ROUND_99
 10
-30.4799999592118986
 20
-175.6409999592119107
 30
0.0
 41
-25.3999999999999986
 42
25.3999999999999986
 43
25.3999999999999986
 50
270.0
  0
INSERT
  5
1E5F
  8
_G01-IND-3GEN_DRILLS
  6
CONTINUOUS
  2
ROUND_99
 10
-48.6409999592118893
 20
-167.3859999592118868
 30
0.0
 41
-25.3999999999999986
 42
25.3999999999999986
 43
25.3999999999999986
 50
270.0
  0
INSERT
  5
1E60
  8
_G01-IND-3GEN_DRILLS
  6
CONTINUOUS
  2
ROUND_99
 10
-29.8449999592119113
 20
-174.7519999592119007
 30
0.0
 41
-25.3999999999999986
 42
25.3999999999999986
 43
25.3999999999999986
 50
270.0
  0
INSERT
  5
1E61
  8
_G01-IND-3GEN_DRILLS
  6
CONTINUOUS
  2
ROUND_99
 10
-37.2109999592119109
 20
-175.1329999592119009
 30
0.0
 41
-25.3999999999999986
 42
25.3999999999999986
 43
25.3999999999999986
 50
270.0
  0
INSERT
  5
1E62
  8
_G01-IND-3GEN_DRILLS
  6
CONTINUOUS
  2
ROUND_99
 10
-50.926999959211912
 20
-166.115999959211905
 30
0.0
 41
-25.3999999999999986
 42
25.3999999999999986
 43
25.3999999999999986
 50
270.0
  0
INSERT
  5
1E63
  8
_G01-IND-3GEN_DRILLS
  6
CONTINUOUS
  2
ROUND_99
 10
-50.418999959211888
 20
-180.7209999592120084
 30
0.0
 41
-25.3999999999999986
 42
25.3999999999999986
 43
25.3999999999999986
 50
270.0
  0
INSERT
  5
1E64
  8
_G01-IND-3GEN_DRILLS
  6
CONTINUOUS
  2
ROUND_99
 10
-50.926999959211912
 20
-167.3859999592118868
 30
0.0
 41
-25.3999999999999986
 42
25.3999999999999986
 43
25.3999999999999986
 50
270.0
  0
INSERT
  5
1E65
  8
_G01-IND-3GEN_DRILLS
  6
CONTINUOUS
  2
ROUND_99
 10
-51.1809999592119027
 20
-189.4839999592119
 30
0.0
 41
-25.3999999999999986
 42
25.3999999999999986
 43
25.3999999999999986
 50
270.0
  0
INSERT
  5
1E66
  8
_G01-IND-3GEN_DRILLS
  6
CONTINUOUS
  2
ROUND_99
 10
-52.1969999592119009
 20
-166.115999959211905
 30
0.0
 41
-25.3999999999999986
 42
25.3999999999999986
 43
25.3999999999999986
 50
270.0
  0
INSERT
  5
1E67
  8
_G01-IND-3GEN_DRILLS
  6
CONTINUOUS
  2
ROUND_99
 10
-41.5289999592119088
 20
-192.7859999592118925
 30
0.0
 41
-25.3999999999999986
 42
25.3999999999999986
 43
25.3999999999999986
 50
270.0
  0
INSERT
  5
1E68
  8
_G01-IND-3GEN_DRILLS
  6
CONTINUOUS
  2
ROUND_99
 10
-41.6559999592119183
 20
-74.5489999592119261
 30
0.0
 41
-25.3999999999999986
 42
25.3999999999999986
 43
25.3999999999999986
 50
270.0
  0
INSERT
  5
1E69
  8
_G01-IND-3GEN_DRILLS
  6
CONTINUOUS
  2
ROUND_99
 10
-41.0209999592119203
 20
-104.1399999592119059
 30
0.0
 41
-25.3999999999999986
 42
25.3999999999999986
 43
25.3999999999999986
 50
270.0
  0
INSERT
  5
1E6A
  8
_G01-IND-3GEN_DRILLS
  6
CONTINUOUS
  2
ROUND_99
 10
-29.4639999592119217
 20
-87.8839999592119767
 30
0.0
 41
-25.3999999999999986
 42
25.3999999999999986
 43
25.3999999999999986
 50
270.0
  0
INSERT
  5
1E6B
  8
_G01-IND-3GEN_DRILLS
  6
CONTINUOUS
  2
ROUND_99
 10
-41.1479999592119086
 20
-109.7279999592118997
 30
0.0
 41
-25.3999999999999986
 42
25.3999999999999986
 43
25.3999999999999986
 50
270.0
  0
INSERT
  5
1E6C
  8
_G01-IND-3GEN_DRILLS
  6
CONTINUOUS
  2
ROUND_99
 10
-8.7629999592118857
 20
-183.0069999592118961
 30
0.0
 41
-25.3999999999999986
 42
25.3999999999999986
 43
25.3999999999999986
 50
270.0
  0
INSERT
  5
1E6D
  8
_G01-IND-3GEN_DRILLS
  6
CONTINUOUS
  2
ROUND_99
 10
-35.940999959211922
 20
-91.8209999592119033
 30
0.0
 41
-25.3999999999999986
 42
25.3999999999999986
 43
25.3999999999999986
 50
270.0
  0
INSERT
  5
1E6E
  8
_G01-IND-3GEN_DRILLS
  6
CONTINUOUS
  2
ROUND_99
 10
5.715000040788075
 20
-183.2609999592118868
 30
0.0
 41
-25.3999999999999986
 42
25.3999999999999986
 43
25.3999999999999986
 50
270.0
  0
INSERT
  5
1E6F
  8
_G01-IND-3GEN_DRILLS
  6
CONTINUOUS
  2
ROUND_99
 10
-0.7619999592118983
 20
-189.7379999592118907
 30
0.0
 41
-25.3999999999999986
 42
25.3999999999999986
 43
25.3999999999999986
 50
270.0
  0
INSERT
  5
1E70
  8
_G01-IND-3GEN_DRILLS
  6
CONTINUOUS
  2
ROUND_99
 10
-6.6039999592119081
 20
-205.866999959211995
 30
0.0
 41
-25.3999999999999986
 42
25.3999999999999986
 43
25.3999999999999986
 50
270.0
  0
INSERT
  5
1E71
  8
_G01-IND-3GEN_DRILLS
  6
CONTINUOUS
  2
ROUND_99
 10
1.778000040788092
 20
-206.6289999592119102
 30
0.0
 41
-25.3999999999999986
 42
25.3999999999999986
 43
25.3999999999999986
 50
270.0
  0
INSERT
  5
1E72
  8
_G01-IND-3GEN_DRILLS
  6
CONTINUOUS
  2
ROUND_99
 10
-5.2069999592119149
 20
-203.8349999592118991
 30
0.0
 41
-25.3999999999999986
 42
25.3999999999999986
 43
25.3999999999999986
 50
270.0
  0
INSERT
  5
1E73
  8
_G01-IND-3GEN_DRILLS
  6
CONTINUOUS
  2
ROUND_99
 10
-13.71599995921191
 20
-163.4489999592119034
 30
0.0
 41
-25.3999999999999986
 42
25.3999999999999986
 43
25.3999999999999986
 50
270.0
  0
INSERT
  5
1E74
  8
_G01-IND-3GEN_DRILLS
  6
CONTINUOUS
  2
ROUND_99
 10
-35.940999959211922
 20
-107.0609999592118982
 30
0.0
 41
-25.3999999999999986
 42
25.3999999999999986
 43
25.3999999999999986
 50
270.0
  0
INSERT
  5
1E75
  8
_G01-IND-3GEN_DRILLS
  6
CONTINUOUS
  2
ROUND_99
 10
-15.3669999592119204
 20
-158.2419999592119098
 30
0.0
 41
-25.3999999999999986
 42
25.3999999999999986
 43
25.3999999999999986
 50
270.0
  0
INSERT
  5
1E76
  8
_G01-IND-3GEN_DRILLS
  6
CONTINUOUS
  2
ROUND_99
 10
-35.940999959211922
 20
-103.2509999592119954
 30
0.0
 41
-25.3999999999999986
 42
25.3999999999999986
 43
25.3999999999999986
 50
270.0
  0
INSERT
  5
1E77
  8
_G01-IND-3GEN_DRILLS
  6
CONTINUOUS
  2
ROUND_99
 10
-54.2289999592118974
 20
-152.5269999592119063
 30
0.0
 41
-25.3999999999999986
 42
25.3999999999999986
 43
25.3999999999999986
 50
270.0
  0
INSERT
  5
1E78
  8
_G01-IND-3GEN_DRILLS
  6
CONTINUOUS
  2
ROUND_99
 10
28.1940000407880689
 20
-40.8939999592119392
 30
0.0
 41
-25.3999999999999986
 42
25.3999999999999986
 43
25.3999999999999986
 50
270.0
  0
INSERT
  5
1E79
  8
_G01-IND-3GEN_DRILLS
  6
CONTINUOUS
  2
ROUND_99
 10
27.1780000407880493
 20
-40.8939999592119392
 30
0.0
 41
-25.3999999999999986
 42
25.3999999999999986
 43
25.3999999999999986
 50
270.0
  0
INSERT
  5
1E7A
  8
_G01-IND-3GEN_DRILLS
  6
CONTINUOUS
  2
ROUND_99
 10
33.6550000407880674
 20
-40.8939999592119392
 30
0.0
 41
-25.3999999999999986
 42
25.3999999999999986
 43
25.3999999999999986
 50
270.0
  0
INSERT
  5
1E7B
  8
_G01-IND-3GEN_DRILLS
  6
CONTINUOUS
  2
ROUND_99
 10
32.7660000407880716
 20
-40.8939999592119392
 30
0.0
 41
-25.3999999999999986
 42
25.3999999999999986
 43
25.3999999999999986
 50
270.0
  0
INSERT
  5
1E7C
  8
_G01-IND-3GEN_DRILLS
  6
CONTINUOUS
  2
ROUND_99
 10
30.4800000407880702
 20
-40.8939999592119392
 30
0.0
 41
-25.3999999999999986
 42
25.3999999999999986
 43
25.3999999999999986
 50
270.0
  0
INSERT
  5
1E7D
  8
_G01-IND-3GEN_DRILLS
  6
CONTINUOUS
  2
ROUND_99
 10
29.2100000407880493
 20
-40.8939999592119392
 30
0.0
 41
-25.3999999999999986
 42
25.3999999999999986
 43
25.3999999999999986
 50
270.0
  0
INSERT
  5
1E7E
  8
_G01-IND-3GEN_DRILLS
  6
CONTINUOUS
  2
ROUND_99
 10
31.7500000407880911
 20
-40.8939999592119392
 30
0.0
 41
-25.3999999999999986
 42
25.3999999999999986
 43
25.3999999999999986
 50
270.0
  0
INSERT
  5
1E7F
  8
_G01-IND-3GEN_DRILLS
  6
CONTINUOUS
  2
ROUND_99
 10
-45.8469999592119279
 20
-93.4719999592119422
 30
0.0
 41
-25.3999999999999986
 42
25.3999999999999986
 43
25.3999999999999986
 50
270.0
  0
INSERT
  5
1E80
  8
_G01-IND-3GEN_DRILLS
  6
CONTINUOUS
  2
ROUND_99
 10
-46.7359999592119095
 20
-110.2359999592118953
 30
0.0
 41
-25.3999999999999986
 42
25.3999999999999986
 43
25.3999999999999986
 50
270.0
  0
INSERT
  5
1E81
  8
_G01-IND-3GEN_DRILLS
  6
CONTINUOUS
  2
ROUND_99
 10
-17.5259999592119193
 20
-114.4269999592118978
 30
0.0
 41
-25.3999999999999986
 42
25.3999999999999986
 43
25.3999999999999986
 50
270.0
  0
INSERT
  5
1E82
  8
_G01-IND-3GEN_DRILLS
  6
CONTINUOUS
  2
ROUND_99
 10
11.5570000407880809
 20
-172.3389999592118897
 30
0.0
 41
-25.3999999999999986
 42
25.3999999999999986
 43
25.3999999999999986
 50
270.0
  0
INSERT
  5
1E83
  8
_G01-IND-3GEN_DRILLS
  6
CONTINUOUS
  2
ROUND_99
 10
-50.7999999592119096
 20
-154.4319999592119927
 30
0.0
 41
-25.3999999999999986
 42
25.3999999999999986
 43
25.3999999999999986
 50
270.0
  0
INSERT
  5
1E84
  8
_G01-IND-3GEN_DRILLS
  6
CONTINUOUS
  2
ROUND_99
 10
-54.1019999592119092
 20
-159.5119999592118916
 30
0.0
 41
-25.3999999999999986
 42
25.3999999999999986
 43
25.3999999999999986
 50
270.0
  0
INSERT
  5
1E85
  8
_G01-IND-3GEN_DRILLS
  6
CONTINUOUS
  2
ROUND_99
 10
-54.1019999592119092
 20
-156.9719999592118995
 30
0.0
 41
-25.3999999999999986
 42
25.3999999999999986
 43
25.3999999999999986
 50
270.0
  0
INSERT
  5
1E86
  8
_G01-IND-3GEN_DRILLS
  6
CONTINUOUS
  2
ROUND_99
 10
-44.4499999592119082
 20
-168.7829999592119066
 30
0.0
 41
-25.3999999999999986
 42
25.3999999999999986
 43
25.3999999999999986
 50
270.0
  0
INSERT
  5
1E87
  8
_G01-IND-3GEN_DRILLS
  6
CONTINUOUS
  2
ROUND_99
 10
-40.7669999592119012
 20
-135.3819999592118961
 30
0.0
 41
-25.3999999999999986
 42
25.3999999999999986
 43
25.3999999999999986
 50
270.0
  0
INSERT
  5
1E88
  8
_G01-IND-3GEN_DRILLS
  6
CONTINUOUS
  2
ROUND_99
 10
-24.7649999592119094
 20
-135.5089999592119057
 30
0.0
 41
-25.3999999999999986
 42
25.3999999999999986
 43
25.3999999999999986
 50
270.0
  0
INSERT
  5
1E89
  8
_G01-IND-3GEN_DRILLS
  6
CONTINUOUS
  2
ROUND_99
 10
-13.9699999592118793
 20
-174.8789999592119102
 30
0.0
 41
-25.3999999999999986
 42
25.3999999999999986
 43
25.3999999999999986
 50
270.0
  0
INSERT
  5
1E8A
  8
_G01-IND-3GEN_DRILLS
  6
CONTINUOUS
  2
ROUND_99
 10
-17.7799999592118887
 20
-176.9109999592118925
 30
0.0
 41
-25.3999999999999986
 42
25.3999999999999986
 43
25.3999999999999986
 50
270.0
  0
INSERT
  5
1E8B
  8
_G01-IND-3GEN_DRILLS
  6
CONTINUOUS
  2
ROUND_99
 10
-62.4839999592119
 20
-141.2239999592119091
 30
0.0
 41
-25.3999999999999986
 42
25.3999999999999986
 43
25.3999999999999986
 50
270.0
  0
INSERT
  5
1E8C
  8
_G01-IND-3GEN_DRILLS
  6
CONTINUOUS
  2
ROUND_99
 10
-64.0079999592119009
 20
-170.6879999592119077
 30
0.0
 41
-25.3999999999999986
 42
25.3999999999999986
 43
25.3999999999999986
 50
270.0
  0
INSERT
  5
1E8D
  8
_G01-IND-3GEN_DRILLS
  6
CONTINUOUS
  2
ROUND_99
 10
-71.1199999592119099
 20
-146.4309999592119027
 30
0.0
 41
-25.3999999999999986
 42
25.3999999999999986
 43
25.3999999999999986
 50
270.0
  0
INSERT
  5
1E8E
  8
_G01-IND-3GEN_DRILLS
  6
CONTINUOUS
  2
ROUND_99
 10
-56.8959999592119203
 20
-97.5359999592119493
 30
0.0
 41
-25.3999999999999986
 42
25.3999999999999986
 43
25.3999999999999986
 50
270.0
  0
INSERT
  5
1E8F
  8
_G01-IND-3GEN_DRILLS
  6
CONTINUOUS
  2
ROUND_99
 10
-48.2599999592119175
 20
-48.6409999592120172
 30
0.0
 41
-25.3999999999999986
 42
25.3999999999999986
 43
25.3999999999999986
 50
270.0
  0
INSERT
  5
1E90
  8
_G01-IND-3GEN_DRILLS
  6
CONTINUOUS
  2
ROUND_99
 10
-29.59099995921191
 20
-159.130999959212005
 30
0.0
 41
-25.3999999999999986
 42
25.3999999999999986
 43
25.3999999999999986
 50
270.0
  0
INSERT
  5
1E91
  8
_G01-IND-3GEN_DRILLS
  6
CONTINUOUS
  2
ROUND_99
 10
-32.6389999592119224
 20
-135.8899999592119912
 30
0.0
 41
-25.3999999999999986
 42
25.3999999999999986
 43
25.3999999999999986
 50
270.0
  0
INSERT
  5
1E92
  8
_G01-IND-3GEN_DRILLS
  6
CONTINUOUS
  2
ROUND_99
 10
-25.1459999592118884
 20
-186.3089999592118886
 30
0.0
 41
-25.3999999999999986
 42
25.3999999999999986
 43
25.3999999999999986
 50
270.0
  0
INSERT
  5
1E93
  8
_G01-IND-3GEN_DRILLS
  6
CONTINUOUS
  2
ROUND_99
 10
-41.5289999592119088
 20
-191.7699999592119013
 30
0.0
 41
-25.3999999999999986
 42
25.3999999999999986
 43
25.3999999999999986
 50
270.0
  0
INSERT
  5
1E94
  8
_G01-IND-3GEN_DRILLS
  6
CONTINUOUS
  2
ROUND_99
 10
-29.59099995921191
 20
-160.4009999592119868
 30
0.0
 41
-25.3999999999999986
 42
25.3999999999999986
 43
25.3999999999999986
 50
270.0
  0
INSERT
  5
1E95
  8
_G01-IND-3GEN_DRILLS
  6
CONTINUOUS
  2
ROUND_99
 10
-33.6549999592119207
 20
-135.8899999592119912
 30
0.0
 41
-25.3999999999999986
 42
25.3999999999999986
 43
25.3999999999999986
 50
270.0
  0
INSERT
  5
1E96
  8
_G01-IND-3GEN_DRILLS
  6
CONTINUOUS
  2
ROUND_99
 10
-26.5429999592119117
 20
-186.3089999592118886
 30
0.0
 41
-25.3999999999999986
 42
25.3999999999999986
 43
25.3999999999999986
 50
270.0
  0
INSERT
  5
1E97
  8
_G01-IND-3GEN_DRILLS
  6
CONTINUOUS
  2
ROUND_99
 10
-41.5289999592119088
 20
-190.4999999592118911
 30
0.0
 41
-25.3999999999999986
 42
25.3999999999999986
 43
25.3999999999999986
 50
270.0
  0
INSERT
  5
1E98
  8
_G01-IND-3GEN_DRILLS
  6
CONTINUOUS
  2
ROUND_99
 10
-32.6389999592119224
 20
-157.9879999592120043
 30
0.0
 41
-25.3999999999999986
 42
25.3999999999999986
 43
25.3999999999999986
 50
270.0
  0
INSERT
  5
1E99
  8
_G01-IND-3GEN_DRILLS
  6
CONTINUOUS
  2
ROUND_99
 10
-34.5439999592119307
 20
-135.8899999592119912
 30
0.0
 41
-25.3999999999999986
 42
25.3999999999999986
 43
25.3999999999999986
 50
270.0
  0
INSERT
  5
1E9A
  8
_G01-IND-3GEN_DRILLS
  6
CONTINUOUS
  2
ROUND_99
 10
-28.0669999592118984
 20
-186.3089999592118886
 30
0.0
 41
-25.3999999999999986
 42
25.3999999999999986
 43
25.3999999999999986
 50
270.0
  0
INSERT
  5
1E9B
  8
_G01-IND-3GEN_DRILLS
  6
CONTINUOUS
  2
ROUND_99
 10
-43.0529999592118884
 20
-191.7699999592119013
 30
0.0
 41
-25.3999999999999986
 42
25.3999999999999986
 43
25.3999999999999986
 50
270.0
  0
INSERT
  5
1E9C
  8
_G01-IND-3GEN_DRILLS
  6
CONTINUOUS
  2
ROUND_99
 10
-33.5279999592119182
 20
-157.9879999592120043
 30
0.0
 41
-25.3999999999999986
 42
25.3999999999999986
 43
25.3999999999999986
 50
270.0
  0
INSERT
  5
1E9D
  8
_G01-IND-3GEN_DRILLS
  6
CONTINUOUS
  2
ROUND_99
 10
-35.4329999592119123
 20
-135.8899999592119912
 30
0.0
 41
-25.3999999999999986
 42
25.3999999999999986
 43
25.3999999999999986
 50
270.0
  0
INSERT
  5
1E9E
  8
_G01-IND-3GEN_DRILLS
  6
CONTINUOUS
  2
ROUND_99
 10
-29.3369999592119015
 20
-186.3089999592118886
 30
0.0
 41
-25.3999999999999986
 42
25.3999999999999986
 43
25.3999999999999986
 50
270.0
  0
INSERT
  5
1E9F
  8
_G01-IND-3GEN_DRILLS
  6
CONTINUOUS
  2
ROUND_99
 10
-43.0529999592119097
 20
-190.4999999592118911
 30
0.0
 41
-25.3999999999999986
 42
25.3999999999999986
 43
25.3999999999999986
 50
270.0
  0
INSERT
  5
1EA0
  8
_G01-IND-3GEN_DRILLS
  6
CONTINUOUS
  2
ROUND_99
 10
-32.6389999592119224
 20
-156.7179999592119088
 30
0.0
 41
-25.3999999999999986
 42
25.3999999999999986
 43
25.3999999999999986
 50
270.0
  0
INSERT
  5
1EA1
  8
_G01-IND-3GEN_DRILLS
  6
CONTINUOUS
  2
ROUND_99
 10
-36.8299999592119178
 20
-135.76299995921201
 30
0.0
 41
-25.3999999999999986
 42
25.3999999999999986
 43
25.3999999999999986
 50
270.0
  0
INSERT
  5
1EA2
  8
_G01-IND-3GEN_DRILLS
  6
CONTINUOUS
  2
ROUND_99
 10
-31.2419999592118991
 20
-186.3089999592118886
 30
0.0
 41
-25.3999999999999986
 42
25.3999999999999986
 43
25.3999999999999986
 50
270.0
  0
INSERT
  5
1EA3
  8
_G01-IND-3GEN_DRILLS
  6
CONTINUOUS
  2
ROUND_99
 10
-44.3229999592118915
 20
-191.7699999592119013
 30
0.0
 41
-25.3999999999999986
 42
25.3999999999999986
 43
25.3999999999999986
 50
270.0
  0
INSERT
  5
1EA4
  8
_G01-IND-3GEN_DRILLS
  6
CONTINUOUS
  2
ROUND_99
 10
-32.6389999592119224
 20
-155.7019999592118893
 30
0.0
 41
-25.3999999999999986
 42
25.3999999999999986
 43
25.3999999999999986
 50
270.0
  0
INSERT
  5
1EA5
  8
_G01-IND-3GEN_DRILLS
  6
CONTINUOUS
  2
ROUND_99
 10
-37.7189999592119207
 20
-135.76299995921201
 30
0.0
 41
-25.3999999999999986
 42
25.3999999999999986
 43
25.3999999999999986
 50
270.0
  0
INSERT
  5
1EA6
  8
_G01-IND-3GEN_DRILLS
  6
CONTINUOUS
  2
ROUND_99
 10
-32.5119999592118987
 20
-186.3089999592118886
 30
0.0
 41
-25.3999999999999986
 42
25.3999999999999986
 43
25.3999999999999986
 50
270.0
  0
INSERT
  5
1EA7
  8
_G01-IND-3GEN_DRILLS
  6
CONTINUOUS
  2
ROUND_99
 10
-44.3229999592118915
 20
-190.4999999592118911
 30
0.0
 41
-25.3999999999999986
 42
25.3999999999999986
 43
25.3999999999999986
 50
270.0
  0
INSERT
  5
1EA8
  8
_G01-IND-3GEN_DRILLS
  6
CONTINUOUS
  2
ROUND_99
 10
-33.7819999592119231
 20
-155.7019999592118893
 30
0.0
 41
-25.3999999999999986
 42
25.3999999999999986
 43
25.3999999999999986
 50
270.0
  0
INSERT
  5
1EA9
  8
_G01-IND-3GEN_DRILLS
  6
CONTINUOUS
  2
ROUND_99
 10
-38.6079999592119023
 20
-136.016999959211887
 30
0.0
 41
-25.3999999999999986
 42
25.3999999999999986
 43
25.3999999999999986
 50
270.0
  0
INSERT
  5
1EAA
  8
_G01-IND-3GEN_DRILLS
  6
CONTINUOUS
  2
ROUND_99
 10
-34.2899999592118974
 20
-186.3089999592118886
 30
0.0
 41
-25.3999999999999986
 42
25.3999999999999986
 43
25.3999999999999986
 50
270.0
  0
INSERT
  5
1EAB
  8
_G01-IND-3GEN_DRILLS
  6
CONTINUOUS
  2
ROUND_99
 10
-45.7199999592118971
 20
-191.7699999592119013
 30
0.0
 41
-25.3999999999999986
 42
25.3999999999999986
 43
25.3999999999999986
 50
270.0
  0
INSERT
  5
1EAC
  8
_G01-IND-3GEN_DRILLS
  6
CONTINUOUS
  2
ROUND_99
 10
-32.6389999592119224
 20
-154.5589999592120023
 30
0.0
 41
-25.3999999999999986
 42
25.3999999999999986
 43
25.3999999999999986
 50
270.0
  0
INSERT
  5
1EAD
  8
_G01-IND-3GEN_DRILLS
  6
CONTINUOUS
  2
ROUND_99
 10
-38.6079999592119023
 20
-137.0329999592119066
 30
0.0
 41
-25.3999999999999986
 42
25.3999999999999986
 43
25.3999999999999986
 50
270.0
  0
INSERT
  5
1EAE
  8
_G01-IND-3GEN_DRILLS
  6
CONTINUOUS
  2
ROUND_99
 10
-35.6869999592119029
 20
-186.3089999592118886
 30
0.0
 41
-25.3999999999999986
 42
25.3999999999999986
 43
25.3999999999999986
 50
270.0
  0
INSERT
  5
1EAF
  8
_G01-IND-3GEN_DRILLS
  6
CONTINUOUS
  2
ROUND_99
 10
-45.7199999592118971
 20
-190.4999999592118911
 30
0.0
 41
-25.3999999999999986
 42
25.3999999999999986
 43
25.3999999999999986
 50
270.0
  0
INSERT
  5
1EB0
  8
_G01-IND-3GEN_DRILLS
  6
CONTINUOUS
  2
ROUND_99
 10
-33.7819999592119231
 20
-154.5589999592120023
 30
0.0
 41
-25.3999999999999986
 42
25.3999999999999986
 43
25.3999999999999986
 50
270.0
  0
INSERT
  5
1EB1
  8
_G01-IND-3GEN_DRILLS
  6
CONTINUOUS
  2
ROUND_99
 10
-46.1009999592118902
 20
-177.926999959211912
 30
0.0
 41
-25.3999999999999986
 42
25.3999999999999986
 43
25.3999999999999986
 50
270.0
  0
INSERT
  5
1EB2
  8
_G01-IND-3GEN_DRILLS
  6
CONTINUOUS
  2
ROUND_99
 10
-25.1459999592118884
 20
-185.2929999592118975
 30
0.0
 41
-25.3999999999999986
 42
25.3999999999999986
 43
25.3999999999999986
 50
270.0
  0
INSERT
  5
1EB3
  8
_G01-IND-3GEN_DRILLS
  6
CONTINUOUS
  2
ROUND_99
 10
-26.5429999592119117
 20
-185.2929999592118975
 30
0.0
 41
-25.3999999999999986
 42
25.3999999999999986
 43
25.3999999999999986
 50
270.0
  0
INSERT
  5
1EB4
  8
_G01-IND-3GEN_DRILLS
  6
CONTINUOUS
  2
ROUND_99
 10
-46.1009999592118902
 20
-179.3239999592119034
 30
0.0
 41
-25.3999999999999986
 42
25.3999999999999986
 43
25.3999999999999986
 50
270.0
  0
INSERT
  5
1EB5
  8
_G01-IND-3GEN_DRILLS
  6
CONTINUOUS
  2
ROUND_99
 10
-33.7819999592119231
 20
-153.669999959211907
 30
0.0
 41
-25.3999999999999986
 42
25.3999999999999986
 43
25.3999999999999986
 50
270.0
  0
INSERT
  5
1EB6
  8
_G01-IND-3GEN_DRILLS
  6
CONTINUOUS
  2
ROUND_99
 10
-35.3059999592119027
 20
-153.669999959211907
 30
0.0
 41
-25.3999999999999986
 42
25.3999999999999986
 43
25.3999999999999986
 50
270.0
  0
INSERT
  5
1EB7
  8
_G01-IND-3GEN_DRILLS
  6
CONTINUOUS
  2
ROUND_99
 10
-44.4499999592119082
 20
-179.3239999592119034
 30
0.0
 41
-25.3999999999999986
 42
25.3999999999999986
 43
25.3999999999999986
 50
270.0
  0
INSERT
  5
1EB8
  8
_G01-IND-3GEN_DRILLS
  6
CONTINUOUS
  2
ROUND_99
 10
-28.0669999592118984
 20
-185.2929999592118975
 30
0.0
 41
-25.3999999999999986
 42
25.3999999999999986
 43
25.3999999999999986
 50
270.0
  0
INSERT
  5
1EB9
  8
_G01-IND-3GEN_DRILLS
  6
CONTINUOUS
  2
ROUND_99
 10
-35.3059999592119027
 20
-152.6539999592120012
 30
0.0
 41
-25.3999999999999986
 42
25.3999999999999986
 43
25.3999999999999986
 50
270.0
  0
INSERT
  5
1EBA
  8
_G01-IND-3GEN_DRILLS
  6
CONTINUOUS
  2
ROUND_99
 10
-44.4499999592119082
 20
-180.5939999592119136
 30
0.0
 41
-25.3999999999999986
 42
25.3999999999999986
 43
25.3999999999999986
 50
270.0
  0
INSERT
  5
1EBB
  8
_G01-IND-3GEN_DRILLS
  6
CONTINUOUS
  2
ROUND_99
 10
-29.3369999592119015
 20
-185.2929999592118975
 30
0.0
 41
-25.3999999999999986
 42
25.3999999999999986
 43
25.3999999999999986
 50
270.0
  0
INSERT
  5
1EBC
  8
_G01-IND-3GEN_DRILLS
  6
CONTINUOUS
  2
ROUND_99
 10
-36.1949999592119127
 20
-151.7649999592119912
 30
0.0
 41
-25.3999999999999986
 42
25.3999999999999986
 43
25.3999999999999986
 50
270.0
  0
INSERT
  5
1EBD
  8
_G01-IND-3GEN_DRILLS
  6
CONTINUOUS
  2
ROUND_99
 10
-43.0529999592119097
 20
-179.3239999592119034
 30
0.0
 41
-25.3999999999999986
 42
25.3999999999999986
 43
25.3999999999999986
 50
270.0
  0
INSERT
  5
1EBE
  8
_G01-IND-3GEN_DRILLS
  6
CONTINUOUS
  2
ROUND_99
 10
-31.2419999592118991
 20
-185.2929999592118975
 30
0.0
 41
-25.3999999999999986
 42
25.3999999999999986
 43
25.3999999999999986
 50
270.0
  0
INSERT
  5
1EBF
  8
_G01-IND-3GEN_DRILLS
  6
CONTINUOUS
  2
ROUND_99
 10
-37.4649999592119016
 20
-151.7649999592119912
 30
0.0
 41
-25.3999999999999986
 42
25.3999999999999986
 43
25.3999999999999986
 50
270.0
  0
INSERT
  5
1EC0
  8
_G01-IND-3GEN_DRILLS
  6
CONTINUOUS
  2
ROUND_99
 10
-41.7829999592118924
 20
-179.4509999592119129
 30
0.0
 41
-25.3999999999999986
 42
25.3999999999999986
 43
25.3999999999999986
 50
270.0
  0
INSERT
  5
1EC1
  8
_G01-IND-3GEN_DRILLS
  6
CONTINUOUS
  2
ROUND_99
 10
-32.5119999592118987
 20
-185.2929999592118975
 30
0.0
 41
-25.3999999999999986
 42
25.3999999999999986
 43
25.3999999999999986
 50
270.0
  0
INSERT
  5
1EC2
  8
_G01-IND-3GEN_DRILLS
  6
CONTINUOUS
  2
ROUND_99
 10
-37.4649999592119016
 20
-148.2089999592118943
 30
0.0
 41
-25.3999999999999986
 42
25.3999999999999986
 43
25.3999999999999986
 50
270.0
  0
INSERT
  5
1EC3
  8
_G01-IND-3GEN_DRILLS
  6
CONTINUOUS
  2
ROUND_99
 10
-40.1319999592119103
 20
-179.4509999592119129
 30
0.0
 41
-25.3999999999999986
 42
25.3999999999999986
 43
25.3999999999999986
 50
270.0
  0
INSERT
  5
1EC4
  8
_G01-IND-3GEN_DRILLS
  6
CONTINUOUS
  2
ROUND_99
 10
-34.2899999592118974
 20
-185.2929999592118975
 30
0.0
 41
-25.3999999999999986
 42
25.3999999999999986
 43
25.3999999999999986
 50
270.0
  0
INSERT
  5
1EC5
  8
_G01-IND-3GEN_DRILLS
  6
CONTINUOUS
  2
ROUND_99
 10
-36.1949999592119127
 20
-148.2089999592118943
 30
0.0
 41
-25.3999999999999986
 42
25.3999999999999986
 43
25.3999999999999986
 50
270.0
  0
INSERT
  5
1EC6
  8
_G01-IND-3GEN_DRILLS
  6
CONTINUOUS
  2
ROUND_99
 10
-40.1319999592119103
 20
-178.0539999592120068
 30
0.0
 41
-25.3999999999999986
 42
25.3999999999999986
 43
25.3999999999999986
 50
270.0
  0
INSERT
  5
1EC7
  8
_G01-IND-3GEN_DRILLS
  6
CONTINUOUS
  2
ROUND_99
 10
-35.6869999592119029
 20
-185.2929999592118975
 30
0.0
 41
-25.3999999999999986
 42
25.3999999999999986
 43
25.3999999999999986
 50
270.0
  0
INSERT
  5
1EC8
  8
_G01-IND-3GEN_DRILLS
  6
CONTINUOUS
  2
ROUND_99
 10
-56.0069999592119103
 20
-178.5619999592119029
 30
0.0
 41
-25.3999999999999986
 42
25.3999999999999986
 43
25.3999999999999986
 50
270.0
  0
INSERT
  5
1EC9
  8
_G01-IND-3GEN_DRILLS
  6
CONTINUOUS
  2
ROUND_99
 10
-32.6389999592119224
 20
-148.2089999592118943
 30
0.0
 41
-25.3999999999999986
 42
25.3999999999999986
 43
25.3999999999999986
 50
270.0
  0
INSERT
  5
1ECA
  8
_G01-IND-3GEN_DRILLS
  6
CONTINUOUS
  2
ROUND_99
 10
-33.7819999592119231
 20
-148.2089999592118943
 30
0.0
 41
-25.3999999999999986
 42
25.3999999999999986
 43
25.3999999999999986
 50
270.0
  0
INSERT
  5
1ECB
  8
_G01-IND-3GEN_DRILLS
  6
CONTINUOUS
  2
ROUND_99
 10
-57.4039999592119017
 20
-178.4349999592120071
 30
0.0
 41
-25.3999999999999986
 42
25.3999999999999986
 43
25.3999999999999986
 50
270.0
  0
INSERT
  5
1ECC
  8
_G01-IND-3GEN_DRILLS
  6
CONTINUOUS
  2
ROUND_99
 10
-57.4039999592119017
 20
-177.2919999592118927
 30
0.0
 41
-25.3999999999999986
 42
25.3999999999999986
 43
25.3999999999999986
 50
270.0
  0
INSERT
  5
1ECD
  8
_G01-IND-3GEN_DRILLS
  6
CONTINUOUS
  2
ROUND_99
 10
-34.9249999592119096
 20
-148.2089999592118943
 30
0.0
 41
-25.3999999999999986
 42
25.3999999999999986
 43
25.3999999999999986
 50
270.0
  0
INSERT
  5
1ECE
  8
_G01-IND-3GEN_DRILLS
  6
CONTINUOUS
  2
ROUND_99
 10
-32.6389999592119224
 20
-146.6849999592118934
 30
0.0
 41
-25.3999999999999986
 42
25.3999999999999986
 43
25.3999999999999986
 50
270.0
  0
INSERT
  5
1ECF
  8
_G01-IND-3GEN_DRILLS
  6
CONTINUOUS
  2
ROUND_99
 10
-58.8009999592119001
 20
-178.4349999592120071
 30
0.0
 41
-25.3999999999999986
 42
25.3999999999999986
 43
25.3999999999999986
 50
270.0
  0
INSERT
  5
1ED0
  8
_G01-IND-3GEN_DRILLS
  6
CONTINUOUS
  2
ROUND_99
 10
-33.7819999592119231
 20
-146.6849999592118934
 30
0.0
 41
-25.3999999999999986
 42
25.3999999999999986
 43
25.3999999999999986
 50
270.0
  0
INSERT
  5
1ED1
  8
_G01-IND-3GEN_DRILLS
  6
CONTINUOUS
  2
ROUND_99
 10
-58.8009999592119001
 20
-177.037999959211902
 30
0.0
 41
-25.3999999999999986
 42
25.3999999999999986
 43
25.3999999999999986
 50
270.0
  0
INSERT
  5
1ED2
  8
_G01-IND-3GEN_DRILLS
  6
CONTINUOUS
  2
ROUND_99
 10
-34.9249999592119096
 20
-146.6849999592118934
 30
0.0
 41
-25.3999999999999986
 42
25.3999999999999986
 43
25.3999999999999986
 50
270.0
  0
INSERT
  5
1ED3
  8
_G01-IND-3GEN_DRILLS
  6
CONTINUOUS
  2
ROUND_99
 10
-59.6899999592119102
 20
-176.0219999592119109
 30
0.0
 41
-25.3999999999999986
 42
25.3999999999999986
 43
25.3999999999999986
 50
270.0
  0
INSERT
  5
1ED4
  8
_G01-IND-3GEN_DRILLS
  6
CONTINUOUS
  2
ROUND_99
 10
-36.1949999592119127
 20
-146.6849999592118934
 30
0.0
 41
-25.3999999999999986
 42
25.3999999999999986
 43
25.3999999999999986
 50
270.0
  0
INSERT
  5
1ED5
  8
_G01-IND-3GEN_DRILLS
  6
CONTINUOUS
  2
ROUND_99
 10
-60.5789999592118988
 20
-177.2919999592118927
 30
0.0
 41
-25.3999999999999986
 42
25.3999999999999986
 43
25.3999999999999986
 50
270.0
  0
INSERT
  5
1ED6
  8
_G01-IND-3GEN_DRILLS
  6
CONTINUOUS
  2
ROUND_99
 10
-32.6389999592119224
 20
-144.2719999592119109
 30
0.0
 41
-25.3999999999999986
 42
25.3999999999999986
 43
25.3999999999999986
 50
270.0
  0
INSERT
  5
1ED7
  8
_G01-IND-3GEN_DRILLS
  6
CONTINUOUS
  2
ROUND_99
 10
-60.5789999592118988
 20
-178.5619999592119029
 30
0.0
 41
-25.3999999999999986
 42
25.3999999999999986
 43
25.3999999999999986
 50
270.0
  0
INSERT
  5
1ED8
  8
_G01-IND-3GEN_DRILLS
  6
CONTINUOUS
  2
ROUND_99
 10
-33.7819999592119231
 20
-144.2719999592119109
 30
0.0
 41
-25.3999999999999986
 42
25.3999999999999986
 43
25.3999999999999986
 50
270.0
  0
INSERT
  5
1ED9
  8
_G01-IND-3GEN_DRILLS
  6
CONTINUOUS
  2
ROUND_99
 10
-61.2139999592119111
 20
-168.4019999592119063
 30
0.0
 41
-25.3999999999999986
 42
25.3999999999999986
 43
25.3999999999999986
 50
270.0
  0
INSERT
  5
1EDA
  8
_G01-IND-3GEN_DRILLS
  6
CONTINUOUS
  2
ROUND_99
 10
-32.6389999592119224
 20
-142.6209999592119004
 30
0.0
 41
-25.3999999999999986
 42
25.3999999999999986
 43
25.3999999999999986
 50
270.0
  0
INSERT
  5
1EDB
  8
_G01-IND-3GEN_DRILLS
  6
CONTINUOUS
  2
ROUND_99
 10
-58.9279999592119097
 20
-164.3379999592119134
 30
0.0
 41
-25.3999999999999986
 42
25.3999999999999986
 43
25.3999999999999986
 50
270.0
  0
INSERT
  5
1EDC
  8
_G01-IND-3GEN_DRILLS
  6
CONTINUOUS
  2
ROUND_99
 10
-33.7819999592119231
 20
-142.6209999592119004
 30
0.0
 41
-25.3999999999999986
 42
25.3999999999999986
 43
25.3999999999999986
 50
270.0
  0
INSERT
  5
1EDD
  8
_G01-IND-3GEN_DRILLS
  6
CONTINUOUS
  2
ROUND_99
 10
-58.9279999592119097
 20
-165.6079999592118952
 30
0.0
 41
-25.3999999999999986
 42
25.3999999999999986
 43
25.3999999999999986
 50
270.0
  0
INSERT
  5
1EDE
  8
_G01-IND-3GEN_DRILLS
  6
CONTINUOUS
  2
ROUND_99
 10
-32.6389999592119224
 20
-141.2239999592119091
 30
0.0
 41
-25.3999999999999986
 42
25.3999999999999986
 43
25.3999999999999986
 50
270.0
  0
INSERT
  5
1EDF
  8
_G01-IND-3GEN_DRILLS
  6
CONTINUOUS
  2
ROUND_99
 10
-58.9279999592119097
 20
-166.8779999592119054
 30
0.0
 41
-25.3999999999999986
 42
25.3999999999999986
 43
25.3999999999999986
 50
270.0
  0
INSERT
  5
1EE0
  8
_G01-IND-3GEN_DRILLS
  6
CONTINUOUS
  2
ROUND_99
 10
-34.9249999592119096
 20
-144.2719999592119109
 30
0.0
 41
-25.3999999999999986
 42
25.3999999999999986
 43
25.3999999999999986
 50
270.0
  0
INSERT
  5
1EE1
  8
_G01-IND-3GEN_DRILLS
  6
CONTINUOUS
  2
ROUND_99
 10
-57.6579999592118995
 20
-165.6079999592118952
 30
0.0
 41
-25.3999999999999986
 42
25.3999999999999986
 43
25.3999999999999986
 50
270.0
  0
INSERT
  5
1EE2
  8
_G01-IND-3GEN_DRILLS
  6
CONTINUOUS
  2
ROUND_99
 10
-34.9249999592119096
 20
-145.5419999592118927
 30
0.0
 41
-25.3999999999999986
 42
25.3999999999999986
 43
25.3999999999999986
 50
270.0
  0
INSERT
  5
1EE3
  8
_G01-IND-3GEN_DRILLS
  6
CONTINUOUS
  2
ROUND_99
 10
-57.6579999592118995
 20
-166.8779999592119054
 30
0.0
 41
-25.3999999999999986
 42
25.3999999999999986
 43
25.3999999999999986
 50
270.0
  0
INSERT
  5
1EE4
  8
_G01-IND-3GEN_DRILLS
  6
CONTINUOUS
  2
ROUND_99
 10
-36.1949999592119127
 20
-145.5419999592118927
 30
0.0
 41
-25.3999999999999986
 42
25.3999999999999986
 43
25.3999999999999986
 50
270.0
  0
INSERT
  5
1EE5
  8
_G01-IND-3GEN_DRILLS
  6
CONTINUOUS
  2
ROUND_99
 10
-56.3879999592119034
 20
-166.8779999592119054
 30
0.0
 41
-25.3999999999999986
 42
25.3999999999999986
 43
25.3999999999999986
 50
270.0
  0
INSERT
  5
1EE6
  8
_G01-IND-3GEN_DRILLS
  6
CONTINUOUS
  2
ROUND_99
 10
-37.4649999592119016
 20
-145.5419999592118927
 30
0.0
 41
-25.3999999999999986
 42
25.3999999999999986
 43
25.3999999999999986
 50
270.0
  0
INSERT
  5
1EE7
  8
_G01-IND-3GEN_DRILLS
  6
CONTINUOUS
  2
ROUND_99
 10
-55.1179999592119003
 20
-166.8779999592119054
 30
0.0
 41
-25.3999999999999986
 42
25.3999999999999986
 43
25.3999999999999986
 50
270.0
  0
INSERT
  5
1EE8
  8
_G01-IND-3GEN_DRILLS
  6
CONTINUOUS
  2
ROUND_99
 10
-17.0179999592118882
 20
-202.6919999592120121
 30
0.0
 41
-25.3999999999999986
 42
25.3999999999999986
 43
25.3999999999999986
 50
270.0
  0
INSERT
  5
1EE9
  8
_G01-IND-3GEN_DRILLS
  6
CONTINUOUS
  2
ROUND_99
 10
26.9240000407881013
 20
-216.0269999592119063
 30
0.0
 41
-25.3999999999999986
 42
25.3999999999999986
 43
25.3999999999999986
 50
270.0
  0
INSERT
  5
1EEA
  8
_G01-IND-3GEN_DRILLS
  6
CONTINUOUS
  2
ROUND_99
 10
-15.8749999592119106
 20
-178.0539999592118932
 30
0.0
 41
-25.3999999999999986
 42
25.3999999999999986
 43
25.3999999999999986
 50
270.0
  0
INSERT
  5
1EEB
  8
_G01-IND-3GEN_DRILLS
  6
CONTINUOUS
  2
ROUND_99
 10
-24.6379999592119106
 20
-126.8729999592118958
 30
0.0
 41
-25.3999999999999986
 42
25.3999999999999986
 43
25.3999999999999986
 50
270.0
  0
INSERT
  5
1EEC
  8
_G01-IND-3GEN_DRILLS
  6
CONTINUOUS
  2
ROUND_99
 10
-76.8349999592119133
 20
-147.7009999592119129
 30
0.0
 41
-25.3999999999999986
 42
25.3999999999999986
 43
25.3999999999999986
 50
270.0
  0
INSERT
  5
1EED
  8
_G01-IND-3GEN_DRILLS
  6
CONTINUOUS
  2
ROUND_99
 10
-48.5139999592119082
 20
-122.8089999592119028
 30
0.0
 41
-25.3999999999999986
 42
25.3999999999999986
 43
25.3999999999999986
 50
270.0
  0
INSERT
  5
1EEE
  8
_G01-IND-3GEN_DRILLS
  6
CONTINUOUS
  2
ROUND_99
 10
-76.4539999592118988
 20
-128.1429999592120055
 30
0.0
 41
-25.3999999999999986
 42
25.3999999999999986
 43
25.3999999999999986
 50
270.0
  0
INSERT
  5
1EEF
  8
_G01-IND-3GEN_DRILLS
  6
CONTINUOUS
  2
ROUND_99
 10
-47.8789999592119031
 20
-126.7459999592119004
 30
0.0
 41
-25.3999999999999986
 42
25.3999999999999986
 43
25.3999999999999986
 50
270.0
  0
INSERT
  5
1EF0
  8
_G01-IND-3GEN_DRILLS
  6
CONTINUOUS
  2
ROUND_99
 10
-54.2289999592118974
 20
-148.9709999592120084
 30
0.0
 41
-25.3999999999999986
 42
25.3999999999999986
 43
25.3999999999999986
 50
270.0
  0
INSERT
  5
1EF1
  8
_G01-IND-3GEN_DRILLS
  6
CONTINUOUS
  2
ROUND_99
 10
-51.6889999592119125
 20
-132.2069999592119132
 30
0.0
 41
-25.3999999999999986
 42
25.3999999999999986
 43
25.3999999999999986
 50
270.0
  0
INSERT
  5
1EF2
  8
_G01-IND-3GEN_DRILLS
  6
CONTINUOUS
  2
ROUND_99
 10
-49.4029999592119182
 20
-148.5899999592120082
 30
0.0
 41
-25.3999999999999986
 42
25.3999999999999986
 43
25.3999999999999986
 50
270.0
  0
INSERT
  5
1EF3
  8
_G01-IND-3GEN_DRILLS
  6
CONTINUOUS
  2
ROUND_99
 10
-54.2289999592118974
 20
-150.240999959211905
 30
0.0
 41
-25.3999999999999986
 42
25.3999999999999986
 43
25.3999999999999986
 50
270.0
  0
INSERT
  5
1EF4
  8
_G01-IND-3GEN_DRILLS
  6
CONTINUOUS
  2
ROUND_99
 10
-49.4029999592119182
 20
-150.3679999592119998
 30
0.0
 41
-25.3999999999999986
 42
25.3999999999999986
 43
25.3999999999999986
 50
270.0
  0
INSERT
  5
1EF5
  8
_G01-IND-3GEN_DRILLS
  6
CONTINUOUS
  2
ROUND_99
 10
-81.2799999592118922
 20
-153.4159999592120016
 30
0.0
 41
-25.3999999999999986
 42
25.3999999999999986
 43
25.3999999999999986
 50
270.0
  0
INSERT
  5
1EF6
  8
_G01-IND-3GEN_DRILLS
  6
CONTINUOUS
  2
ROUND_99
 10
-28.4479999592119199
 20
-125.2219999592118995
 30
0.0
 41
-25.3999999999999986
 42
25.3999999999999986
 43
25.3999999999999986
 50
270.0
  0
INSERT
  5
1EF7
  8
_G01-IND-3GEN_DRILLS
  6
CONTINUOUS
  2
ROUND_99
 10
0.5080000407880747
 20
-142.3669999592119098
 30
0.0
 41
-25.3999999999999986
 42
25.3999999999999986
 43
25.3999999999999986
 50
270.0
  0
INSERT
  5
1EF8
  8
_G01-IND-3GEN_DRILLS
  6
CONTINUOUS
  2
ROUND_99
 10
0.6350000407880945
 20
-127.5079999592119009
 30
0.0
 41
-25.3999999999999986
 42
25.3999999999999986
 43
25.3999999999999986
 50
270.0
  0
INSERT
  5
1EF9
  8
_G01-IND-3GEN_DRILLS
  6
CONTINUOUS
  2
ROUND_99
 10
0.6350000407880945
 20
-128.7779999592119111
 30
0.0
 41
-25.3999999999999986
 42
25.3999999999999986
 43
25.3999999999999986
 50
270.0
  0
INSERT
  5
1EFA
  8
_G01-IND-3GEN_DRILLS
  6
CONTINUOUS
  2
ROUND_99
 10
0.5080000407880747
 20
-140.5889999592118897
 30
0.0
 41
-25.3999999999999986
 42
25.3999999999999986
 43
25.3999999999999986
 50
270.0
  0
INSERT
  5
1EFB
  8
_G01-IND-3GEN_DRILLS
  6
CONTINUOUS
  2
ROUND_99
 10
-0.7619999592118983
 20
-127.5079999592119009
 30
0.0
 41
-25.3999999999999986
 42
25.3999999999999986
 43
25.3999999999999986
 50
270.0
  0
INSERT
  5
1EFC
  8
_G01-IND-3GEN_DRILLS
  6
CONTINUOUS
  2
ROUND_99
 10
-0.7619999592118983
 20
-128.7779999592119111
 30
0.0
 41
-25.3999999999999986
 42
25.3999999999999986
 43
25.3999999999999986
 50
270.0
  0
INSERT
  5
1EFD
  8
_G01-IND-3GEN_DRILLS
  6
CONTINUOUS
  2
ROUND_99
 10
0.5080000407880747
 20
-135.2549999592118866
 30
0.0
 41
-25.3999999999999986
 42
25.3999999999999986
 43
25.3999999999999986
 50
270.0
  0
INSERT
  5
1EFE
  8
_G01-IND-3GEN_DRILLS
  6
CONTINUOUS
  2
ROUND_99
 10
-2.031999959211916
 20
-127.3809999592119055
 30
0.0
 41
-25.3999999999999986
 42
25.3999999999999986
 43
25.3999999999999986
 50
270.0
  0
INSERT
  5
1EFF
  8
_G01-IND-3GEN_DRILLS
  6
CONTINUOUS
  2
ROUND_99
 10
0.5080000407880747
 20
-133.553199959211895
 30
0.0
 41
-25.3999999999999986
 42
25.3999999999999986
 43
25.3999999999999986
 50
270.0
  0
INSERT
  5
1F00
  8
_G01-IND-3GEN_DRILLS
  6
CONTINUOUS
  2
ROUND_99
 10
-2.031999959211916
 20
-128.7779999592119111
 30
0.0
 41
-25.3999999999999986
 42
25.3999999999999986
 43
25.3999999999999986
 50
270.0
  0
INSERT
  5
1F01
  8
_G01-IND-3GEN_DRILLS
  6
CONTINUOUS
  2
ROUND_99
 10
-49.4029999592119182
 20
-143.7639999592119011
 30
0.0
 41
-25.3999999999999986
 42
25.3999999999999986
 43
25.3999999999999986
 50
270.0
  0
INSERT
  5
1F02
  8
_G01-IND-3GEN_DRILLS
  6
CONTINUOUS
  2
ROUND_99
 10
-50.7999999592119096
 20
-144.398999959211892
 30
0.0
 41
-25.3999999999999986
 42
25.3999999999999986
 43
25.3999999999999986
 50
270.0
  0
INSERT
  5
1F03
  8
_G01-IND-3GEN_DRILLS
  6
CONTINUOUS
  2
ROUND_99
 10
-39.6239999592119005
 20
-142.8749999592118911
 30
0.0
 41
-25.3999999999999986
 42
25.3999999999999986
 43
25.3999999999999986
 50
270.0
  0
INSERT
  5
1F04
  8
_G01-IND-3GEN_DRILLS
  6
CONTINUOUS
  2
ROUND_99
 10
-41.6559999592119183
 20
-112.267999959211906
 30
0.0
 41
-25.3999999999999986
 42
25.3999999999999986
 43
25.3999999999999986
 50
270.0
  0
INSERT
  5
1F05
  8
_G01-IND-3GEN_DRILLS
  6
CONTINUOUS
  2
ROUND_99
 10
-72.3899999592119059
 20
-123.5709999592120028
 30
0.0
 41
-25.3999999999999986
 42
25.3999999999999986
 43
25.3999999999999986
 50
270.0
  0
INSERT
  5
1F06
  8
_G01-IND-3GEN_DRILLS
  6
CONTINUOUS
  2
ROUND_99
 10
-41.0209999592119203
 20
-101.853999959212004
 30
0.0
 41
-25.3999999999999986
 42
25.3999999999999986
 43
25.3999999999999986
 50
270.0
  0
INSERT
  5
1F07
  8
_G01-IND-3GEN_DRILLS
  6
CONTINUOUS
  2
ROUND_99
 10
-45.8469999592118995
 20
-111.1249999592119053
 30
0.0
 41
-25.3999999999999986
 42
25.3999999999999986
 43
25.3999999999999986
 50
270.0
  0
INSERT
  5
1F08
  8
_G01-IND-3GEN_DRILLS
  6
CONTINUOUS
  2
ROUND_99
 10
-35.940999959211922
 20
-101.9809999592118999
 30
0.0
 41
-25.3999999999999986
 42
25.3999999999999986
 43
25.3999999999999986
 50
270.0
  0
INSERT
  5
1F09
  8
_G01-IND-3GEN_DRILLS
  6
CONTINUOUS
  2
ROUND_99
 10
-35.940999959211922
 20
-90.5509999592119925
 30
0.0
 41
-25.3999999999999986
 42
25.3999999999999986
 43
25.3999999999999986
 50
270.0
  0
INSERT
  5
1F0A
  8
_G01-IND-3GEN_DRILLS
  6
CONTINUOUS
  2
ROUND_99
 10
-44.1959999592119104
 20
-111.1249999592119053
 30
0.0
 41
-25.3999999999999986
 42
25.3999999999999986
 43
25.3999999999999986
 50
270.0
  0
INSERT
  5
1F0B
  8
_G01-IND-3GEN_DRILLS
  6
CONTINUOUS
  2
ROUND_99
 10
-35.940999959211922
 20
-100.7109999592119038
 30
0.0
 41
-25.3999999999999986
 42
25.3999999999999986
 43
25.3999999999999986
 50
270.0
  0
INSERT
  5
1F0C
  8
_G01-IND-3GEN_DRILLS
  6
CONTINUOUS
  2
ROUND_99
 10
-35.940999959211922
 20
-89.2809999592119681
 30
0.0
 41
-25.3999999999999986
 42
25.3999999999999986
 43
25.3999999999999986
 50
270.0
  0
INSERT
  5
1F0D
  8
_G01-IND-3GEN_DRILLS
  6
CONTINUOUS
  2
ROUND_99
 10
-42.9259999592119215
 20
-111.1249999592119053
 30
0.0
 41
-25.3999999999999986
 42
25.3999999999999986
 43
25.3999999999999986
 50
270.0
  0
INSERT
  5
1F0E
  8
_G01-IND-3GEN_DRILLS
  6
CONTINUOUS
  2
ROUND_99
 10
-35.940999959211922
 20
-99.4409999592119362
 30
0.0
 41
-25.3999999999999986
 42
25.3999999999999986
 43
25.3999999999999986
 50
270.0
  0
INSERT
  5
1F0F
  8
_G01-IND-3GEN_DRILLS
  6
CONTINUOUS
  2
ROUND_99
 10
-35.940999959211922
 20
-88.0109999592119578
 30
0.0
 41
-25.3999999999999986
 42
25.3999999999999986
 43
25.3999999999999986
 50
270.0
  0
INSERT
  5
1F10
  8
_G01-IND-3GEN_DRILLS
  6
CONTINUOUS
  2
ROUND_99
 10
60.4520000407880573
 20
-82.4229999592119782
 30
0.0
 41
-25.3999999999999986
 42
25.3999999999999986
 43
25.3999999999999986
 50
270.0
  0
INSERT
  5
1F11
  8
_G01-IND-3GEN_DRILLS
  6
CONTINUOUS
  2
ROUND_99
 10
-4.6989999592119274
 20
-120.6499999592118968
 30
0.0
 41
-25.3999999999999986
 42
25.3999999999999986
 43
25.3999999999999986
 50
270.0
  0
INSERT
  5
1F12
  8
_G01-IND-3GEN_DRILLS
  6
CONTINUOUS
  2
ROUND_99
 10
-52.8319999592119132
 20
-115.6969999592118938
 30
0.0
 41
-25.3999999999999986
 42
25.3999999999999986
 43
25.3999999999999986
 50
270.0
  0
INSERT
  5
1F13
  8
_G01-IND-3GEN_DRILLS
  6
CONTINUOUS
  2
ROUND_99
 10
6.0960000407880903
 20
-80.517999959211906
 30
0.0
 41
-25.3999999999999986
 42
25.3999999999999986
 43
25.3999999999999986
 50
270.0
  0
INSERT
  5
1F14
  8
_G01-IND-3GEN_DRILLS
  6
CONTINUOUS
  2
ROUND_99
 10
-36.0679999592119103
 20
-112.3949999592120008
 30
0.0
 41
-25.3999999999999986
 42
25.3999999999999986
 43
25.3999999999999986
 50
270.0
  0
INSERT
  5
1F15
  8
_G01-IND-3GEN_DRILLS
  6
CONTINUOUS
  2
ROUND_99
 10
-41.0209999592119203
 20
-103.1239999592119005
 30
0.0
 41
-25.3999999999999986
 42
25.3999999999999986
 43
25.3999999999999986
 50
270.0
  0
INSERT
  5
1F16
  8
_G01-IND-3GEN_DRILLS
  6
CONTINUOUS
  2
ROUND_99
 10
9.6520000407880602
 20
-72.0089999592119767
 30
0.0
 41
-25.3999999999999986
 42
25.3999999999999986
 43
25.3999999999999986
 50
270.0
  0
INSERT
  5
1F17
  8
_G01-IND-3GEN_DRILLS
  6
CONTINUOUS
  2
ROUND_99
 10
-40.1319999592119103
 20
-96.2659999592120244
 30
0.0
 41
-25.3999999999999986
 42
25.3999999999999986
 43
25.3999999999999986
 50
270.0
  0
INSERT
  5
1F18
  8
_G01-IND-3GEN_DRILLS
  6
CONTINUOUS
  2
ROUND_99
 10
-45.2119999592119086
 20
-104.3939999592118966
 30
0.0
 41
-25.3999999999999986
 42
25.3999999999999986
 43
25.3999999999999986
 50
270.0
  0
INSERT
  5
1F19
  8
_G01-IND-3GEN_DRILLS
  6
CONTINUOUS
  2
ROUND_99
 10
-71.1199999592119099
 20
-152.1459999592119914
 30
0.0
 41
-25.3999999999999986
 42
25.3999999999999986
 43
25.3999999999999986
 50
270.0
  0
INSERT
  5
1F1A
  8
_G01-IND-3GEN_DRILLS
  6
CONTINUOUS
  2
ROUND_99
 10
-55.4989999592119005
 20
-151.3839999592119057
 30
0.0
 41
-25.3999999999999986
 42
25.3999999999999986
 43
25.3999999999999986
 50
270.0
  0
INSERT
  5
1F1B
  8
_G01-IND-3GEN_DRILLS
  6
CONTINUOUS
  2
ROUND_99
 10
-58.2929999592119117
 20
-143.8909999592119107
 30
0.0
 41
-25.3999999999999986
 42
25.3999999999999986
 43
25.3999999999999986
 50
270.0
  0
INSERT
  5
1F1C
  8
_G01-IND-3GEN_DRILLS
  6
CONTINUOUS
  2
ROUND_99
 10
-58.4199999592119283
 20
-131.1909999592118936
 30
0.0
 41
-25.3999999999999986
 42
25.3999999999999986
 43
25.3999999999999986
 50
270.0
  0
INSERT
  5
1F1D
  8
_G01-IND-3GEN_DRILLS
  6
CONTINUOUS
  2
ROUND_99
 10
58.4200000407881035
 20
-128.7779999592119111
 30
0.0
 41
-25.3999999999999986
 42
25.3999999999999986
 43
25.3999999999999986
 50
270.0
  0
INSERT
  5
1F1E
  8
_G01-IND-3GEN_DRILLS
  6
CONTINUOUS
  2
ROUND_99
 10
9.9060000407880988
 20
-152.1459999592119061
 30
0.0
 41
-25.3999999999999986
 42
25.3999999999999986
 43
25.3999999999999986
 50
270.0
  0
INSERT
  5
1F1F
  8
_G01-IND-3GEN_DRILLS
  6
CONTINUOUS
  2
ROUND_99
 10
-2.6669999592119251
 20
-118.2369999592119996
 30
0.0
 41
-25.3999999999999986
 42
25.3999999999999986
 43
25.3999999999999986
 50
270.0
  0
INSERT
  5
1F20
  8
_G01-IND-3GEN_DRILLS
  6
CONTINUOUS
  2
ROUND_99
 10
57.9120000407880582
 20
-63.1189999592119406
 30
0.0
 41
-25.3999999999999986
 42
25.3999999999999986
 43
25.3999999999999986
 50
270.0
  0
INSERT
  5
1F21
  8
_G01-IND-3GEN_DRILLS
  6
CONTINUOUS
  2
ROUND_99
 10
-4.6989999592119274
 20
-118.2369999592119996
 30
0.0
 41
-25.3999999999999986
 42
25.3999999999999986
 43
25.3999999999999986
 50
270.0
  0
INSERT
  5
1F22
  8
_G01-IND-3GEN_DRILLS
  6
CONTINUOUS
  2
ROUND_99
 10
-23.8759999592119208
 20
-117.7289999592119045
 30
0.0
 41
-25.3999999999999986
 42
25.3999999999999986
 43
25.3999999999999986
 50
270.0
  0
INSERT
  5
1F23
  8
_G01-IND-3GEN_DRILLS
  6
CONTINUOUS
  2
ROUND_99
 10
-76.4539999592118988
 20
-129.2859999592118925
 30
0.0
 41
-25.3999999999999986
 42
25.3999999999999986
 43
25.3999999999999986
 50
270.0
  0
INSERT
  5
1F24
  8
_G01-IND-3GEN_DRILLS
  6
CONTINUOUS
  2
ROUND_99
 10
4.572000040788077
 20
-212.3439999592119989
 30
0.0
 41
-25.3999999999999986
 42
25.3999999999999986
 43
25.3999999999999986
 50
270.0
  0
INSERT
  5
1F25
  8
_G01-IND-3GEN_DRILLS
  6
CONTINUOUS
  2
ROUND_99
 10
-54.1019999592119305
 20
-137.0329999592119066
 30
0.0
 41
-25.3999999999999986
 42
25.3999999999999986
 43
25.3999999999999986
 50
270.0
  0
INSERT
  5
1F26
  8
_G01-IND-3GEN_DRILLS
  6
CONTINUOUS
  2
ROUND_99
 10
-53.0859999592119109
 20
-188.0869999592119086
 30
0.0
 41
-25.3999999999999986
 42
25.3999999999999986
 43
25.3999999999999986
 50
270.0
  0
INSERT
  5
1F27
  8
_G01-IND-3GEN_DRILLS
  6
CONTINUOUS
  2
ROUND_99
 10
-76.7079999592119179
 20
-134.1119999592118859
 30
0.0
 41
-25.3999999999999986
 42
25.3999999999999986
 43
25.3999999999999986
 50
270.0
  0
INSERT
  5
1F28
  8
_G01-IND-3GEN_DRILLS
  6
CONTINUOUS
  2
ROUND_99
 10
-76.8349999592119133
 20
-150.8759999592120096
 30
0.0
 41
-25.3999999999999986
 42
25.3999999999999986
 43
25.3999999999999986
 50
270.0
  0
INSERT
  5
1F29
  8
_G01-IND-3GEN_DRILLS
  6
CONTINUOUS
  2
ROUND_99
 10
-45.5929999592119231
 20
-99.5679999592119032
 30
0.0
 41
-25.3999999999999986
 42
25.3999999999999986
 43
25.3999999999999986
 50
270.0
  0
INSERT
  5
1F2A
  8
_G01-IND-3GEN_DRILLS
  6
CONTINUOUS
  2
ROUND_99
 10
-85.8519999592119092
 20
-121.6659999592119021
 30
0.0
 41
-25.3999999999999986
 42
25.3999999999999986
 43
25.3999999999999986
 50
270.0
  0
INSERT
  5
1F2B
  8
_G01-IND-3GEN_DRILLS
  6
CONTINUOUS
  2
ROUND_99
 10
-81.2799999592119065
 20
-123.5709999592120028
 30
0.0
 41
-25.3999999999999986
 42
25.3999999999999986
 43
25.3999999999999986
 50
270.0
  0
INSERT
  5
1F2C
  8
_G01-IND-3GEN_DRILLS
  6
CONTINUOUS
  2
ROUND_99
 10
-4.6989999592119274
 20
-115.5699999592118985
 30
0.0
 41
-25.3999999999999986
 42
25.3999999999999986
 43
25.3999999999999986
 50
270.0
  0
INSERT
  5
1F2D
  8
_G01-IND-3GEN_DRILLS
  6
CONTINUOUS
  2
ROUND_99
 10
-30.3529999592119211
 20
-39.7509999592119883
 30
0.0
 41
-25.3999999999999986
 42
25.3999999999999986
 43
25.3999999999999986
 50
270.0
  0
INSERT
  5
1F2E
  8
_G01-IND-3GEN_DRILLS
  6
CONTINUOUS
  2
ROUND_99
 10
-45.9739999592119233
 20
-55.3719999592119478
 30
0.0
 41
-25.3999999999999986
 42
25.3999999999999986
 43
25.3999999999999986
 50
270.0
  0
INSERT
  5
1F2F
  8
_G01-IND-3GEN_DRILLS
  6
CONTINUOUS
  2
ROUND_99
 10
-51.0539999592119074
 20
-111.6329999592119009
 30
0.0
 41
-25.3999999999999986
 42
25.3999999999999986
 43
25.3999999999999986
 50
270.0
  0
INSERT
  5
1F30
  8
_G01-IND-3GEN_DRILLS
  6
CONTINUOUS
  2
ROUND_99
 10
-67.3099999592119218
 20
-136.2709999592119914
 30
0.0
 41
-25.3999999999999986
 42
25.3999999999999986
 43
25.3999999999999986
 50
270.0
  0
INSERT
  5
1F31
  8
_G01-IND-3GEN_DRILLS
  6
CONTINUOUS
  2
ROUND_99
 10
-66.5479999592119071
 20
-114.1729999592118929
 30
0.0
 41
-25.3999999999999986
 42
25.3999999999999986
 43
25.3999999999999986
 50
270.0
  0
INSERT
  5
1F32
  8
_G01-IND-3GEN_DRILLS
  6
CONTINUOUS
  2
ROUND_99
 10
-20.1929999592119387
 20
-35.9409999592119433
 30
0.0
 41
-25.3999999999999986
 42
25.3999999999999986
 43
25.3999999999999986
 50
270.0
  0
INSERT
  5
1F33
  8
_G01-IND-3GEN_DRILLS
  6
CONTINUOUS
  2
ROUND_99
 10
-45.9739999592119233
 20
-53.7209999592119232
 30
0.0
 41
-25.3999999999999986
 42
25.3999999999999986
 43
25.3999999999999986
 50
270.0
  0
INSERT
  5
1F34
  8
_G01-IND-3GEN_DRILLS
  6
CONTINUOUS
  2
ROUND_99
 10
-51.0539999592119074
 20
-113.2839999592118971
 30
0.0
 41
-25.3999999999999986
 42
25.3999999999999986
 43
25.3999999999999986
 50
270.0
  0
INSERT
  5
1F35
  8
_G01-IND-3GEN_DRILLS
  6
CONTINUOUS
  2
ROUND_99
 10
-66.5479999592119071
 20
-116.3319999592119984
 30
0.0
 41
-25.3999999999999986
 42
25.3999999999999986
 43
25.3999999999999986
 50
270.0
  0
INSERT
  5
1F36
  8
_G01-IND-3GEN_DRILLS
  6
CONTINUOUS
  2
ROUND_99
 10
-67.3099999592119218
 20
-135.0009999592118959
 30
0.0
 41
-25.3999999999999986
 42
25.3999999999999986
 43
25.3999999999999986
 50
270.0
  0
INSERT
  5
1F37
  8
_G01-IND-3GEN_DRILLS
  6
CONTINUOUS
  2
ROUND_99
 10
-48.0059999592119198
 20
-110.2359999592118953
 30
0.0
 41
-25.3999999999999986
 42
25.3999999999999986
 43
25.3999999999999986
 50
270.0
  0
INSERT
  5
1F38
  8
_G01-IND-3GEN_DRILLS
  6
CONTINUOUS
  2
ROUND_99
 10
-49.1489999592119204
 20
-125.4759999592120039
 30
0.0
 41
-25.3999999999999986
 42
25.3999999999999986
 43
25.3999999999999986
 50
270.0
  0
INSERT
  5
1F39
  8
_G01-IND-3GEN_DRILLS
  6
CONTINUOUS
  2
ROUND_99
 10
-24.5109999592119117
 20
-129.9209999592119971
 30
0.0
 41
-25.3999999999999986
 42
25.3999999999999986
 43
25.3999999999999986
 50
270.0
  0
INSERT
  5
1F3A
  8
_G01-IND-3GEN_DRILLS
  6
CONTINUOUS
  2
ROUND_99
 10
-18.4149999592118796
 20
-198.5009999592118959
 30
0.0
 41
-25.3999999999999986
 42
25.3999999999999986
 43
25.3999999999999986
 50
270.0
  0
INSERT
  5
1F3B
  8
_G01-IND-3GEN_DRILLS
  6
CONTINUOUS
  2
ROUND_99
 10
41.275000040788079
 20
-216.3444999592119018
 30
0.0
 41
-25.3999999999999986
 42
25.3999999999999986
 43
25.3999999999999986
 50
270.0
  0
INSERT
  5
1F3C
  8
_G01-IND-3GEN_DRILLS
  6
CONTINUOUS
  2
ROUND_99
 10
-50.7999999592119096
 20
-151.891999959211887
 30
0.0
 41
-25.3999999999999986
 42
25.3999999999999986
 43
25.3999999999999986
 50
270.0
  0
INSERT
  5
1F3D
  8
_G01-IND-3GEN_DRILLS
  6
CONTINUOUS
  2
ROUND_99
 10
-50.7999999592119096
 20
-153.1619999592120109
 30
0.0
 41
-25.3999999999999986
 42
25.3999999999999986
 43
25.3999999999999986
 50
270.0
  0
INSERT
  5
1F3E
  8
_G01-IND-3GEN_DRILLS
  6
CONTINUOUS
  2
ROUND_99
 10
-54.2289999592118974
 20
-153.5429999592120112
 30
0.0
 41
-25.3999999999999986
 42
25.3999999999999986
 43
25.3999999999999986
 50
270.0
  0
INSERT
  5
1F3F
  8
_G01-IND-3GEN_DRILLS
  6
CONTINUOUS
  2
ROUND_99
 10
-49.2759999592119229
 20
-130.9369999592119882
 30
0.0
 41
-25.3999999999999986
 42
25.3999999999999986
 43
25.3999999999999986
 50
270.0
  0
INSERT
  5
1F40
  8
_G01-IND-3GEN_DRILLS
  6
CONTINUOUS
  2
ROUND_99
 10
-1.3969999592119069
 20
-215.2649999592119912
 30
0.0
 41
-25.3999999999999986
 42
25.3999999999999986
 43
25.3999999999999986
 50
270.0
  0
INSERT
  5
1F41
  8
_G01-IND-3GEN_DRILLS
  6
CONTINUOUS
  2
ROUND_99
 10
-5.9689999592118994
 20
-212.3439999592119989
 30
0.0
 41
-25.3999999999999986
 42
25.3999999999999986
 43
25.3999999999999986
 50
270.0
  0
INSERT
  5
1F42
  8
_G01-IND-3GEN_DRILLS
  6
CONTINUOUS
  2
ROUND_99
 10
-19.1769999592119298
 20
-114.4269999592118978
 30
0.0
 41
-25.3999999999999986
 42
25.3999999999999986
 43
25.3999999999999986
 50
270.0
  0
INSERT
  5
1F43
  8
_G01-IND-3GEN_DRILLS
  6
CONTINUOUS
  2
ROUND_99
 10
-51.0539999592119074
 20
-109.6009999592120039
 30
0.0
 41
-25.3999999999999986
 42
25.3999999999999986
 43
25.3999999999999986
 50
270.0
  0
INSERT
  5
1F44
  8
_G01-IND-3GEN_DRILLS
  6
CONTINUOUS
  2
ROUND_99
 10
-50.0379999592119304
 20
-92.7099999592120128
 30
0.0
 41
-25.3999999999999986
 42
25.3999999999999986
 43
25.3999999999999986
 50
270.0
  0
INSERT
  5
1F45
  8
_G01-IND-3GEN_DRILLS
  6
CONTINUOUS
  2
ROUND_99
 10
-45.7199999592119326
 20
-87.3759999592119954
 30
0.0
 41
-25.3999999999999986
 42
25.3999999999999986
 43
25.3999999999999986
 50
270.0
  0
INSERT
  5
1F46
  8
_G01-IND-3GEN_DRILLS
  6
CONTINUOUS
  2
ROUND_99
 10
-35.940999959211922
 20
-84.200999959211984
 30
0.0
 41
-25.3999999999999986
 42
25.3999999999999986
 43
25.3999999999999986
 50
270.0
  0
INSERT
  5
1F47
  8
_G01-IND-3GEN_DRILLS
  6
CONTINUOUS
  2
ROUND_99
 10
-47.8789999592119031
 20
-119.1259999592118959
 30
0.0
 41
-25.3999999999999986
 42
25.3999999999999986
 43
25.3999999999999986
 50
270.0
  0
INSERT
  5
1F48
  8
_G01-IND-3GEN_DRILLS
  6
CONTINUOUS
  2
ROUND_99
 10
-52.9589999592119085
 20
-120.1419999592119012
 30
0.0
 41
-25.3999999999999986
 42
25.3999999999999986
 43
25.3999999999999986
 50
270.0
  0
INSERT
  5
1F49
  8
_G01-IND-3GEN_DRILLS
  6
CONTINUOUS
  2
ROUND_99
 10
-52.9589999592119085
 20
-121.6659999592119021
 30
0.0
 41
-25.3999999999999986
 42
25.3999999999999986
 43
25.3999999999999986
 50
270.0
  0
INSERT
  5
1F4A
  8
_G01-IND-3GEN_DRILLS
  6
CONTINUOUS
  2
ROUND_99
 10
-45.7199999592119326
 20
-70.4849999592120042
 30
0.0
 41
-25.3999999999999986
 42
25.3999999999999986
 43
25.3999999999999986
 50
270.0
  0
INSERT
  5
1F4B
  8
_G01-IND-3GEN_DRILLS
  6
CONTINUOUS
  2
ROUND_99
 10
-39.3699999592119312
 20
-104.3939999592118966
 30
0.0
 41
-25.3999999999999986
 42
25.3999999999999986
 43
25.3999999999999986
 50
270.0
  0
INSERT
  5
1F4C
  8
_G01-IND-3GEN_DRILLS
  6
CONTINUOUS
  2
ROUND_99
 10
-39.6239999592119219
 20
-70.1039999592119898
 30
0.0
 41
-25.3999999999999986
 42
25.3999999999999986
 43
25.3999999999999986
 50
270.0
  0
INSERT
  5
1F4D
  8
_G01-IND-3GEN_DRILLS
  6
CONTINUOUS
  2
ROUND_99
 10
-55.4989999592119219
 20
-73.1519999592119348
 30
0.0
 41
-25.3999999999999986
 42
25.3999999999999986
 43
25.3999999999999986
 50
270.0
  0
INSERT
  5
1F4E
  8
_G01-IND-3GEN_DRILLS
  6
CONTINUOUS
  2
ROUND_99
 10
-41.1479999592119086
 20
-91.8209999592119033
 30
0.0
 41
-25.3999999999999986
 42
25.3999999999999986
 43
25.3999999999999986
 50
270.0
  0
INSERT
  5
1F4F
  8
_G01-IND-3GEN_DRILLS
  6
CONTINUOUS
  2
ROUND_99
 10
-40.5129999592119319
 20
-74.421999959211945
 30
0.0
 41
-25.3999999999999986
 42
25.3999999999999986
 43
25.3999999999999986
 50
270.0
  0
INSERT
  5
1F50
  8
_G01-IND-3GEN_DRILLS
  6
CONTINUOUS
  2
ROUND_99
 10
-81.2799999592119065
 20
-104.6479999592119015
 30
0.0
 41
-25.3999999999999986
 42
25.3999999999999986
 43
25.3999999999999986
 50
270.0
  0
INSERT
  5
1F51
  8
_G01-IND-3GEN_DRILLS
  6
CONTINUOUS
  2
ROUND_99
 10
-81.2799999592119065
 20
-126.7459999592119999
 30
0.0
 41
-25.3999999999999986
 42
25.3999999999999986
 43
25.3999999999999986
 50
270.0
  0
INSERT
  5
1F52
  8
_G01-IND-3GEN_DRILLS
  6
CONTINUOUS
  2
ROUND_99
 10
-72.3899999592119059
 20
-108.076999959212003
 30
0.0
 41
-25.3999999999999986
 42
25.3999999999999986
 43
25.3999999999999986
 50
270.0
  0
INSERT
  5
1F53
  8
_G01-IND-3GEN_DRILLS
  6
CONTINUOUS
  2
ROUND_99
 10
-72.3899999592119059
 20
-119.760999959211901
 30
0.0
 41
-25.3999999999999986
 42
25.3999999999999986
 43
25.3999999999999986
 50
270.0
  0
INSERT
  5
1F54
  8
_G01-IND-3GEN_DRILLS
  6
CONTINUOUS
  2
ROUND_99
 10
57.9120000407880582
 20
-81.6609999592119493
 30
0.0
 41
-25.3999999999999986
 42
25.3999999999999986
 43
25.3999999999999986
 50
270.0
  0
INSERT
  5
1F55
  8
_G01-IND-3GEN_DRILLS
  6
CONTINUOUS
  2
ROUND_99
 10
-18.1609999592119102
 20
-121.2849999592119019
 30
0.0
 41
-25.3999999999999986
 42
25.3999999999999986
 43
25.3999999999999986
 50
270.0
  0
INSERT
  5
1F56
  8
_G01-IND-3GEN_DRILLS
  6
CONTINUOUS
  2
ROUND_99
 10
-51.307999959211898
 20
-100.0759999592119982
 30
0.0
 41
-25.3999999999999986
 42
25.3999999999999986
 43
25.3999999999999986
 50
270.0
  0
INSERT
  5
1F57
  8
_G01-IND-3GEN_DRILLS
  6
CONTINUOUS
  2
ROUND_99
 10
-48.2599999592119175
 20
-181.60999995921199
 30
0.0
 41
-25.3999999999999986
 42
25.3999999999999986
 43
25.3999999999999986
 50
270.0
  0
INSERT
  5
1F58
  8
_G01-IND-3GEN_DRILLS
  6
CONTINUOUS
  2
ROUND_99
 10
-42.2909999592119092
 20
-135.3819999592118961
 30
0.0
 41
-25.3999999999999986
 42
25.3999999999999986
 43
25.3999999999999986
 50
270.0
  0
INSERT
  5
1F59
  8
_G01-IND-3GEN_DRILLS
  6
CONTINUOUS
  2
ROUND_99
 10
-49.4029999592119182
 20
-135.3819999592118961
 30
0.0
 41
-25.3999999999999986
 42
25.3999999999999986
 43
25.3999999999999986
 50
270.0
  0
INSERT
  5
1F5A
  8
_G01-IND-3GEN_DRILLS
  6
CONTINUOUS
  2
ROUND_99
 10
-49.5299999592118922
 20
-186.3089999592118886
 30
0.0
 41
-25.3999999999999986
 42
25.3999999999999986
 43
25.3999999999999986
 50
270.0
  0
INSERT
  5
1F5B
  8
_G01-IND-3GEN_DRILLS
  6
CONTINUOUS
  2
ROUND_99
 10
-18.4149999592118796
 20
-196.5959999592118947
 30
0.0
 41
-25.3999999999999986
 42
25.3999999999999986
 43
25.3999999999999986
 50
270.0
  0
INSERT
  5
1F5C
  8
_G01-IND-3GEN_DRILLS
  6
CONTINUOUS
  2
ROUND_99
 10
57.2770000407881028
 20
-199.1359999592118868
 30
0.0
 41
-25.3999999999999986
 42
25.3999999999999986
 43
25.3999999999999986
 50
270.0
  0
INSERT
  5
1F5D
  8
_G01-IND-3GEN_DRILLS
  6
CONTINUOUS
  2
ROUND_99
 10
-81.2799999592118922
 20
-150.8759999592120096
 30
0.0
 41
-25.3999999999999986
 42
25.3999999999999986
 43
25.3999999999999986
 50
270.0
  0
INSERT
  5
1F5E
  8
_G01-IND-3GEN_DRILLS
  6
CONTINUOUS
  2
ROUND_99
 10
-47.8789999592119031
 20
-128.0159999592119107
 30
0.0
 41
-25.3999999999999986
 42
25.3999999999999986
 43
25.3999999999999986
 50
270.0
  0
INSERT
  5
1F5F
  8
_G01-IND-3GEN_DRILLS
  6
CONTINUOUS
  2
ROUND_99
 10
-18.4149999592118796
 20
-200.5329999592119066
 30
0.0
 41
-25.3999999999999986
 42
25.3999999999999986
 43
25.3999999999999986
 50
270.0
  0
INSERT
  5
1F60
  8
_G01-IND-3GEN_DRILLS
  6
CONTINUOUS
  2
ROUND_99
 10
-10.6679999592119099
 20
-193.6749999592119025
 30
0.0
 41
-25.3999999999999986
 42
25.3999999999999986
 43
25.3999999999999986
 50
270.0
  0
INSERT
  5
1F61
  8
_G01-IND-3GEN_DRILLS
  6
CONTINUOUS
  2
ROUND_99
 10
-24.7649999592119094
 20
-133.8579999592118952
 30
0.0
 41
-25.3999999999999986
 42
25.3999999999999986
 43
25.3999999999999986
 50
270.0
  0
INSERT
  5
1F62
  8
_G01-IND-3GEN_DRILLS
  6
CONTINUOUS
  2
ROUND_99
 10
-48.3869999592118987
 20
-186.3089999592118886
 30
0.0
 41
-25.3999999999999986
 42
25.3999999999999986
 43
25.3999999999999986
 50
270.0
  0
INSERT
  5
1F63
  8
_G01-IND-3GEN_DRILLS
  6
CONTINUOUS
  2
ROUND_99
 10
-42.2909999592119092
 20
-134.1119999592118859
 30
0.0
 41
-25.3999999999999986
 42
25.3999999999999986
 43
25.3999999999999986
 50
270.0
  0
INSERT
  5
1F64
  8
_G01-IND-3GEN_DRILLS
  6
CONTINUOUS
  2
ROUND_99
 10
-54.1019999592119305
 20
-138.1759999592119925
 30
0.0
 41
-25.3999999999999986
 42
25.3999999999999986
 43
25.3999999999999986
 50
270.0
  0
INSERT
  5
1F65
  8
_G01-IND-3GEN_DRILLS
  6
CONTINUOUS
  2
ROUND_99
 10
-61.7219999592118995
 20
-183.6419999592120007
 30
0.0
 41
-25.3999999999999986
 42
25.3999999999999986
 43
25.3999999999999986
 50
270.0
  0
INSERT
  5
1F66
  8
_G01-IND-3GEN_DRILLS
  6
CONTINUOUS
  2
ROUND_99
 10
-38.8619999592119001
 20
-195.3259999592119982
 30
0.0
 41
-25.3999999999999986
 42
25.3999999999999986
 43
25.3999999999999986
 50
270.0
  0
INSERT
  5
1F67
  8
_G01-IND-3GEN_DRILLS
  6
CONTINUOUS
  2
ROUND_99
 10
-54.2289999592118974
 20
-151.3839999592119057
 30
0.0
 41
-25.3999999999999986
 42
25.3999999999999986
 43
25.3999999999999986
 50
270.0
  0
INSERT
  5
1F68
  8
_G01-IND-3GEN_DRILLS
  6
CONTINUOUS
  2
ROUND_99
 10
-51.4349999592119218
 20
-129.412999959211902
 30
0.0
 41
-25.3999999999999986
 42
25.3999999999999986
 43
25.3999999999999986
 50
270.0
  0
INSERT
  5
1F69
  8
_G01-IND-3GEN_DRILLS
  6
CONTINUOUS
  2
ROUND_99
 10
-77.7239999592119233
 20
-130.5559999592119027
 30
0.0
 41
-25.3999999999999986
 42
25.3999999999999986
 43
25.3999999999999986
 50
270.0
  0
INSERT
  5
1F6A
  8
_G01-IND-3GEN_DRILLS
  6
CONTINUOUS
  2
ROUND_99
 10
-77.7239999592119233
 20
-118.490999959211905
 30
0.0
 41
-25.3999999999999986
 42
25.3999999999999986
 43
25.3999999999999986
 50
270.0
  0
INSERT
  5
1F6B
  8
_G01-IND-3GEN_DRILLS
  6
CONTINUOUS
  2
ROUND_99
 10
-33.7819999592119231
 20
-151.0029999592119054
 30
0.0
 41
-25.3999999999999986
 42
25.3999999999999986
 43
25.3999999999999986
 50
270.0
  0
INSERT
  5
1F6C
  8
_G01-IND-3GEN_DRILLS
  6
CONTINUOUS
  2
ROUND_99
 10
-22.2249999592119103
 20
-171.8309999592119084
 30
0.0
 41
-25.3999999999999986
 42
25.3999999999999986
 43
25.3999999999999986
 50
270.0
  0
INSERT
  5
1F6D
  8
_G01-IND-3GEN_DRILLS
  6
CONTINUOUS
  2
ROUND_99
 10
-47.1169999592119026
 20
-186.3089999592118886
 30
0.0
 41
-25.3999999999999986
 42
25.3999999999999986
 43
25.3999999999999986
 50
270.0
  0
INSERT
  5
1F6E
  8
_G01-IND-3GEN_DRILLS
  6
CONTINUOUS
  2
ROUND_99
 10
-43.9419999592118984
 20
-135.2549999592118866
 30
0.0
 41
-25.3999999999999986
 42
25.3999999999999986
 43
25.3999999999999986
 50
270.0
  0
INSERT
  5
1F6F
  8
_G01-IND-3GEN_DRILLS
  6
CONTINUOUS
  2
ROUND_99
 10
-29.8449999592119113
 20
-176.4029999592119964
 30
0.0
 41
-25.3999999999999986
 42
25.3999999999999986
 43
25.3999999999999986
 50
270.0
  0
INSERT
  5
1F70
  8
_G01-IND-3GEN_DRILLS
  6
CONTINUOUS
  2
ROUND_99
 10
-47.6249999592119124
 20
-175.1329999592119009
 30
0.0
 41
-25.3999999999999986
 42
25.3999999999999986
 43
25.3999999999999986
 50
270.0
  0
INSERT
  5
1F71
  8
_G01-IND-3GEN_DRILLS
  6
CONTINUOUS
  2
ROUND_99
 10
-45.5929999592119088
 20
-133.9849999592119048
 30
0.0
 41
-25.3999999999999986
 42
25.3999999999999986
 43
25.3999999999999986
 50
270.0
  0
INSERT
  5
1F72
  8
_G01-IND-3GEN_DRILLS
  6
CONTINUOUS
  2
ROUND_99
 10
-52.9589999592118872
 20
-182.4989999592118863
 30
0.0
 41
-25.3999999999999986
 42
25.3999999999999986
 43
25.3999999999999986
 50
270.0
  0
INSERT
  5
1F73
  8
_G01-IND-3GEN_DRILLS
  6
CONTINUOUS
  2
ROUND_99
 10
-45.5929999592119088
 20
-135.2549999592118866
 30
0.0
 41
-25.3999999999999986
 42
25.3999999999999986
 43
25.3999999999999986
 50
270.0
  0
INSERT
  5
1F74
  8
_G01-IND-3GEN_DRILLS
  6
CONTINUOUS
  2
ROUND_99
 10
-53.9749999592119067
 20
-175.7679999592120055
 30
0.0
 41
-25.3999999999999986
 42
25.3999999999999986
 43
25.3999999999999986
 50
270.0
  0
INSERT
  5
1F75
  8
_G01-IND-3GEN_DRILLS
  6
CONTINUOUS
  2
ROUND_99
 10
-46.8629999592118978
 20
-134.1119999592118859
 30
0.0
 41
-25.3999999999999986
 42
25.3999999999999986
 43
25.3999999999999986
 50
270.0
  0
INSERT
  5
1F76
  8
_G01-IND-3GEN_DRILLS
  6
CONTINUOUS
  2
ROUND_99
 10
-10.6679999592119099
 20
-157.0989999592119091
 30
0.0
 41
-25.3999999999999986
 42
25.3999999999999986
 43
25.3999999999999986
 50
270.0
  0
INSERT
  5
1F77
  8
_G01-IND-3GEN_DRILLS
  6
CONTINUOUS
  2
ROUND_99
 10
-4.4449999592118861
 20
-209.0419999592118927
 30
0.0
 41
-25.3999999999999986
 42
25.3999999999999986
 43
25.3999999999999986
 50
270.0
  0
INSERT
  5
1F78
  8
_G01-IND-3GEN_DRILLS
  6
CONTINUOUS
  2
ROUND_99
 10
-10.6679999592119099
 20
-164.5919999592119041
 30
0.0
 41
-25.3999999999999986
 42
25.3999999999999986
 43
25.3999999999999986
 50
270.0
  0
INSERT
  5
1F79
  8
_G01-IND-3GEN_DRILLS
  6
CONTINUOUS
  2
ROUND_99
 10
-4.4449999592118861
 20
-206.5019999592119007
 30
0.0
 41
-25.3999999999999986
 42
25.3999999999999986
 43
25.3999999999999986
 50
270.0
  0
INSERT
  5
1F7A
  8
_G01-IND-3GEN_DRILLS
  6
CONTINUOUS
  2
ROUND_99
 10
-1.904999959211896
 20
-207.0099999592119104
 30
0.0
 41
-25.3999999999999986
 42
25.3999999999999986
 43
25.3999999999999986
 50
270.0
  0
INSERT
  5
1F7B
  8
_G01-IND-3GEN_DRILLS
  6
CONTINUOUS
  2
ROUND_99
 10
4.572000040788077
 20
-209.1689999592119023
 30
0.0
 41
-25.3999999999999986
 42
25.3999999999999986
 43
25.3999999999999986
 50
270.0
  0
INSERT
  5
1F7C
  8
_G01-IND-3GEN_DRILLS
  6
CONTINUOUS
  2
ROUND_99
 10
77.5970000407880747
 20
-61.3409999592119277
 30
0.0
 41
-25.3999999999999986
 42
25.3999999999999986
 43
25.3999999999999986
 50
270.0
  0
INSERT
  5
1F7D
  8
_G01-IND-3GEN_DRILLS
  6
CONTINUOUS
  2
ROUND_99
 10
-68.7069999592119132
 20
-145.287999959211902
 30
0.0
 41
-25.3999999999999986
 42
25.3999999999999986
 43
25.3999999999999986
 50
270.0
  0
INSERT
  5
1F7E
  8
_G01-IND-3GEN_DRILLS
  6
CONTINUOUS
  2
ROUND_99
 10
-15.8749999592119106
 20
-174.8789999592119102
 30
0.0
 41
-25.3999999999999986
 42
25.3999999999999986
 43
25.3999999999999986
 50
270.0
  0
INSERT
  5
1F7F
  8
_G01-IND-3GEN_DRILLS
  6
CONTINUOUS
  2
ROUND_99
 10
-20.9549999592119001
 20
-174.8789999592119102
 30
0.0
 41
-25.3999999999999986
 42
25.3999999999999986
 43
25.3999999999999986
 50
270.0
  0
INSERT
  5
1F80
  8
_G01-IND-3GEN_DRILLS
  6
CONTINUOUS
  2
ROUND_99
 10
-15.8749999592119106
 20
-176.4029999592119964
 30
0.0
 41
-25.3999999999999986
 42
25.3999999999999986
 43
25.3999999999999986
 50
270.0
  0
INSERT
  5
1F81
  8
_G01-IND-3GEN_DRILLS
  6
CONTINUOUS
  2
ROUND_99
 10
-31.2419999592118991
 20
-132.5879999592119134
 30
0.0
 41
-25.3999999999999986
 42
25.3999999999999986
 43
25.3999999999999986
 50
270.0
  0
INSERT
  5
1F82
  8
_G01-IND-3GEN_DRILLS
  6
CONTINUOUS
  2
ROUND_99
 10
-21.7169999592119005
 20
-176.148999959211892
 30
0.0
 41
-25.3999999999999986
 42
25.3999999999999986
 43
25.3999999999999986
 50
270.0
  0
INSERT
  5
1F83
  8
_G01-IND-3GEN_DRILLS
  6
CONTINUOUS
  2
ROUND_99
 10
-21.7169999592119005
 20
-190.7539999592119102
 30
0.0
 41
-25.3999999999999986
 42
25.3999999999999986
 43
25.3999999999999986
 50
270.0
  0
INSERT
  5
1F84
  8
_G01-IND-3GEN_DRILLS
  6
CONTINUOUS
  2
ROUND_99
 10
-41.6559999592119183
 20
-114.2999999592119025
 30
0.0
 41
-25.3999999999999986
 42
25.3999999999999986
 43
25.3999999999999986
 50
270.0
  0
INSERT
  5
1F85
  8
_G01-IND-3GEN_DRILLS
  6
CONTINUOUS
  2
ROUND_99
 10
57.6580000407880675
 20
-96.138999959211958
 30
0.0
 41
-25.3999999999999986
 42
25.3999999999999986
 43
25.3999999999999986
 50
270.0
  0
INSERT
  5
1F86
  8
_G01-IND-3GEN_DRILLS
  6
CONTINUOUS
  2
ROUND_99
 10
17.0180000407880812
 20
-35.6869999592119882
 30
0.0
 41
-25.3999999999999986
 42
25.3999999999999986
 43
25.3999999999999986
 50
270.0
  0
INSERT
  5
1F87
  8
_G01-IND-3GEN_DRILLS
  6
CONTINUOUS
  2
ROUND_99
 10
3.048000040788065
 20
-85.9789999592119898
 30
0.0
 41
-25.3999999999999986
 42
25.3999999999999986
 43
25.3999999999999986
 50
270.0
  0
INSERT
  5
1F88
  8
_G01-IND-3GEN_DRILLS
  6
CONTINUOUS
  2
ROUND_99
 10
-15.1129999592119297
 20
-114.4269999592118978
 30
0.0
 41
-25.3999999999999986
 42
25.3999999999999986
 43
25.3999999999999986
 50
270.0
  0
INSERT
  5
1F89
  8
_G01-IND-3GEN_DRILLS
  6
CONTINUOUS
  2
ROUND_99
 10
-22.859999959211919
 20
-125.2219999592118995
 30
0.0
 41
-25.3999999999999986
 42
25.3999999999999986
 43
25.3999999999999986
 50
270.0
  0
INSERT
  5
1F8A
  8
_G01-IND-3GEN_DRILLS
  6
CONTINUOUS
  2
ROUND_99
 10
61.8490000407880487
 20
-49.0219999592119393
 30
0.0
 41
-25.3999999999999986
 42
25.3999999999999986
 43
25.3999999999999986
 50
270.0
  0
INSERT
  5
1F8B
  8
_G01-IND-3GEN_DRILLS
  6
CONTINUOUS
  2
ROUND_99
 10
-17.1449999592119298
 20
-117.7289999592119045
 30
0.0
 41
-25.3999999999999986
 42
25.3999999999999986
 43
25.3999999999999986
 50
270.0
  0
INSERT
  5
1F8C
  8
_G01-IND-3GEN_DRILLS
  6
CONTINUOUS
  2
ROUND_99
 10
-18.1609999592119102
 20
-122.5549999592118979
 30
0.0
 41
-25.3999999999999986
 42
25.3999999999999986
 43
25.3999999999999986
 50
270.0
  0
INSERT
  5
1F8D
  8
_G01-IND-3GEN_DRILLS
  6
CONTINUOUS
  2
ROUND_99
 10
60.3250000407880904
 20
-112.0139999592119011
 30
0.0
 41
-25.3999999999999986
 42
25.3999999999999986
 43
25.3999999999999986
 50
270.0
  0
INSERT
  5
1F8E
  8
_G01-IND-3GEN_DRILLS
  6
CONTINUOUS
  2
ROUND_99
 10
17.9070000407880912
 20
-35.6869999592119882
 30
0.0
 41
-25.3999999999999986
 42
25.3999999999999986
 43
25.3999999999999986
 50
270.0
  0
INSERT
  5
1F8F
  8
_G01-IND-3GEN_DRILLS
  6
CONTINUOUS
  2
ROUND_99
 10
3.048000040788065
 20
-87.3759999592119954
 30
0.0
 41
-25.3999999999999986
 42
25.3999999999999986
 43
25.3999999999999986
 50
270.0
  0
INSERT
  5
1F90
  8
_G01-IND-3GEN_DRILLS
  6
CONTINUOUS
  2
ROUND_99
 10
-13.71599995921191
 20
-114.4269999592118978
 30
0.0
 41
-25.3999999999999986
 42
25.3999999999999986
 43
25.3999999999999986
 50
270.0
  0
INSERT
  5
1F91
  8
_G01-IND-3GEN_DRILLS
  6
CONTINUOUS
  2
ROUND_99
 10
-22.0979999592119185
 20
-131.8259999592119982
 30
0.0
 41
-25.3999999999999986
 42
25.3999999999999986
 43
25.3999999999999986
 50
270.0
  0
INSERT
  5
1F92
  8
_G01-IND-3GEN_DRILLS
  6
CONTINUOUS
  2
ROUND_99
 10
61.0870000407880624
 20
-70.1039999592119898
 30
0.0
 41
-25.3999999999999986
 42
25.3999999999999986
 43
25.3999999999999986
 50
270.0
  0
INSERT
  5
1F93
  8
_G01-IND-3GEN_DRILLS
  6
CONTINUOUS
  2
ROUND_99
 10
-18.4149999592119009
 20
-118.1099999592119048
 30
0.0
 41
-25.3999999999999986
 42
25.3999999999999986
 43
25.3999999999999986
 50
270.0
  0
INSERT
  5
1F94
  8
_G01-IND-3GEN_DRILLS
  6
CONTINUOUS
  2
ROUND_99
 10
-76.4539999592118988
 20
-130.5559999592119027
 30
0.0
 41
-25.3999999999999986
 42
25.3999999999999986
 43
25.3999999999999986
 50
270.0
  0
INSERT
  5
1F95
  8
_G01-IND-3GEN_DRILLS
  6
CONTINUOUS
  2
ROUND_99
 10
-47.8789999592119031
 20
-125.4759999592120039
 30
0.0
 41
-25.3999999999999986
 42
25.3999999999999986
 43
25.3999999999999986
 50
270.0
  0
INSERT
  5
1F96
  8
_G01-IND-3GEN_DRILLS
  6
CONTINUOUS
  2
ROUND_99
 10
-40.3859999592119081
 20
-114.2999999592119025
 30
0.0
 41
-25.3999999999999986
 42
25.3999999999999986
 43
25.3999999999999986
 50
270.0
  0
INSERT
  5
1F97
  8
_G01-IND-3GEN_DRILLS
  6
CONTINUOUS
  2
ROUND_99
 10
-49.1489999592119204
 20
-110.4899999592119002
 30
0.0
 41
-25.3999999999999986
 42
25.3999999999999986
 43
25.3999999999999986
 50
270.0
  0
INSERT
  5
1F98
  8
_G01-IND-3GEN_DRILLS
  6
CONTINUOUS
  2
ROUND_99
 10
-50.7999999592119096
 20
-148.5899999592120082
 30
0.0
 41
-25.3999999999999986
 42
25.3999999999999986
 43
25.3999999999999986
 50
270.0
  0
INSERT
  5
1F99
  8
_G01-IND-3GEN_DRILLS
  6
CONTINUOUS
  2
ROUND_99
 10
-47.8789999592119031
 20
-130.9369999592119882
 30
0.0
 41
-25.3999999999999986
 42
25.3999999999999986
 43
25.3999999999999986
 50
270.0
  0
INSERT
  5
1F9A
  8
_G01-IND-3GEN_DRILLS
  6
CONTINUOUS
  2
ROUND_99
 10
-47.8789999592119031
 20
-132.2069999592119132
 30
0.0
 41
-25.3999999999999986
 42
25.3999999999999986
 43
25.3999999999999986
 50
270.0
  0
INSERT
  5
1F9B
  8
_G01-IND-3GEN_DRILLS
  6
CONTINUOUS
  2
ROUND_99
 10
-44.0689999592119221
 20
-145.5419999592118927
 30
0.0
 41
-25.3999999999999986
 42
25.3999999999999986
 43
25.3999999999999986
 50
270.0
  0
INSERT
  5
1F9C
  8
_G01-IND-3GEN_DRILLS
  6
CONTINUOUS
  2
ROUND_99
 10
-28.8289999592119308
 20
-28.1939999592119506
 30
0.0
 41
-25.3999999999999986
 42
25.3999999999999986
 43
25.3999999999999986
 50
270.0
  0
INSERT
  5
1F9D
  8
_G01-IND-3GEN_DRILLS
  6
CONTINUOUS
  2
ROUND_99
 10
-40.1319999592119103
 20
-98.1709999592119118
 30
0.0
 41
-25.3999999999999986
 42
25.3999999999999986
 43
25.3999999999999986
 50
270.0
  0
INSERT
  5
1F9E
  8
_G01-IND-3GEN_DRILLS
  6
CONTINUOUS
  2
ROUND_99
 10
-26.4159999592119412
 20
-20.9549999592119391
 30
0.0
 41
-25.3999999999999986
 42
25.3999999999999986
 43
25.3999999999999986
 50
270.0
  0
INSERT
  5
1F9F
  8
_G01-IND-3GEN_DRILLS
  6
CONTINUOUS
  2
ROUND_99
 10
-28.4479999592119199
 20
-128.6509999592119868
 30
0.0
 41
-25.3999999999999986
 42
25.3999999999999986
 43
25.3999999999999986
 50
270.0
  0
INSERT
  5
1FA0
  8
_G01-IND-3GEN_DRILLS
  6
CONTINUOUS
  2
ROUND_99
 10
-24.5109999592119117
 20
-128.6509999592119868
 30
0.0
 41
-25.3999999999999986
 42
25.3999999999999986
 43
25.3999999999999986
 50
270.0
  0
INSERT
  5
1FA1
  8
_G01-IND-3GEN_DRILLS
  6
CONTINUOUS
  2
ROUND_99
 10
-31.3689999592119406
 20
-28.1939999592120287
 30
0.0
 41
-25.3999999999999986
 42
25.3999999999999986
 43
25.3999999999999986
 50
270.0
  0
INSERT
  5
1FA2
  8
_G01-IND-3GEN_DRILLS
  6
CONTINUOUS
  2
ROUND_99
 10
-43.4339999592119312
 20
-63.7539999592119884
 30
0.0
 41
-25.3999999999999986
 42
25.3999999999999986
 43
25.3999999999999986
 50
270.0
  0
INSERT
  5
1FA3
  8
_G01-IND-3GEN_DRILLS
  6
CONTINUOUS
  2
ROUND_99
 10
-38.9889999592119167
 20
-64.7699999592119724
 30
0.0
 41
-25.3999999999999986
 42
25.3999999999999986
 43
25.3999999999999986
 50
270.0
  0
INSERT
  5
1FA4
  8
_G01-IND-3GEN_DRILLS
  6
CONTINUOUS
  2
ROUND_99
 10
4.8260000407880721
 20
-147.5739999592119034
 30
0.0
 41
-25.3999999999999986
 42
25.3999999999999986
 43
25.3999999999999986
 50
270.0
  0
INSERT
  5
1FA5
  8
_G01-IND-3GEN_DRILLS
  6
CONTINUOUS
  2
ROUND_99
 10
-50.7999999592119096
 20
-143.1289999592119955
 30
0.0
 41
-25.3999999999999986
 42
25.3999999999999986
 43
25.3999999999999986
 50
270.0
  0
INSERT
  5
1FA6
  8
_G01-IND-3GEN_DRILLS
  6
CONTINUOUS
  2
ROUND_99
 10
-57.2769999592119206
 20
-144.6529999592119111
 30
0.0
 41
-25.3999999999999986
 42
25.3999999999999986
 43
25.3999999999999986
 50
270.0
  0
INSERT
  5
1FA7
  8
_G01-IND-3GEN_DRILLS
  6
CONTINUOUS
  2
ROUND_99
 10
-67.3099999592119218
 20
-146.4309999592119027
 30
0.0
 41
-25.3999999999999986
 42
25.3999999999999986
 43
25.3999999999999986
 50
270.0
  0
INSERT
  5
1FA8
  8
_G01-IND-3GEN_DRILLS
  6
CONTINUOUS
  2
ROUND_99
 10
-58.2929999592119117
 20
-147.4469999592118938
 30
0.0
 41
-25.3999999999999986
 42
25.3999999999999986
 43
25.3999999999999986
 50
270.0
  0
INSERT
  5
1FA9
  8
_G01-IND-3GEN_DRILLS
  6
CONTINUOUS
  2
ROUND_99
 10
-61.4679999592119088
 20
-145.1609999592118925
 30
0.0
 41
-25.3999999999999986
 42
25.3999999999999986
 43
25.3999999999999986
 50
270.0
  0
INSERT
  5
1FAA
  8
_G01-IND-3GEN_DRILLS
  6
CONTINUOUS
  2
ROUND_99
 10
-62.4839999592119
 20
-143.8909999592119107
 30
0.0
 41
-25.3999999999999986
 42
25.3999999999999986
 43
25.3999999999999986
 50
270.0
  0
INSERT
  5
1FAB
  8
_G01-IND-3GEN_DRILLS
  6
CONTINUOUS
  2
ROUND_99
 10
-77.4699999592119326
 20
-111.1249999592119053
 30
0.0
 41
-25.3999999999999986
 42
25.3999999999999986
 43
25.3999999999999986
 50
270.0
  0
INSERT
  5
1FAC
  8
_G01-IND-3GEN_DRILLS
  6
CONTINUOUS
  2
ROUND_99
 10
-78.6129999592119333
 20
-128.0159999592119959
 30
0.0
 41
-25.3999999999999986
 42
25.3999999999999986
 43
25.3999999999999986
 50
270.0
  0
INSERT
  5
1FAD
  8
_G01-IND-3GEN_DRILLS
  6
CONTINUOUS
  2
ROUND_99
 10
-50.7999999592119096
 20
-136.7789999592120012
 30
0.0
 41
-25.3999999999999986
 42
25.3999999999999986
 43
25.3999999999999986
 50
270.0
  0
INSERT
  5
1FAE
  8
_G01-IND-3GEN_DRILLS
  6
CONTINUOUS
  2
ROUND_99
 10
-73.913999959211921
 20
-130.9369999592119882
 30
0.0
 41
-25.3999999999999986
 42
25.3999999999999986
 43
25.3999999999999986
 50
270.0
  0
INSERT
  5
1FAF
  8
_G01-IND-3GEN_DRILLS
  6
CONTINUOUS
  2
ROUND_99
 10
-73.5329999592119066
 20
-148.7169999592119041
 30
0.0
 41
-25.3999999999999986
 42
25.3999999999999986
 43
25.3999999999999986
 50
270.0
  0
INSERT
  5
1FB0
  8
_G01-IND-3GEN_DRILLS
  6
CONTINUOUS
  2
ROUND_99
 10
-29.3369999592119193
 20
-77.3429999592118946
 30
0.0
 41
-25.3999999999999986
 42
25.3999999999999986
 43
25.3999999999999986
 50
270.0
  0
INSERT
  5
1FB1
  8
_G01-IND-3GEN_DRILLS
  6
CONTINUOUS
  2
ROUND_99
 10
-59.3089999592119312
 20
-75.056999959212007
 30
0.0
 41
-25.3999999999999986
 42
25.3999999999999986
 43
25.3999999999999986
 50
270.0
  0
INSERT
  5
1FB2
  8
_G01-IND-3GEN_DRILLS
  6
CONTINUOUS
  2
ROUND_99
 10
-67.5639999592119125
 20
-122.0469999592119024
 30
0.0
 41
-25.3999999999999986
 42
25.3999999999999986
 43
25.3999999999999986
 50
270.0
  0
INSERT
  5
1FB3
  8
_G01-IND-3GEN_DRILLS
  6
CONTINUOUS
  2
ROUND_99
 10
9.7790000407880786
 20
-74.6759999592119925
 30
0.0
 41
-25.3999999999999986
 42
25.3999999999999986
 43
25.3999999999999986
 50
270.0
  0
INSERT
  5
1FB4
  8
_G01-IND-3GEN_DRILLS
  6
CONTINUOUS
  2
ROUND_99
 10
-67.5639999592119125
 20
-119.6339999592120051
 30
0.0
 41
-25.3999999999999986
 42
25.3999999999999986
 43
25.3999999999999986
 50
270.0
  0
INSERT
  5
1FB5
  8
_G01-IND-3GEN_DRILLS
  6
CONTINUOUS
  2
ROUND_99
 10
-59.3089999592119312
 20
-76.8349999592120128
 30
0.0
 41
-25.3999999999999986
 42
25.3999999999999986
 43
25.3999999999999986
 50
270.0
  0
INSERT
  5
1FB6
  8
_G01-IND-3GEN_DRILLS
  6
CONTINUOUS
  2
ROUND_99
 10
7.4930000407880826
 20
-80.3909999592119391
 30
0.0
 41
-25.3999999999999986
 42
25.3999999999999986
 43
25.3999999999999986
 50
270.0
  0
INSERT
  5
1FB7
  8
_G01-IND-3GEN_DRILLS
  6
CONTINUOUS
  2
ROUND_99
 10
76.5810000407880551
 20
-61.3409999592119277
 30
0.0
 41
-25.3999999999999986
 42
25.3999999999999986
 43
25.3999999999999986
 50
270.0
  0
INSERT
  5
1FB8
  8
_G01-IND-3GEN_DRILLS
  6
CONTINUOUS
  2
ROUND_99
 10
-53.5939999592119207
 20
-124.8409999592118993
 30
0.0
 41
-25.3999999999999986
 42
25.3999999999999986
 43
25.3999999999999986
 50
270.0
  0
INSERT
  5
1FB9
  8
_G01-IND-3GEN_DRILLS
  6
CONTINUOUS
  2
ROUND_99
 10
-84.5819999592119132
 20
-118.490999959211905
 30
0.0
 41
-25.3999999999999986
 42
25.3999999999999986
 43
25.3999999999999986
 50
270.0
  0
INSERT
  5
1FBA
  8
_G01-IND-3GEN_DRILLS
  6
CONTINUOUS
  2
ROUND_99
 10
86.6140000407881132
 20
-194.9449999592119127
 30
0.0
 41
-25.3999999999999986
 42
25.3999999999999986
 43
25.3999999999999986
 50
270.0
  0
INSERT
  5
1FBB
  8
_G01-IND-3GEN_DRILLS
  6
CONTINUOUS
  2
ROUND_99
 10
-85.7249999592119138
 20
-95.8849999592120241
 30
0.0
 41
-25.3999999999999986
 42
25.3999999999999986
 43
25.3999999999999986
 50
270.0
  0
INSERT
  5
1FBC
  8
_G01-IND-3GEN_DRILLS
  6
CONTINUOUS
  2
ROUND_99
 10
-63.2459999592119075
 20
-95.122999959211981
 30
0.0
 41
-25.3999999999999986
 42
25.3999999999999986
 43
25.3999999999999986
 50
270.0
  0
INSERT
  5
1FBD
  8
_G01-IND-3GEN_DRILLS
  6
CONTINUOUS
  2
ROUND_99
 10
-56.7689999592119179
 20
-91.0589999592119739
 30
0.0
 41
-25.3999999999999986
 42
25.3999999999999986
 43
25.3999999999999986
 50
270.0
  0
INSERT
  5
1FBE
  8
_G01-IND-3GEN_DRILLS
  6
CONTINUOUS
  2
ROUND_99
 10
-50.0379999592119304
 20
-91.0589999592119739
 30
0.0
 41
-25.3999999999999986
 42
25.3999999999999986
 43
25.3999999999999986
 50
270.0
  0
INSERT
  5
1FBF
  8
_G01-IND-3GEN_DRILLS
  6
CONTINUOUS
  2
ROUND_99
 10
-50.0379999592119304
 20
-86.4869999592119854
 30
0.0
 41
-25.3999999999999986
 42
25.3999999999999986
 43
25.3999999999999986
 50
270.0
  0
INSERT
  5
1FC0
  8
_G01-IND-3GEN_DRILLS
  6
CONTINUOUS
  2
ROUND_99
 10
-60.4519999592119319
 20
-97.5359999592119493
 30
0.0
 41
-25.3999999999999986
 42
25.3999999999999986
 43
25.3999999999999986
 50
270.0
  0
INSERT
  5
1FC1
  8
_G01-IND-3GEN_DRILLS
  6
CONTINUOUS
  2
ROUND_99
 10
-62.3569999592119117
 20
-104.5209999592120056
 30
0.0
 41
-25.3999999999999986
 42
25.3999999999999986
 43
25.3999999999999986
 50
270.0
  0
INSERT
  5
1FC2
  8
_G01-IND-3GEN_DRILLS
  6
CONTINUOUS
  2
ROUND_99
 10
-44.7039999592119273
 20
-89.2809999592119681
 30
0.0
 41
-25.3999999999999986
 42
25.3999999999999986
 43
25.3999999999999986
 50
270.0
  0
INSERT
  5
1FC3
  8
_G01-IND-3GEN_DRILLS
  6
CONTINUOUS
  2
ROUND_99
 10
-41.1479999592119086
 20
-89.2809999592119681
 30
0.0
 41
-25.3999999999999986
 42
25.3999999999999986
 43
25.3999999999999986
 50
270.0
  0
INSERT
  5
1FC4
  8
_G01-IND-3GEN_DRILLS
  6
CONTINUOUS
  2
ROUND_99
 10
-41.0209999592119203
 20
-100.7109999592119038
 30
0.0
 41
-25.3999999999999986
 42
25.3999999999999986
 43
25.3999999999999986
 50
270.0
  0
INSERT
  5
1FC5
  8
_G01-IND-3GEN_DRILLS
  6
CONTINUOUS
  2
ROUND_99
 10
-29.0829999592119286
 20
-82.5499999592119451
 30
0.0
 41
-25.3999999999999986
 42
25.3999999999999986
 43
25.3999999999999986
 50
270.0
  0
INSERT
  5
1FC6
  8
_G01-IND-3GEN_DRILLS
  6
CONTINUOUS
  2
ROUND_99
 10
-27.1779999592119204
 20
-103.5049999592119008
 30
0.0
 41
-25.3999999999999986
 42
25.3999999999999986
 43
25.3999999999999986
 50
270.0
  0
INSERT
  5
1FC7
  8
_G01-IND-3GEN_DRILLS
  6
CONTINUOUS
  2
ROUND_99
 10
-5.2069999592119149
 20
-97.6629999592119447
 30
0.0
 41
-25.3999999999999986
 42
25.3999999999999986
 43
25.3999999999999986
 50
270.0
  0
INSERT
  5
1FC8
  8
_G01-IND-3GEN_DRILLS
  6
CONTINUOUS
  2
ROUND_99
 10
-58.038999959211921
 20
-64.1349999592120099
 30
0.0
 41
-25.3999999999999986
 42
25.3999999999999986
 43
25.3999999999999986
 50
270.0
  0
INSERT
  5
1FC9
  8
_G01-IND-3GEN_DRILLS
  6
CONTINUOUS
  2
ROUND_99
 10
-79.5019999592119291
 20
-43.433999959211981
 30
0.0
 41
-25.3999999999999986
 42
25.3999999999999986
 43
25.3999999999999986
 50
270.0
  0
INSERT
  5
1FCA
  8
_G01-IND-3GEN_DRILLS
  6
CONTINUOUS
  2
ROUND_99
 10
-44.5769999592119319
 20
-78.4859999592119522
 30
0.0
 41
-25.3999999999999986
 42
25.3999999999999986
 43
25.3999999999999986
 50
270.0
  0
INSERT
  5
1FCB
  8
_G01-IND-3GEN_DRILLS
  6
CONTINUOUS
  2
ROUND_99
 10
-49.1489999592119204
 20
-79.5019999592119291
 30
0.0
 41
-25.3999999999999986
 42
25.3999999999999986
 43
25.3999999999999986
 50
270.0
  0
INSERT
  5
1FCC
  8
_G01-IND-3GEN_DRILLS
  6
CONTINUOUS
  2
ROUND_99
 10
-55.8799999592119079
 20
-86.6139999592119523
 30
0.0
 41
-25.3999999999999986
 42
25.3999999999999986
 43
25.3999999999999986
 50
270.0
  0
INSERT
  5
1FCD
  8
_G01-IND-3GEN_DRILLS
  6
CONTINUOUS
  2
ROUND_99
 10
-28.4479999592119199
 20
-122.5549999592118979
 30
0.0
 41
-25.3999999999999986
 42
25.3999999999999986
 43
25.3999999999999986
 50
270.0
  0
INSERT
  5
1FCE
  8
_G01-IND-3GEN_DRILLS
  6
CONTINUOUS
  2
ROUND_99
 10
-44.5769999592119319
 20
-95.6309999592119766
 30
0.0
 41
-25.3999999999999986
 42
25.3999999999999986
 43
25.3999999999999986
 50
270.0
  0
INSERT
  5
1FCF
  8
_G01-IND-3GEN_DRILLS
  6
CONTINUOUS
  2
ROUND_99
 10
58.1660000407880631
 20
-52.3239999592119176
 30
0.0
 41
-25.3999999999999986
 42
25.3999999999999986
 43
25.3999999999999986
 50
270.0
  0
INSERT
  5
1FD0
  8
_G01-IND-3GEN_DRILLS
  6
CONTINUOUS
  2
ROUND_99
 10
58.5470000407880704
 20
-75.8189999592119364
 30
0.0
 41
-25.3999999999999986
 42
25.3999999999999986
 43
25.3999999999999986
 50
270.0
  0
INSERT
  5
1FD1
  8
_G01-IND-3GEN_DRILLS
  6
CONTINUOUS
  2
ROUND_99
 10
-14.0969999592119493
 20
-35.9409999592119433
 30
0.0
 41
-25.3999999999999986
 42
25.3999999999999986
 43
25.3999999999999986
 50
270.0
  0
INSERT
  5
1FD2
  8
_G01-IND-3GEN_DRILLS
  6
CONTINUOUS
  2
ROUND_99
 10
-27.0509999592119215
 20
-120.2689999592118966
 30
0.0
 41
-25.3999999999999986
 42
25.3999999999999986
 43
25.3999999999999986
 50
270.0
  0
INSERT
  5
1FD3
  8
_G01-IND-3GEN_DRILLS
  6
CONTINUOUS
  2
ROUND_99
 10
-49.9109999592119067
 20
-121.6659999592119021
 30
0.0
 41
-25.3999999999999986
 42
25.3999999999999986
 43
25.3999999999999986
 50
270.0
  0
INSERT
  5
1FD4
  8
_G01-IND-3GEN_DRILLS
  6
CONTINUOUS
  2
ROUND_99
 10
-67.6909999592119078
 20
-106.5529999592119026
 30
0.0
 41
-25.3999999999999986
 42
25.3999999999999986
 43
25.3999999999999986
 50
270.0
  0
INSERT
  5
1FD5
  8
_G01-IND-3GEN_DRILLS
  6
CONTINUOUS
  2
ROUND_99
 10
60.8330000407880718
 20
-134.4929999592118861
 30
0.0
 41
-25.3999999999999986
 42
25.3999999999999986
 43
25.3999999999999986
 50
270.0
  0
INSERT
  5
1FD6
  8
_G01-IND-3GEN_DRILLS
  6
CONTINUOUS
  2
ROUND_99
 10
61.0870000407880624
 20
-64.642999959211906
 30
0.0
 41
-25.3999999999999986
 42
25.3999999999999986
 43
25.3999999999999986
 50
270.0
  0
INSERT
  5
1FD7
  8
_G01-IND-3GEN_DRILLS
  6
CONTINUOUS
  2
ROUND_99
 10
59.3090000407880567
 20
-44.0689999592119435
 30
0.0
 41
-25.3999999999999986
 42
25.3999999999999986
 43
25.3999999999999986
 50
270.0
  0
INSERT
  5
1FD8
  8
_G01-IND-3GEN_DRILLS
  6
CONTINUOUS
  2
ROUND_99
 10
61.0870000407881122
 20
-99.9489999592119176
 30
0.0
 41
-25.3999999999999986
 42
25.3999999999999986
 43
25.3999999999999986
 50
270.0
  0
INSERT
  5
1FD9
  8
_G01-IND-3GEN_DRILLS
  6
CONTINUOUS
  2
ROUND_99
 10
61.0870000407880624
 20
-68.8339999592118943
 30
0.0
 41
-25.3999999999999986
 42
25.3999999999999986
 43
25.3999999999999986
 50
270.0
  0
INSERT
  5
1FDA
  8
_G01-IND-3GEN_DRILLS
  6
CONTINUOUS
  2
ROUND_99
 10
73.6600000407880486
 20
-125.9839999592119
 30
0.0
 41
-25.3999999999999986
 42
25.3999999999999986
 43
25.3999999999999986
 50
270.0
  0
INSERT
  5
1FDB
  8
_G01-IND-3GEN_DRILLS
  6
CONTINUOUS
  2
ROUND_99
 10
100.457000040788003
 20
-139.5729999592118986
 30
0.0
 41
-25.3999999999999986
 42
25.3999999999999986
 43
25.3999999999999986
 50
270.0
  0
INSERT
  5
1FDC
  8
_G01-IND-3GEN_DRILLS
  6
CONTINUOUS
  2
ROUND_99
 10
4.4450000407881021
 20
-211.2009999592119982
 30
0.0
 41
-25.3999999999999986
 42
25.3999999999999986
 43
25.3999999999999986
 50
270.0
  0
INSERT
  5
1FDD
  8
_G01-IND-3GEN_DRILLS
  6
CONTINUOUS
  2
ROUND_99
 10
12.0650000407880693
 20
-210.9469999592120075
 30
0.0
 41
-25.3999999999999986
 42
25.3999999999999986
 43
25.3999999999999986
 50
270.0
  0
INSERT
  5
1FDE
  8
_G01-IND-3GEN_DRILLS
  6
CONTINUOUS
  2
ROUND_99
 10
-9.9059999592119272
 20
-211.5819999592119132
 30
0.0
 41
-25.3999999999999986
 42
25.3999999999999986
 43
25.3999999999999986
 50
270.0
  0
INSERT
  5
1FDF
  8
_G01-IND-3GEN_DRILLS
  6
CONTINUOUS
  2
ROUND_99
 10
-12.4459999592119193
 20
-196.5959999592118947
 30
0.0
 41
-25.3999999999999986
 42
25.3999999999999986
 43
25.3999999999999986
 50
270.0
  0
INSERT
  5
1FE0
  8
_G01-IND-3GEN_DRILLS
  6
CONTINUOUS
  2
ROUND_99
 10
-14.8589999592119106
 20
-165.7349999592119048
 30
0.0
 41
-25.3999999999999986
 42
25.3999999999999986
 43
25.3999999999999986
 50
270.0
  0
INSERT
  5
1FE1
  8
_G01-IND-3GEN_DRILLS
  6
CONTINUOUS
  2
ROUND_99
 10
-15.3669999592119204
 20
-160.7819999592119018
 30
0.0
 41
-25.3999999999999986
 42
25.3999999999999986
 43
25.3999999999999986
 50
270.0
  0
INSERT
  5
1FE2
  8
_G01-IND-3GEN_DRILLS
  6
CONTINUOUS
  2
ROUND_99
 10
96.2660000407881
 20
-211.9629999592119134
 30
0.0
 41
-25.3999999999999986
 42
25.3999999999999986
 43
25.3999999999999986
 50
270.0
  0
INSERT
  5
1FE3
  8
_G01-IND-3GEN_DRILLS
  6
CONTINUOUS
  2
ROUND_99
 10
-1.015999959211892
 20
-210.3119999592119882
 30
0.0
 41
-25.3999999999999986
 42
25.3999999999999986
 43
25.3999999999999986
 50
270.0
  0
INSERT
  5
1FE4
  8
_G01-IND-3GEN_DRILLS
  6
CONTINUOUS
  2
ROUND_99
 10
-1.015999959211892
 20
-212.851999959211895
 30
0.0
 41
-25.3999999999999986
 42
25.3999999999999986
 43
25.3999999999999986
 50
270.0
  0
INSERT
  5
1FE5
  8
_G01-IND-3GEN_DRILLS
  6
CONTINUOUS
  2
ROUND_99
 10
66.1670000407880963
 20
-204.8509999592118902
 30
0.0
 41
-25.3999999999999986
 42
25.3999999999999986
 43
25.3999999999999986
 50
270.0
  0
INSERT
  5
1FE6
  8
_G01-IND-3GEN_DRILLS
  6
CONTINUOUS
  2
ROUND_99
 10
-1.015999959211892
 20
-211.5819999592119132
 30
0.0
 41
-25.3999999999999986
 42
25.3999999999999986
 43
25.3999999999999986
 50
270.0
  0
INSERT
  5
1FE7
  8
_G01-IND-3GEN_DRILLS
  6
CONTINUOUS
  2
ROUND_99
 10
16.0020000407881007
 20
-213.8679999592118861
 30
0.0
 41
-25.3999999999999986
 42
25.3999999999999986
 43
25.3999999999999986
 50
270.0
  0
INSERT
  5
1FE8
  8
_G01-IND-3GEN_DRILLS
  6
CONTINUOUS
  2
ROUND_99
 10
-9.2709999592119203
 20
-215.8999999592118968
 30
0.0
 41
-25.3999999999999986
 42
25.3999999999999986
 43
25.3999999999999986
 50
270.0
  0
INSERT
  5
1FE9
  8
_G01-IND-3GEN_DRILLS
  6
CONTINUOUS
  2
ROUND_99
 10
62.3570000407880798
 20
-190.4999999592118911
 30
0.0
 41
-25.3999999999999986
 42
25.3999999999999986
 43
25.3999999999999986
 50
270.0
  0
INSERT
  5
1FEA
  8
_G01-IND-3GEN_DRILLS
  6
CONTINUOUS
  2
ROUND_99
 10
-16.0019999592119291
 20
-180.7209999592118947
 30
0.0
 41
-25.3999999999999986
 42
25.3999999999999986
 43
25.3999999999999986
 50
270.0
  0
INSERT
  5
1FEB
  8
_G01-IND-3GEN_DRILLS
  6
CONTINUOUS
  2
ROUND_99
 10
-21.2089999592118907
 20
-178.3079999592119123
 30
0.0
 41
-25.3999999999999986
 42
25.3999999999999986
 43
25.3999999999999986
 50
270.0
  0
INSERT
  5
1FEC
  8
_G01-IND-3GEN_DRILLS
  6
CONTINUOUS
  2
ROUND_99
 10
-46.8629999592118978
 20
-135.3819999592118961
 30
0.0
 41
-25.3999999999999986
 42
25.3999999999999986
 43
25.3999999999999986
 50
270.0
  0
INSERT
  5
1FED
  8
_G01-IND-3GEN_DRILLS
  6
CONTINUOUS
  2
ROUND_99
 10
-50.7999999592119096
 20
-135.5089999592119057
 30
0.0
 41
-25.3999999999999986
 42
25.3999999999999986
 43
25.3999999999999986
 50
270.0
  0
INSERT
  5
1FEE
  8
_G01-IND-3GEN_DRILLS
  6
CONTINUOUS
  2
ROUND_99
 10
60.1980000407881093
 20
-128.2699999592119013
 30
0.0
 41
-25.3999999999999986
 42
25.3999999999999986
 43
25.3999999999999986
 50
270.0
  0
INSERT
  5
1FEF
  8
_G01-IND-3GEN_DRILLS
  6
CONTINUOUS
  2
ROUND_99
 10
8.7630000407881017
 20
-152.1459999592119061
 30
0.0
 41
-25.3999999999999986
 42
25.3999999999999986
 43
25.3999999999999986
 50
270.0
  0
INSERT
  5
1FF0
  8
_G01-IND-3GEN_DRILLS
  6
CONTINUOUS
  2
ROUND_99
 10
-12.8269999592119106
 20
-116.0779999592118941
 30
0.0
 41
-25.3999999999999986
 42
25.3999999999999986
 43
25.3999999999999986
 50
270.0
  0
INSERT
  5
1FF1
  8
_G01-IND-3GEN_DRILLS
  6
CONTINUOUS
  2
ROUND_99
 10
-34.2049099592119319
 20
-115.0909534192118997
 30
0.0
 41
-25.3999999999999986
 42
25.3999999999999986
 43
25.3999999999999986
 50
270.0
  0
INSERT
  5
1FF2
  8
_G01-IND-3GEN_DRILLS
  6
CONTINUOUS
  2
ROUND_99
 10
58.6740000407881013
 20
-145.7959999592119118
 30
0.0
 41
-25.3999999999999986
 42
25.3999999999999986
 43
25.3999999999999986
 50
270.0
  0
INSERT
  5
1FF3
  8
_G01-IND-3GEN_DRILLS
  6
CONTINUOUS
  2
ROUND_99
 10
7.6200000407881019
 20
-152.1459999592119061
 30
0.0
 41
-25.3999999999999986
 42
25.3999999999999986
 43
25.3999999999999986
 50
270.0
  0
INSERT
  5
1FF4
  8
_G01-IND-3GEN_DRILLS
  6
CONTINUOUS
  2
ROUND_99
 10
-14.60499995921192
 20
-116.331999959211899
 30
0.0
 41
-25.3999999999999986
 42
25.3999999999999986
 43
25.3999999999999986
 50
270.0
  0
INSERT
  5
1FF5
  8
_G01-IND-3GEN_DRILLS
  6
CONTINUOUS
  2
ROUND_99
 10
-47.8789999592119031
 20
-124.2059999592118942
 30
0.0
 41
-25.3999999999999986
 42
25.3999999999999986
 43
25.3999999999999986
 50
270.0
  0
INSERT
  5
1FF6
  8
_G01-IND-3GEN_DRILLS
  6
CONTINUOUS
  2
ROUND_99
 10
-67.3099999592119218
 20
-133.6039999592119898
 30
0.0
 41
-25.3999999999999986
 42
25.3999999999999986
 43
25.3999999999999986
 50
270.0
  0
INSERT
  5
1FF7
  8
_G01-IND-3GEN_DRILLS
  6
CONTINUOUS
  2
ROUND_99
 10
-71.3739999592119148
 20
-133.0959999592120084
 30
0.0
 41
-25.3999999999999986
 42
25.3999999999999986
 43
25.3999999999999986
 50
270.0
  0
INSERT
  5
1FF8
  8
_G01-IND-3GEN_DRILLS
  6
CONTINUOUS
  2
ROUND_99
 10
-85.9789999592119045
 20
-133.6039999592119898
 30
0.0
 41
-25.3999999999999986
 42
25.3999999999999986
 43
25.3999999999999986
 50
270.0
  0
INSERT
  5
1FF9
  8
_G01-IND-3GEN_DRILLS
  6
CONTINUOUS
  2
ROUND_99
 10
-41.655999959211897
 20
-167.0049999592118866
 30
0.0
 41
-25.3999999999999986
 42
25.3999999999999986
 43
25.3999999999999986
 50
270.0
  0
INSERT
  5
1FFA
  8
_G01-IND-3GEN_DRILLS
  6
CONTINUOUS
  2
ROUND_99
 10
-34.7979999592118929
 20
-177.6729999592118929
 30
0.0
 41
-25.3999999999999986
 42
25.3999999999999986
 43
25.3999999999999986
 50
270.0
  0
INSERT
  5
1FFB
  8
_G01-IND-3GEN_DRILLS
  6
CONTINUOUS
  2
ROUND_99
 10
-55.4989999592119005
 20
-147.8279999592118941
 30
0.0
 41
-25.3999999999999986
 42
25.3999999999999986
 43
25.3999999999999986
 50
270.0
  0
INSERT
  5
1FFC
  8
_G01-IND-3GEN_DRILLS
  6
CONTINUOUS
  2
ROUND_99
 10
-41.0209999592119203
 20
-132.5879999592119134
 30
0.0
 41
-25.3999999999999986
 42
25.3999999999999986
 43
25.3999999999999986
 50
270.0
  0
INSERT
  5
1FFD
  8
_G01-IND-3GEN_DRILLS
  6
CONTINUOUS
  2
ROUND_99
 10
-39.7509999592119314
 20
-132.5879999592119134
 30
0.0
 41
-25.3999999999999986
 42
25.3999999999999986
 43
25.3999999999999986
 50
270.0
  0
INSERT
  5
1FFE
  8
_G01-IND-3GEN_DRILLS
  6
CONTINUOUS
  2
ROUND_99
 10
-38.480999959211907
 20
-132.5879999592119134
 30
0.0
 41
-25.3999999999999986
 42
25.3999999999999986
 43
25.3999999999999986
 50
270.0
  0
INSERT
  5
1FFF
  8
_G01-IND-3GEN_DRILLS
  6
CONTINUOUS
  2
ROUND_99
 10
-37.2109999592119109
 20
-132.5879999592119134
 30
0.0
 41
-25.3999999999999986
 42
25.3999999999999986
 43
25.3999999999999986
 50
270.0
  0
INSERT
  5
2000
  8
_G01-IND-3GEN_DRILLS
  6
CONTINUOUS
  2
ROUND_99
 10
-35.940999959211922
 20
-133.8579999592118952
 30
0.0
 41
-25.3999999999999986
 42
25.3999999999999986
 43
25.3999999999999986
 50
270.0
  0
INSERT
  5
2001
  8
_G01-IND-3GEN_DRILLS
  6
CONTINUOUS
  2
ROUND_99
 10
-35.940999959211922
 20
-132.5879999592119134
 30
0.0
 41
-25.3999999999999986
 42
25.3999999999999986
 43
25.3999999999999986
 50
270.0
  0
INSERT
  5
2002
  8
_G01-IND-3GEN_DRILLS
  6
CONTINUOUS
  2
ROUND_99
 10
-34.5439999592119307
 20
-132.5879999592119134
 30
0.0
 41
-25.3999999999999986
 42
25.3999999999999986
 43
25.3999999999999986
 50
270.0
  0
INSERT
  5
2003
  8
_G01-IND-3GEN_DRILLS
  6
CONTINUOUS
  2
ROUND_99
 10
-33.1469999592118967
 20
-132.5879999592119134
 30
0.0
 41
-25.3999999999999986
 42
25.3999999999999986
 43
25.3999999999999986
 50
270.0
  0
INSERT
  5
2004
  8
_G01-IND-3GEN_DRILLS
  6
CONTINUOUS
  2
ROUND_99
 10
-35.6869999592119029
 20
-190.7539999592119955
 30
0.0
 41
-25.3999999999999986
 42
25.3999999999999986
 43
25.3999999999999986
 50
270.0
  0
INSERT
  5
2005
  8
_G01-IND-3GEN_DRILLS
  6
CONTINUOUS
  2
ROUND_99
 10
-34.2899999592118974
 20
-190.7539999592119955
 30
0.0
 41
-25.3999999999999986
 42
25.3999999999999986
 43
25.3999999999999986
 50
270.0
  0
INSERT
  5
2006
  8
_G01-IND-3GEN_DRILLS
  6
CONTINUOUS
  2
ROUND_99
 10
-32.5119999592118987
 20
-190.7539999592119955
 30
0.0
 41
-25.3999999999999986
 42
25.3999999999999986
 43
25.3999999999999986
 50
270.0
  0
INSERT
  5
2007
  8
_G01-IND-3GEN_DRILLS
  6
CONTINUOUS
  2
ROUND_99
 10
-31.2419999592118991
 20
-189.4839999592119
 30
0.0
 41
-25.3999999999999986
 42
25.3999999999999986
 43
25.3999999999999986
 50
270.0
  0
INSERT
  5
2008
  8
_G01-IND-3GEN_DRILLS
  6
CONTINUOUS
  2
ROUND_99
 10
-29.3369999592119015
 20
-190.7539999592119102
 30
0.0
 41
-25.3999999999999986
 42
25.3999999999999986
 43
25.3999999999999986
 50
270.0
  0
INSERT
  5
2009
  8
_G01-IND-3GEN_DRILLS
  6
CONTINUOUS
  2
ROUND_99
 10
-28.0669999592118984
 20
-190.7539999592119102
 30
0.0
 41
-25.3999999999999986
 42
25.3999999999999986
 43
25.3999999999999986
 50
270.0
  0
INSERT
  5
200A
  8
_G01-IND-3GEN_DRILLS
  6
CONTINUOUS
  2
ROUND_99
 10
-28.8289999592119095
 20
-194.1829999592119123
 30
0.0
 41
-25.3999999999999986
 42
25.3999999999999986
 43
25.3999999999999986
 50
270.0
  0
INSERT
  5
200B
  8
_G01-IND-3GEN_DRILLS
  6
CONTINUOUS
  2
ROUND_99
 10
-35.6869999592119029
 20
-189.4839999592119
 30
0.0
 41
-25.3999999999999986
 42
25.3999999999999986
 43
25.3999999999999986
 50
270.0
  0
INSERT
  5
200C
  8
_G01-IND-3GEN_DRILLS
  6
CONTINUOUS
  2
ROUND_99
 10
-34.2899999592118974
 20
-189.4839999592119
 30
0.0
 41
-25.3999999999999986
 42
25.3999999999999986
 43
25.3999999999999986
 50
270.0
  0
INSERT
  5
200D
  8
_G01-IND-3GEN_DRILLS
  6
CONTINUOUS
  2
ROUND_99
 10
-31.2419999592118991
 20
-190.7539999592119955
 30
0.0
 41
-25.3999999999999986
 42
25.3999999999999986
 43
25.3999999999999986
 50
270.0
  0
INSERT
  5
200E
  8
_G01-IND-3GEN_DRILLS
  6
CONTINUOUS
  2
ROUND_99
 10
-29.3369999592119015
 20
-189.4839999592119
 30
0.0
 41
-25.3999999999999986
 42
25.3999999999999986
 43
25.3999999999999986
 50
270.0
  0
INSERT
  5
200F
  8
_G01-IND-3GEN_DRILLS
  6
CONTINUOUS
  2
ROUND_99
 10
-28.0669999592118984
 20
-189.4839999592119
 30
0.0
 41
-25.3999999999999986
 42
25.3999999999999986
 43
25.3999999999999986
 50
270.0
  0
INSERT
  5
2010
  8
_G01-IND-3GEN_DRILLS
  6
CONTINUOUS
  2
ROUND_99
 10
-26.4159999592118915
 20
-190.7539999592119102
 30
0.0
 41
-25.3999999999999986
 42
25.3999999999999986
 43
25.3999999999999986
 50
270.0
  0
INSERT
  5
2011
  8
_G01-IND-3GEN_DRILLS
  6
CONTINUOUS
  2
ROUND_99
 10
-25.1459999592118884
 20
-190.7539999592119102
 30
0.0
 41
-25.3999999999999986
 42
25.3999999999999986
 43
25.3999999999999986
 50
270.0
  0
INSERT
  5
2012
  8
_G01-IND-3GEN_DRILLS
  6
CONTINUOUS
  2
ROUND_99
 10
-27.4319999592119004
 20
-194.1829999592119123
 30
0.0
 41
-25.3999999999999986
 42
25.3999999999999986
 43
25.3999999999999986
 50
270.0
  0
INSERT
  5
2013
  8
_G01-IND-3GEN_DRILLS
  6
CONTINUOUS
  2
ROUND_99
 10
-32.5119999592118987
 20
-189.4839999592119
 30
0.0
 41
-25.3999999999999986
 42
25.3999999999999986
 43
25.3999999999999986
 50
270.0
  0
INSERT
  5
2014
  8
_G01-IND-3GEN_DRILLS
  6
CONTINUOUS
  2
ROUND_99
 10
-26.4159999592118915
 20
-189.4839999592119
 30
0.0
 41
-25.3999999999999986
 42
25.3999999999999986
 43
25.3999999999999986
 50
270.0
  0
INSERT
  5
2015
  8
_G01-IND-3GEN_DRILLS
  6
CONTINUOUS
  2
ROUND_99
 10
-25.1459999592118884
 20
-189.4839999592119
 30
0.0
 41
-25.3999999999999986
 42
25.3999999999999986
 43
25.3999999999999986
 50
270.0
  0
INSERT
  5
2016
  8
_G01-IND-3GEN_DRILLS
  6
CONTINUOUS
  2
ROUND_99
 10
-42.9259999592119215
 20
-114.4269999592118978
 30
0.0
 41
-25.3999999999999986
 42
25.3999999999999986
 43
25.3999999999999986
 50
270.0
  0
INSERT
  5
2017
  8
_G01-IND-3GEN_DRILLS
  6
CONTINUOUS
  2
ROUND_99
 10
-44.1959999592119104
 20
-114.5539999592118932
 30
0.0
 41
-25.3999999999999986
 42
25.3999999999999986
 43
25.3999999999999986
 50
270.0
  0
INSERT
  5
2018
  8
_G01-IND-3GEN_DRILLS
  6
CONTINUOUS
  2
ROUND_99
 10
-45.4659999592119135
 20
-114.5539999592118932
 30
0.0
 41
-25.3999999999999986
 42
25.3999999999999986
 43
25.3999999999999986
 50
270.0
  0
INSERT
  5
2019
  8
_G01-IND-3GEN_DRILLS
  6
CONTINUOUS
  2
ROUND_99
 10
-46.7359999592119095
 20
-114.5539999592118932
 30
0.0
 41
-25.3999999999999986
 42
25.3999999999999986
 43
25.3999999999999986
 50
270.0
  0
INSERT
  5
201A
  8
_G01-IND-3GEN_DRILLS
  6
CONTINUOUS
  2
ROUND_99
 10
-28.4479999592119199
 20
-131.9529999592118941
 30
0.0
 41
-25.3999999999999986
 42
25.3999999999999986
 43
25.3999999999999986
 50
270.0
  0
INSERT
  5
201B
  8
_G01-IND-3GEN_DRILLS
  6
CONTINUOUS
  2
ROUND_99
 10
-28.4479999592119199
 20
-133.8579999592118952
 30
0.0
 41
-25.3999999999999986
 42
25.3999999999999986
 43
25.3999999999999986
 50
270.0
  0
INSERT
  5
201C
  8
_G01-IND-3GEN_DRILLS
  6
CONTINUOUS
  2
ROUND_99
 10
-28.4479999592119199
 20
-126.8729999592118958
 30
0.0
 41
-25.3999999999999986
 42
25.3999999999999986
 43
25.3999999999999986
 50
270.0
  0
INSERT
  5
201D
  8
_G01-IND-3GEN_DRILLS
  6
CONTINUOUS
  2
ROUND_99
 10
-28.4479999592119199
 20
-135.5089999592119057
 30
0.0
 41
-25.3999999999999986
 42
25.3999999999999986
 43
25.3999999999999986
 50
270.0
  0
INSERT
  5
201E
  8
_G01-IND-3GEN_DRILLS
  6
CONTINUOUS
  2
ROUND_99
 10
-47.8789999592119031
 20
-129.2859999592118925
 30
0.0
 41
-25.3999999999999986
 42
25.3999999999999986
 43
25.3999999999999986
 50
270.0
  0
INSERT
  5
201F
  8
_G01-IND-3GEN_DRILLS
  6
CONTINUOUS
  2
ROUND_99
 10
-48.0059999592119198
 20
-111.6329999592119009
 30
0.0
 41
-25.3999999999999986
 42
25.3999999999999986
 43
25.3999999999999986
 50
270.0
  0
INSERT
  5
2020
  8
_G01-IND-3GEN_DRILLS
  6
CONTINUOUS
  2
ROUND_99
 10
-48.0059999592119198
 20
-113.537999959211902
 30
0.0
 41
-25.3999999999999986
 42
25.3999999999999986
 43
25.3999999999999986
 50
270.0
  0
INSERT
  5
2021
  8
_G01-IND-3GEN_DRILLS
  6
CONTINUOUS
  2
ROUND_99
 10
-35.6869999592119171
 20
-114.5539999592118932
 30
0.0
 41
-25.3999999999999986
 42
25.3999999999999986
 43
25.3999999999999986
 50
270.0
  0
INSERT
  5
2022
  8
_G01-IND-3GEN_DRILLS
  6
CONTINUOUS
  2
ROUND_99
 10
-19.1769999592119298
 20
-175.7679999592118918
 30
0.0
 41
-25.3999999999999986
 42
25.3999999999999986
 43
25.3999999999999986
 50
270.0
  0
INSERT
  5
2023
  8
_G01-IND-3GEN_DRILLS
  6
CONTINUOUS
  2
ROUND_99
 10
-11.9379999592118793
 20
-174.8789999592119102
 30
0.0
 41
-25.3999999999999986
 42
25.3999999999999986
 43
25.3999999999999986
 50
270.0
  0
INSERT
  5
2024
  8
_G01-IND-3GEN_DRILLS
  6
CONTINUOUS
  2
ROUND_99
 10
-81.2799999592119065
 20
-118.490999959211905
 30
0.0
 41
-25.3999999999999986
 42
25.3999999999999986
 43
25.3999999999999986
 50
270.0
  0
INSERT
  5
2025
  8
_G01-IND-3GEN_DRILLS
  6
CONTINUOUS
  2
ROUND_99
 10
-47.8789999592119031
 20
-187.8329999592118895
 30
0.0
 41
-25.3999999999999986
 42
25.3999999999999986
 43
25.3999999999999986
 50
270.0
  0
INSERT
  5
2026
  8
_G01-IND-3GEN_DRILLS
  6
CONTINUOUS
  2
ROUND_99
 10
-67.3099999592119218
 20
-148.3359999592119038
 30
0.0
 41
-25.3999999999999986
 42
25.3999999999999986
 43
25.3999999999999986
 50
270.0
  0
INSERT
  5
2027
  8
_G01-IND-3GEN_DRILLS
  6
CONTINUOUS
  2
ROUND_99
 10
-52.7049999592119107
 20
-116.8399999592118945
 30
0.0
 41
-25.3999999999999986
 42
25.3999999999999986
 43
25.3999999999999986
 50
270.0
  0
INSERT
  5
2028
  8
_G01-IND-3GEN_DRILLS
  6
CONTINUOUS
  2
ROUND_99
 10
-50.9269999592119404
 20
-120.1419999592119012
 30
0.0
 41
-25.3999999999999986
 42
25.3999999999999986
 43
25.3999999999999986
 50
270.0
  0
INSERT
  5
2029
  8
_G01-IND-3GEN_DRILLS
  6
CONTINUOUS
  2
ROUND_99
 10
-10.6679999592119099
 20
-180.2129999592119134
 30
0.0
 41
-25.3999999999999986
 42
25.3999999999999986
 43
25.3999999999999986
 50
270.0
  0
INSERT
  5
202A
  8
_G01-IND-3GEN_DRILLS
  6
CONTINUOUS
  2
ROUND_99
 10
-21.2089999592118907
 20
-179.3239999592119034
 30
0.0
 41
-25.3999999999999986
 42
25.3999999999999986
 43
25.3999999999999986
 50
270.0
  0
INSERT
  5
202B
  8
_G01-IND-3GEN_DRILLS
  6
CONTINUOUS
  2
ROUND_99
 10
-60.8329999592119108
 20
-137.2869999592120109
 30
0.0
 41
-25.3999999999999986
 42
25.3999999999999986
 43
25.3999999999999986
 50
270.0
  0
INSERT
  5
202C
  8
_G01-IND-3GEN_DRILLS
  6
CONTINUOUS
  2
ROUND_99
 10
-62.6109999592119095
 20
-135.0009999592118959
 30
0.0
 41
-25.3999999999999986
 42
25.3999999999999986
 43
25.3999999999999986
 50
270.0
  0
INSERT
  5
202D
  8
_G01-IND-3GEN_DRILLS
  6
CONTINUOUS
  2
ROUND_99
 10
-5.07999995921194
 20
-25.3999999592119607
 30
0.0
 41
-25.3999999999999986
 42
25.3999999999999986
 43
25.3999999999999986
 50
270.0
  0
INSERT
  5
202E
  8
_G01-IND-3GEN_DRILLS
  6
CONTINUOUS
  2
ROUND_99
 10
-8.2549999592119416
 20
-25.3999999592119607
 30
0.0
 41
-25.3999999999999986
 42
25.3999999999999986
 43
25.3999999999999986
 50
270.0
  0
INSERT
  5
202F
  8
_G01-IND-3GEN_DRILLS
  6
CONTINUOUS
  2
ROUND_99
 10
-19.1769999592119511
 20
-25.2729999592119903
 30
0.0
 41
-25.3999999999999986
 42
25.3999999999999986
 43
25.3999999999999986
 50
270.0
  0
INSERT
  5
2030
  8
_G01-IND-3GEN_DRILLS
  6
CONTINUOUS
  2
ROUND_99
 10
-28.8289999592119308
 20
-26.5429999592119117
 30
0.0
 41
-25.3999999999999986
 42
25.3999999999999986
 43
25.3999999999999986
 50
270.0
  0
INSERT
  5
2031
  8
_G01-IND-3GEN_DRILLS
  6
CONTINUOUS
  2
ROUND_99
 10
-58.5469999592119024
 20
-134.7469999592119052
 30
0.0
 41
-25.3999999999999986
 42
25.3999999999999986
 43
25.3999999999999986
 50
270.0
  0
INSERT
  5
2032
  8
_G01-IND-3GEN_DRILLS
  6
CONTINUOUS
  2
ROUND_99
 10
-44.8309999592119226
 20
-115.3159999592118936
 30
0.0
 41
-25.3999999999999986
 42
25.3999999999999986
 43
25.3999999999999986
 50
270.0
  0
INSERT
  5
2033
  8
_G01-IND-3GEN_DRILLS
  6
CONTINUOUS
  2
ROUND_99
 10
-37.5919999592119325
 20
-115.0619999592120024
 30
0.0
 41
-25.3999999999999986
 42
25.3999999999999986
 43
25.3999999999999986
 50
270.0
  0
INSERT
  5
2034
  8
_G01-IND-3GEN_DRILLS
  6
CONTINUOUS
  2
ROUND_99
 10
-40.6399999592119201
 20
-39.8779999592119623
 30
0.0
 41
-25.3999999999999986
 42
25.3999999999999986
 43
25.3999999999999986
 50
270.0
  0
INSERT
  5
2035
  8
_G01-IND-3GEN_DRILLS
  6
CONTINUOUS
  2
ROUND_99
 10
-10.7949999592119301
 20
-18.1609999592119493
 30
0.0
 41
-25.3999999999999986
 42
25.3999999999999986
 43
25.3999999999999986
 50
270.0
  0
INSERT
  5
2036
  8
_G01-IND-3GEN_DRILLS
  6
CONTINUOUS
  2
ROUND_99
 10
-11.8109999592119106
 20
-18.1609999592119493
 30
0.0
 41
-25.3999999999999986
 42
25.3999999999999986
 43
25.3999999999999986
 50
270.0
  0
INSERT
  5
2037
  8
_G01-IND-3GEN_DRILLS
  6
CONTINUOUS
  2
ROUND_99
 10
-28.8289999592119308
 20
-21.5899999592119016
 30
0.0
 41
-25.3999999999999986
 42
25.3999999999999986
 43
25.3999999999999986
 50
270.0
  0
INSERT
  5
2038
  8
_G01-IND-3GEN_DRILLS
  6
CONTINUOUS
  2
ROUND_99
 10
-35.5599999592119218
 20
-111.378999959211896
 30
0.0
 41
-25.3999999999999986
 42
25.3999999999999986
 43
25.3999999999999986
 50
270.0
  0
INSERT
  5
2039
  8
_G01-IND-3GEN_DRILLS
  6
CONTINUOUS
  2
ROUND_99
 10
-25.6539999592119088
 20
-120.1419999592119012
 30
0.0
 41
-25.3999999999999986
 42
25.3999999999999986
 43
25.3999999999999986
 50
270.0
  0
INSERT
  5
203A
  8
_G01-IND-3GEN_DRILLS
  6
CONTINUOUS
  2
ROUND_99
 10
-25.9079999592118995
 20
-123.0629999592118935
 30
0.0
 41
-25.3999999999999986
 42
25.3999999999999986
 43
25.3999999999999986
 50
270.0
  0
INSERT
  5
203B
  8
_G01-IND-3GEN_DRILLS
  6
CONTINUOUS
  2
ROUND_99
 10
-7.8739999592119272
 20
-127.2539999592119955
 30
0.0
 41
-25.3999999999999986
 42
25.3999999999999986
 43
25.3999999999999986
 50
270.0
  0
INSERT
  5
203C
  8
_G01-IND-3GEN_DRILLS
  6
CONTINUOUS
  2
ROUND_99
 10
-11.0489999592119208
 20
-127.2539999592119955
 30
0.0
 41
-25.3999999999999986
 42
25.3999999999999986
 43
25.3999999999999986
 50
270.0
  0
INSERT
  5
203D
  8
_G01-IND-3GEN_DRILLS
  6
CONTINUOUS
  2
ROUND_99
 10
-15.4939999592119193
 20
-128.6509999592119868
 30
0.0
 41
-25.3999999999999986
 42
25.3999999999999986
 43
25.3999999999999986
 50
270.0
  0
INSERT
  5
203E
  8
_G01-IND-3GEN_DRILLS
  6
CONTINUOUS
  2
ROUND_99
 10
-15.4939999592119193
 20
-120.1419999592119012
 30
0.0
 41
-25.3999999999999986
 42
25.3999999999999986
 43
25.3999999999999986
 50
270.0
  0
INSERT
  5
203F
  8
_G01-IND-3GEN_DRILLS
  6
CONTINUOUS
  2
ROUND_99
 10
-9.1439999592119001
 20
-117.2209999592118947
 30
0.0
 41
-25.3999999999999986
 42
25.3999999999999986
 43
25.3999999999999986
 50
270.0
  0
INSERT
  5
2040
  8
_G01-IND-3GEN_DRILLS
  6
CONTINUOUS
  2
ROUND_99
 10
-15.7479999592119206
 20
-117.7289999592119045
 30
0.0
 41
-25.3999999999999986
 42
25.3999999999999986
 43
25.3999999999999986
 50
270.0
  0
INSERT
  5
2041
  8
_G01-IND-3GEN_DRILLS
  6
CONTINUOUS
  2
ROUND_99
 10
-20.3199999592119305
 20
-117.0939999592118994
 30
0.0
 41
-25.3999999999999986
 42
25.3999999999999986
 43
25.3999999999999986
 50
270.0
  0
INSERT
  5
2042
  8
_G01-IND-3GEN_DRILLS
  6
CONTINUOUS
  2
ROUND_99
 10
-16.3829999592119009
 20
-122.6819999592118933
 30
0.0
 41
-25.3999999999999986
 42
25.3999999999999986
 43
25.3999999999999986
 50
270.0
  0
INSERT
  5
2043
  8
_G01-IND-3GEN_DRILLS
  6
CONTINUOUS
  2
ROUND_99
 10
-22.0979999592119185
 20
-130.4289999592118932
 30
0.0
 41
-25.3999999999999986
 42
25.3999999999999986
 43
25.3999999999999986
 50
270.0
  0
INSERT
  5
2044
  8
_G01-IND-3GEN_DRILLS
  6
CONTINUOUS
  2
ROUND_99
 10
-15.3669999592119204
 20
-122.6819999592118933
 30
0.0
 41
-25.3999999999999986
 42
25.3999999999999986
 43
25.3999999999999986
 50
270.0
  0
INSERT
  5
2045
  8
_G01-IND-3GEN_DRILLS
  6
CONTINUOUS
  2
ROUND_99
 10
-20.0659999592119185
 20
-133.0959999592118947
 30
0.0
 41
-25.3999999999999986
 42
25.3999999999999986
 43
25.3999999999999986
 50
270.0
  0
INSERT
  5
2046
  8
_G01-IND-3GEN_DRILLS
  6
CONTINUOUS
  2
ROUND_99
 10
-20.1929999592119103
 20
-121.919999959211907
 30
0.0
 41
-25.3999999999999986
 42
25.3999999999999986
 43
25.3999999999999986
 50
270.0
  0
INSERT
  5
2047
  8
_G01-IND-3GEN_DRILLS
  6
CONTINUOUS
  2
ROUND_99
 10
-47.7050099592119068
 20
-121.5910699592118931
 30
0.0
 41
-25.3999999999999986
 42
25.3999999999999986
 43
25.3999999999999986
 50
270.0
  0
INSERT
  5
2048
  8
_G01-IND-3GEN_DRILLS
  6
CONTINUOUS
  2
ROUND_99
 10
-17.7799999592119207
 20
-124.3329999592119037
 30
0.0
 41
-25.3999999999999986
 42
25.3999999999999986
 43
25.3999999999999986
 50
270.0
  0
INSERT
  5
2049
  8
_G01-IND-3GEN_DRILLS
  6
CONTINUOUS
  2
ROUND_99
 10
-20.1929999592119103
 20
-126.7459999592119004
 30
0.0
 41
-25.3999999999999986
 42
25.3999999999999986
 43
25.3999999999999986
 50
270.0
  0
INSERT
  5
204A
  8
_G01-IND-3GEN_DRILLS
  6
CONTINUOUS
  2
ROUND_99
 10
-20.1929999592119103
 20
-124.3329999592119037
 30
0.0
 41
-25.3999999999999986
 42
25.3999999999999986
 43
25.3999999999999986
 50
270.0
  0
INSERT
  5
204B
  8
_G01-IND-3GEN_DRILLS
  6
CONTINUOUS
  2
ROUND_99
 10
-17.7799999592119207
 20
-126.4919999592118955
 30
0.0
 41
-25.3999999999999986
 42
25.3999999999999986
 43
25.3999999999999986
 50
270.0
  0
INSERT
  5
204C
  8
_G01-IND-3GEN_DRILLS
  6
CONTINUOUS
  2
ROUND_99
 10
-16.3829999592119009
 20
-126.4919999592118955
 30
0.0
 41
-25.3999999999999986
 42
25.3999999999999986
 43
25.3999999999999986
 50
270.0
  0
INSERT
  5
204D
  8
_G01-IND-3GEN_DRILLS
  6
CONTINUOUS
  2
ROUND_99
 10
-13.7159999592119295
 20
-18.1609999592119493
 30
0.0
 41
-25.3999999999999986
 42
25.3999999999999986
 43
25.3999999999999986
 50
270.0
  0
INSERT
  5
204E
  8
_G01-IND-3GEN_DRILLS
  6
CONTINUOUS
  2
ROUND_99
 10
-28.0669999592118984
 20
-179.8319999592119132
 30
0.0
 41
-25.3999999999999986
 42
25.3999999999999986
 43
25.3999999999999986
 50
270.0
  0
INSERT
  5
204F
  8
_G01-IND-3GEN_DRILLS
  6
CONTINUOUS
  2
ROUND_99
 10
-35.6869999592119029
 20
-195.3259999592119982
 30
0.0
 41
-25.3999999999999986
 42
25.3999999999999986
 43
25.3999999999999986
 50
270.0
  0
INSERT
  5
2050
  8
_G01-IND-3GEN_DRILLS
  6
CONTINUOUS
  2
ROUND_99
 10
-63.3729999592119171
 20
-130.6829999592119123
 30
0.0
 41
-25.3999999999999986
 42
25.3999999999999986
 43
25.3999999999999986
 50
270.0
  0
INSERT
  5
2051
  8
_G01-IND-3GEN_DRILLS
  6
CONTINUOUS
  2
ROUND_99
 10
-23.7489999592119005
 20
-194.1829999592119123
 30
0.0
 41
-25.3999999999999986
 42
25.3999999999999986
 43
25.3999999999999986
 50
270.0
  0
INSERT
  5
2052
  8
_G01-IND-3GEN_DRILLS
  6
CONTINUOUS
  2
ROUND_99
 10
-32.2579999592119009
 20
-168.5289999592120012
 30
0.0
 41
-25.3999999999999986
 42
25.3999999999999986
 43
25.3999999999999986
 50
270.0
  0
INSERT
  5
2053
  8
_G01-IND-3GEN_DRILLS
  6
CONTINUOUS
  2
ROUND_99
 10
-40.6399999592118988
 20
-145.6689999592119023
 30
0.0
 41
-25.3999999999999986
 42
25.3999999999999986
 43
25.3999999999999986
 50
270.0
  0
INSERT
  5
2054
  8
_G01-IND-3GEN_DRILLS
  6
CONTINUOUS
  2
ROUND_99
 10
-59.4359999592118982
 20
-125.4759999592120039
 30
0.0
 41
-25.3999999999999986
 42
25.3999999999999986
 43
25.3999999999999986
 50
270.0
  0
INSERT
  5
2055
  8
_G01-IND-3GEN_DRILLS
  6
CONTINUOUS
  2
ROUND_99
 10
-76.3269999592119035
 20
-121.030999959211897
 30
0.0
 41
-25.3999999999999986
 42
25.3999999999999986
 43
25.3999999999999986
 50
270.0
  0
INSERT
  5
2056
  8
_G01-IND-3GEN_DRILLS
  6
CONTINUOUS
  2
ROUND_99
 10
-48.3869999592118987
 20
-189.4839999592119
 30
0.0
 41
-25.3999999999999986
 42
25.3999999999999986
 43
25.3999999999999986
 50
270.0
  0
INSERT
  5
2057
  8
_G01-IND-3GEN_DRILLS
  6
CONTINUOUS
  2
ROUND_99
 10
-39.2429999592119074
 20
-172.9739999592119091
 30
0.0
 41
-25.3999999999999986
 42
25.3999999999999986
 43
25.3999999999999986
 50
270.0
  0
INSERT
  5
2058
  8
_G01-IND-3GEN_DRILLS
  6
CONTINUOUS
  2
ROUND_99
 10
-39.3699999592119099
 20
-191.7699999592119013
 30
0.0
 41
-25.3999999999999986
 42
25.3999999999999986
 43
25.3999999999999986
 50
270.0
  0
INSERT
  5
2059
  8
_G01-IND-3GEN_DRILLS
  6
CONTINUOUS
  2
ROUND_99
 10
-38.3539999592119116
 20
-194.0559999592119027
 30
0.0
 41
-25.3999999999999986
 42
25.3999999999999986
 43
25.3999999999999986
 50
270.0
  0
INSERT
  5
205A
  8
_G01-IND-3GEN_DRILLS
  6
CONTINUOUS
  2
ROUND_99
 10
74.0410000407880631
 20
-95.7579999592119435
 30
0.0
 41
-25.3999999999999986
 42
25.3999999999999986
 43
25.3999999999999986
 50
270.0
  0
INSERT
  5
205B
  8
_G01-IND-3GEN_DRILLS
  6
CONTINUOUS
  2
ROUND_99
 10
-8.0009999592119012
 20
-186.9439999592119079
 30
0.0
 41
-25.3999999999999986
 42
25.3999999999999986
 43
25.3999999999999986
 50
270.0
  0
INSERT
  5
205C
  8
_G01-IND-3GEN_DRILLS
  6
CONTINUOUS
  2
ROUND_99
 10
-70.484999959211919
 20
-171.9579999592118895
 30
0.0
 41
-25.3999999999999986
 42
25.3999999999999986
 43
25.3999999999999986
 50
270.0
  0
INSERT
  5
205D
  8
_G01-IND-3GEN_DRILLS
  6
CONTINUOUS
  2
ROUND_99
 10
-62.9919999592119026
 20
-150.3679999592119998
 30
0.0
 41
-25.3999999999999986
 42
25.3999999999999986
 43
25.3999999999999986
 50
270.0
  0
INSERT
  5
205E
  8
_G01-IND-3GEN_DRILLS
  6
CONTINUOUS
  2
ROUND_99
 10
-64.0079999592119009
 20
-148.0819999592119984
 30
0.0
 41
-25.3999999999999986
 42
25.3999999999999986
 43
25.3999999999999986
 50
270.0
  0
INSERT
  5
205F
  8
_G01-IND-3GEN_DRILLS
  6
CONTINUOUS
  2
ROUND_99
 10
-62.9919999592119026
 20
-154.8129999592119077
 30
0.0
 41
-25.3999999999999986
 42
25.3999999999999986
 43
25.3999999999999986
 50
270.0
  0
INSERT
  5
2060
  8
_G01-IND-3GEN_DRILLS
  6
CONTINUOUS
  2
ROUND_99
 10
-67.3099999592119218
 20
-150.240999959211905
 30
0.0
 41
-25.3999999999999986
 42
25.3999999999999986
 43
25.3999999999999986
 50
270.0
  0
INSERT
  5
2061
  8
_G01-IND-3GEN_DRILLS
  6
CONTINUOUS
  2
ROUND_99
 10
-67.3099999592119218
 20
-152.1459999592119914
 30
0.0
 41
-25.3999999999999986
 42
25.3999999999999986
 43
25.3999999999999986
 50
270.0
  0
INSERT
  5
2062
  8
_G01-IND-3GEN_DRILLS
  6
CONTINUOUS
  2
ROUND_99
 10
-16.0019999592119291
 20
-182.6259999592118959
 30
0.0
 41
-25.3999999999999986
 42
25.3999999999999986
 43
25.3999999999999986
 50
270.0
  0
INSERT
  5
2063
  8
_G01-IND-3GEN_DRILLS
  6
CONTINUOUS
  2
ROUND_99
 10
-15.1129999592119102
 20
-214.5029999592119907
 30
0.0
 41
-25.3999999999999986
 42
25.3999999999999986
 43
25.3999999999999986
 50
270.0
  0
INSERT
  5
2064
  8
_G01-IND-3GEN_DRILLS
  6
CONTINUOUS
  2
ROUND_99
 10
-39.6239999592119005
 20
-200.6599999592118877
 30
0.0
 41
-25.3999999999999986
 42
25.3999999999999986
 43
25.3999999999999986
 50
270.0
  0
INSERT
  5
2065
  8
_G01-IND-3GEN_DRILLS
  6
CONTINUOUS
  2
ROUND_99
 10
-39.6239999592119005
 20
-208.5339999592119966
 30
0.0
 41
-25.3999999999999986
 42
25.3999999999999986
 43
25.3999999999999986
 50
270.0
  0
INSERT
  5
2066
  8
_G01-IND-3GEN_DRILLS
  6
CONTINUOUS
  2
ROUND_99
 10
-54.4829999592119023
 20
-202.1839999592120023
 30
0.0
 41
-25.3999999999999986
 42
25.3999999999999986
 43
25.3999999999999986
 50
270.0
  0
INSERT
  5
2067
  8
_G01-IND-3GEN_DRILLS
  6
CONTINUOUS
  2
ROUND_99
 10
-47.2439999592118909
 20
-200.1519999592119063
 30
0.0
 41
-25.3999999999999986
 42
25.3999999999999986
 43
25.3999999999999986
 50
270.0
  0
INSERT
  5
2068
  8
_G01-IND-3GEN_DRILLS
  6
CONTINUOUS
  2
ROUND_99
 10
-55.8799999592118866
 20
-190.1189999592118909
 30
0.0
 41
-25.3999999999999986
 42
25.3999999999999986
 43
25.3999999999999986
 50
270.0
  0
INSERT
  5
2069
  8
_G01-IND-3GEN_DRILLS
  6
CONTINUOUS
  2
ROUND_99
 10
-51.6889999592119125
 20
-201.4219999592118882
 30
0.0
 41
-25.3999999999999986
 42
25.3999999999999986
 43
25.3999999999999986
 50
270.0
  0
INSERT
  5
206A
  8
_G01-IND-3GEN_DRILLS
  6
CONTINUOUS
  2
ROUND_99
 10
-79.6289999592119102
 20
-170.6879999592119077
 30
0.0
 41
-25.3999999999999986
 42
25.3999999999999986
 43
25.3999999999999986
 50
270.0
  0
INSERT
  5
206B
  8
_G01-IND-3GEN_DRILLS
  6
CONTINUOUS
  2
ROUND_99
 10
-67.1829999592118838
 20
-184.4039999592120012
 30
0.0
 41
-25.3999999999999986
 42
25.3999999999999986
 43
25.3999999999999986
 50
270.0
  0
INSERT
  5
206C
  8
_G01-IND-3GEN_DRILLS
  6
CONTINUOUS
  2
ROUND_99
 10
-56.1339999592118915
 20
-195.9609999592119038
 30
0.0
 41
-25.3999999999999986
 42
25.3999999999999986
 43
25.3999999999999986
 50
270.0
  0
INSERT
  5
206D
  8
_G01-IND-3GEN_DRILLS
  6
CONTINUOUS
  2
ROUND_99
 10
-55.3719999592119123
 20
-208.0259999592119868
 30
0.0
 41
-25.3999999999999986
 42
25.3999999999999986
 43
25.3999999999999986
 50
270.0
  0
INSERT
  5
206E
  8
_G01-IND-3GEN_DRILLS
  6
CONTINUOUS
  2
ROUND_99
 10
-84.962999959211885
 20
-166.115999959211905
 30
0.0
 41
-25.3999999999999986
 42
25.3999999999999986
 43
25.3999999999999986
 50
270.0
  0
INSERT
  5
206F
  8
_G01-IND-3GEN_DRILLS
  6
CONTINUOUS
  2
ROUND_99
 10
-82.1689999592119023
 20
-172.5929999592119941
 30
0.0
 41
-25.3999999999999986
 42
25.3999999999999986
 43
25.3999999999999986
 50
270.0
  0
INSERT
  5
2070
  8
_G01-IND-3GEN_DRILLS
  6
CONTINUOUS
  2
ROUND_99
 10
-81.406999959211916
 20
-140.8429999592119941
 30
0.0
 41
-25.3999999999999986
 42
25.3999999999999986
 43
25.3999999999999986
 50
270.0
  0
INSERT
  5
2071
  8
_G01-IND-3GEN_DRILLS
  6
CONTINUOUS
  2
ROUND_99
 10
-82.676999959211912
 20
-139.5729999592120123
 30
0.0
 41
-25.3999999999999986
 42
25.3999999999999986
 43
25.3999999999999986
 50
270.0
  0
INSERT
  5
2072
  8
_G01-IND-3GEN_DRILLS
  6
CONTINUOUS
  2
ROUND_99
 10
-82.676999959211912
 20
-140.8429999592119941
 30
0.0
 41
-25.3999999999999986
 42
25.3999999999999986
 43
25.3999999999999986
 50
270.0
  0
INSERT
  5
2073
  8
_G01-IND-3GEN_DRILLS
  6
CONTINUOUS
  2
ROUND_99
 10
-82.676999959211912
 20
-142.1129999592120043
 30
0.0
 41
-25.3999999999999986
 42
25.3999999999999986
 43
25.3999999999999986
 50
270.0
  0
INSERT
  5
2074
  8
_G01-IND-3GEN_DRILLS
  6
CONTINUOUS
  2
ROUND_99
 10
-82.676999959211912
 20
-143.3829999592119009
 30
0.0
 41
-25.3999999999999986
 42
25.3999999999999986
 43
25.3999999999999986
 50
270.0
  0
INSERT
  5
2075
  8
_G01-IND-3GEN_DRILLS
  6
CONTINUOUS
  2
ROUND_99
 10
-81.406999959211916
 20
-144.6529999592119111
 30
0.0
 41
-25.3999999999999986
 42
25.3999999999999986
 43
25.3999999999999986
 50
270.0
  0
INSERT
  5
2076
  8
_G01-IND-3GEN_DRILLS
  6
CONTINUOUS
  2
ROUND_99
 10
-73.7869999592119115
 20
-138.8109999592118982
 30
0.0
 41
-25.3999999999999986
 42
25.3999999999999986
 43
25.3999999999999986
 50
270.0
  0
INSERT
  5
2077
  8
_G01-IND-3GEN_DRILLS
  6
CONTINUOUS
  2
ROUND_99
 10
-75.0569999592118933
 20
-138.8109999592118982
 30
0.0
 41
-25.3999999999999986
 42
25.3999999999999986
 43
25.3999999999999986
 50
270.0
  0
INSERT
  5
2078
  8
_G01-IND-3GEN_DRILLS
  6
CONTINUOUS
  2
ROUND_99
 10
-76.4539999592118988
 20
-138.8109999592118982
 30
0.0
 41
-25.3999999999999986
 42
25.3999999999999986
 43
25.3999999999999986
 50
270.0
  0
INSERT
  5
2079
  8
_G01-IND-3GEN_DRILLS
  6
CONTINUOUS
  2
ROUND_99
 10
-78.1049999592118951
 20
-145.287999959211902
 30
0.0
 41
-25.3999999999999986
 42
25.3999999999999986
 43
25.3999999999999986
 50
270.0
  0
INSERT
  5
207A
  8
_G01-IND-3GEN_DRILLS
  6
CONTINUOUS
  2
ROUND_99
 10
-76.8349999592119133
 20
-144.7799999592120059
 30
0.0
 41
-25.3999999999999986
 42
25.3999999999999986
 43
25.3999999999999986
 50
270.0
  0
INSERT
  5
207B
  8
_G01-IND-3GEN_DRILLS
  6
CONTINUOUS
  2
ROUND_99
 10
-76.8349999592119133
 20
-154.0509999592119925
 30
0.0
 41
-25.3999999999999986
 42
25.3999999999999986
 43
25.3999999999999986
 50
270.0
  0
INSERT
  5
207C
  8
_G01-IND-3GEN_DRILLS
  6
CONTINUOUS
  2
ROUND_99
 10
-69.9769999592118808
 20
-177.6729999592118929
 30
0.0
 41
-25.3999999999999986
 42
25.3999999999999986
 43
25.3999999999999986
 50
270.0
  0
INSERT
  5
207D
  8
_G01-IND-3GEN_DRILLS
  6
CONTINUOUS
  2
ROUND_99
 10
-76.0729999592118844
 20
-185.1659999592118879
 30
0.0
 41
-25.3999999999999986
 42
25.3999999999999986
 43
25.3999999999999986
 50
270.0
  0
INSERT
  5
207E
  8
_G01-IND-3GEN_DRILLS
  6
CONTINUOUS
  2
ROUND_99
 10
-48.1329999592119009
 20
-135.3819999592118961
 30
0.0
 41
-25.3999999999999986
 42
25.3999999999999986
 43
25.3999999999999986
 50
270.0
  0
INSERT
  5
207F
  8
_G01-IND-3GEN_DRILLS
  6
CONTINUOUS
  2
ROUND_99
 10
-45.5929999592119088
 20
-142.8749999592118911
 30
0.0
 41
-25.3999999999999986
 42
25.3999999999999986
 43
25.3999999999999986
 50
270.0
  0
INSERT
  5
2080
  8
_G01-IND-3GEN_DRILLS
  6
CONTINUOUS
  2
ROUND_99
 10
-44.0689999592119221
 20
-144.1449999592119013
 30
0.0
 41
-25.3999999999999986
 42
25.3999999999999986
 43
25.3999999999999986
 50
270.0
  0
INSERT
  5
2081
  8
_G01-IND-3GEN_DRILLS
  6
CONTINUOUS
  2
ROUND_99
 10
-42.2909999592119092
 20
-142.8749999592118911
 30
0.0
 41
-25.3999999999999986
 42
25.3999999999999986
 43
25.3999999999999986
 50
270.0
  0
INSERT
  5
2082
  8
_G01-IND-3GEN_DRILLS
  6
CONTINUOUS
  2
ROUND_99
 10
-49.4029999592119182
 20
-145.6689999592119023
 30
0.0
 41
-25.3999999999999986
 42
25.3999999999999986
 43
25.3999999999999986
 50
270.0
  0
INSERT
  5
2083
  8
_G01-IND-3GEN_DRILLS
  6
CONTINUOUS
  2
ROUND_99
 10
-48.1329999592119009
 20
-146.9389999592119125
 30
0.0
 41
-25.3999999999999986
 42
25.3999999999999986
 43
25.3999999999999986
 50
270.0
  0
INSERT
  5
2084
  8
_G01-IND-3GEN_DRILLS
  6
CONTINUOUS
  2
ROUND_99
 10
-49.4029999592119182
 20
-147.3199999592119127
 30
0.0
 41
-25.3999999999999986
 42
25.3999999999999986
 43
25.3999999999999986
 50
270.0
  0
INSERT
  5
2085
  8
_G01-IND-3GEN_DRILLS
  6
CONTINUOUS
  2
ROUND_99
 10
-50.7999999592119096
 20
-147.3199999592119127
 30
0.0
 41
-25.3999999999999986
 42
25.3999999999999986
 43
25.3999999999999986
 50
270.0
  0
INSERT
  5
2086
  8
_G01-IND-3GEN_DRILLS
  6
CONTINUOUS
  2
ROUND_99
 10
-54.2289999592118974
 20
-147.0659999592118936
 30
0.0
 41
-25.3999999999999986
 42
25.3999999999999986
 43
25.3999999999999986
 50
270.0
  0
INSERT
  5
2087
  8
_G01-IND-3GEN_DRILLS
  6
CONTINUOUS
  2
ROUND_99
 10
-50.926999959211912
 20
-156.84499995921189
 30
0.0
 41
-25.3999999999999986
 42
25.3999999999999986
 43
25.3999999999999986
 50
270.0
  0
INSERT
  5
2088
  8
_G01-IND-3GEN_DRILLS
  6
CONTINUOUS
  2
ROUND_99
 10
-56.514999959211913
 20
-155.0669999592118984
 30
0.0
 41
-25.3999999999999986
 42
25.3999999999999986
 43
25.3999999999999986
 50
270.0
  0
INSERT
  5
2089
  8
_G01-IND-3GEN_DRILLS
  6
CONTINUOUS
  2
ROUND_99
 10
-72.3899999592119059
 20
-117.2209999592119942
 30
0.0
 41
-25.3999999999999986
 42
25.3999999999999986
 43
25.3999999999999986
 50
270.0
  0
INSERT
  5
208A
  8
_G01-IND-3GEN_DRILLS
  6
CONTINUOUS
  2
ROUND_99
 10
-36.8299999592119178
 20
-137.6679999592118975
 30
0.0
 41
-25.3999999999999986
 42
25.3999999999999986
 43
25.3999999999999986
 50
270.0
  0
INSERT
  5
208B
  8
_G01-IND-3GEN_DRILLS
  6
CONTINUOUS
  2
ROUND_99
 10
-52.5779999592119225
 20
-127.2539999592119955
 30
0.0
 41
-25.3999999999999986
 42
25.3999999999999986
 43
25.3999999999999986
 50
270.0
  0
INSERT
  5
208C
  8
_G01-IND-3GEN_DRILLS
  6
CONTINUOUS
  2
ROUND_99
 10
-51.307999959211898
 20
-121.6659999592119021
 30
0.0
 41
-25.3999999999999986
 42
25.3999999999999986
 43
25.3999999999999986
 50
270.0
  0
INSERT
  5
208D
  8
_G01-IND-3GEN_DRILLS
  6
CONTINUOUS
  2
ROUND_99
 10
-50.6729999592119071
 20
-125.4759999592120039
 30
0.0
 41
-25.3999999999999986
 42
25.3999999999999986
 43
25.3999999999999986
 50
270.0
  0
INSERT
  5
208E
  8
_G01-IND-3GEN_DRILLS
  6
CONTINUOUS
  2
ROUND_99
 10
-51.1809999592119169
 20
-117.2209999592118947
 30
0.0
 41
-25.3999999999999986
 42
25.3999999999999986
 43
25.3999999999999986
 50
270.0
  0
INSERT
  5
208F
  8
_G01-IND-3GEN_DRILLS
  6
CONTINUOUS
  2
ROUND_99
 10
-33.5279999592119182
 20
-113.9189999592119023
 30
0.0
 41
-25.3999999999999986
 42
25.3999999999999986
 43
25.3999999999999986
 50
270.0
  0
INSERT
  5
2090
  8
_G01-IND-3GEN_DRILLS
  6
CONTINUOUS
  2
ROUND_99
 10
-53.5939999592119207
 20
-128.6509999592119868
 30
0.0
 41
-25.3999999999999986
 42
25.3999999999999986
 43
25.3999999999999986
 50
270.0
  0
INSERT
  5
2091
  8
_G01-IND-3GEN_DRILLS
  6
CONTINUOUS
  2
ROUND_99
 10
-33.5279999592119182
 20
-112.267999959211906
 30
0.0
 41
-25.3999999999999986
 42
25.3999999999999986
 43
25.3999999999999986
 50
270.0
  0
INSERT
  5
2092
  8
_G01-IND-3GEN_DRILLS
  6
CONTINUOUS
  2
ROUND_99
 10
-36.9569999592119203
 20
-114.2999999592119025
 30
0.0
 41
-25.3999999999999986
 42
25.3999999999999986
 43
25.3999999999999986
 50
270.0
  0
INSERT
  5
2093
  8
_G01-IND-3GEN_DRILLS
  6
CONTINUOUS
  2
ROUND_99
 10
-25.780999959211929
 20
-116.331999959211899
 30
0.0
 41
-25.3999999999999986
 42
25.3999999999999986
 43
25.3999999999999986
 50
270.0
  0
INSERT
  5
2094
  8
_G01-IND-3GEN_DRILLS
  6
CONTINUOUS
  2
ROUND_99
 10
-31.6229999592119206
 20
-134.1119999592118859
 30
0.0
 41
-25.3999999999999986
 42
25.3999999999999986
 43
25.3999999999999986
 50
270.0
  0
INSERT
  5
2095
  8
_G01-IND-3GEN_DRILLS
  6
CONTINUOUS
  2
ROUND_99
 10
-46.4819999592119117
 20
-132.2069999592119132
 30
0.0
 41
-25.3999999999999986
 42
25.3999999999999986
 43
25.3999999999999986
 50
270.0
  0
INSERT
  5
2096
  8
_G01-IND-3GEN_DRILLS
  6
CONTINUOUS
  2
ROUND_99
 10
-43.9419999592118984
 20
-133.9849999592119048
 30
0.0
 41
-25.3999999999999986
 42
25.3999999999999986
 43
25.3999999999999986
 50
270.0
  0
INSERT
  5
2097
  8
_G01-IND-3GEN_DRILLS
  6
CONTINUOUS
  2
ROUND_99
 10
-52.1969999592119009
 20
-124.9679999592118946
 30
0.0
 41
-25.3999999999999986
 42
25.3999999999999986
 43
25.3999999999999986
 50
270.0
  0
INSERT
  5
2098
  8
_G01-IND-3GEN_DRILLS
  6
CONTINUOUS
  2
ROUND_99
 10
-51.1809999592119169
 20
-115.8239999592119034
 30
0.0
 41
-25.3999999999999986
 42
25.3999999999999986
 43
25.3999999999999986
 50
270.0
  0
INSERT
  5
2099
  8
_G01-IND-3GEN_DRILLS
  6
CONTINUOUS
  2
ROUND_99
 10
-28.4479999592119199
 20
-120.2689999592118966
 30
0.0
 41
-25.3999999999999986
 42
25.3999999999999986
 43
25.3999999999999986
 50
270.0
  0
INSERT
  5
209A
  8
_G01-IND-3GEN_DRILLS
  6
CONTINUOUS
  2
ROUND_99
 10
-26.9239999592119297
 20
-129.7939999592119023
 30
0.0
 41
-25.3999999999999986
 42
25.3999999999999986
 43
25.3999999999999986
 50
270.0
  0
INSERT
  5
209B
  8
_G01-IND-3GEN_DRILLS
  6
CONTINUOUS
  2
ROUND_99
 10
-22.859999959211919
 20
-120.0149999592119059
 30
0.0
 41
-25.3999999999999986
 42
25.3999999999999986
 43
25.3999999999999986
 50
270.0
  0
INSERT
  5
209C
  8
_G01-IND-3GEN_DRILLS
  6
CONTINUOUS
  2
ROUND_99
 10
-42.4179999592119117
 20
-132.5879999592119134
 30
0.0
 41
-25.3999999999999986
 42
25.3999999999999986
 43
25.3999999999999986
 50
270.0
  0
INSERT
  5
209D
  8
_G01-IND-3GEN_DRILLS
  6
CONTINUOUS
  2
ROUND_99
 10
-40.5129999592119319
 20
-111.8869999592120053
 30
0.0
 41
-25.3999999999999986
 42
25.3999999999999986
 43
25.3999999999999986
 50
270.0
  0
INSERT
  5
209E
  8
_G01-IND-3GEN_DRILLS
  6
CONTINUOUS
  2
ROUND_99
 10
-53.5939999592119207
 20
-126.1109999592118953
 30
0.0
 41
-25.3999999999999986
 42
25.3999999999999986
 43
25.3999999999999986
 50
270.0
  0
INSERT
  5
209F
  8
_G01-IND-3GEN_DRILLS
  6
CONTINUOUS
  2
ROUND_99
 10
-24.6379999592119283
 20
-118.7449999592118957
 30
0.0
 41
-25.3999999999999986
 42
25.3999999999999986
 43
25.3999999999999986
 50
270.0
  0
INSERT
  5
20A0
  8
_G01-IND-3GEN_DRILLS
  6
CONTINUOUS
  2
ROUND_99
 10
-51.1809999592119169
 20
-114.5539999592118932
 30
0.0
 41
-25.3999999999999986
 42
25.3999999999999986
 43
25.3999999999999986
 50
270.0
  0
INSERT
  5
20A1
  8
_G01-IND-3GEN_DRILLS
  6
CONTINUOUS
  2
ROUND_99
 10
59.5630000407880473
 20
-106.0957999592119023
 30
0.0
 41
-25.3999999999999986
 42
25.3999999999999986
 43
25.3999999999999986
 50
270.0
  0
INSERT
  5
20A2
  8
_G01-IND-3GEN_DRILLS
  6
CONTINUOUS
  2
ROUND_99
 10
60.9600000407880387
 20
-92.6591999592119464
 30
0.0
 41
-25.3999999999999986
 42
25.3999999999999986
 43
25.3999999999999986
 50
270.0
  0
INSERT
  5
20A3
  8
_G01-IND-3GEN_DRILLS
  6
CONTINUOUS
  2
ROUND_99
 10
60.8584000407880481
 20
-39.8525999592119291
 30
0.0
 41
-25.3999999999999986
 42
25.3999999999999986
 43
25.3999999999999986
 50
270.0
  0
INSERT
  5
20A4
  8
_G01-IND-3GEN_DRILLS
  6
CONTINUOUS
  2
ROUND_237
 10
12.7000000407880798
 20
-209.4229999592120066
 30
0.0
 41
-25.3999999999999986
 42
25.3999999999999986
 43
25.3999999999999986
 50
270.0
  0
INSERT
  5
20A5
  8
_G01-IND-3GEN_DRILLS
  6
CONTINUOUS
  2
ROUND_237
 10
23.368000040788079
 20
-186.5629999592119077
 30
0.0
 41
-25.3999999999999986
 42
25.3999999999999986
 43
25.3999999999999986
 50
270.0
  0
INSERT
  5
20A6
  8
_G01-IND-3GEN_DRILLS
  6
CONTINUOUS
  2
ROUND_237
 10
21.5900000407880803
 20
-186.5629999592119077
 30
0.0
 41
-25.3999999999999986
 42
25.3999999999999986
 43
25.3999999999999986
 50
270.0
  0
INSERT
  5
20A7
  8
_G01-IND-3GEN_DRILLS
  6
CONTINUOUS
  2
ROUND_237
 10
23.368000040788079
 20
-189.3569999592118904
 30
0.0
 41
-25.3999999999999986
 42
25.3999999999999986
 43
25.3999999999999986
 50
270.0
  0
INSERT
  5
20A8
  8
_G01-IND-3GEN_DRILLS
  6
CONTINUOUS
  2
ROUND_237
 10
21.5900000407880803
 20
-189.3569999592118904
 30
0.0
 41
-25.3999999999999986
 42
25.3999999999999986
 43
25.3999999999999986
 50
270.0
  0
INSERT
  5
20A9
  8
_G01-IND-3GEN_DRILLS
  6
CONTINUOUS
  2
ROUND_237
 10
-3.6829999592119029
 20
-193.0399999592119968
 30
0.0
 41
-25.3999999999999986
 42
25.3999999999999986
 43
25.3999999999999986
 50
270.0
  0
INSERT
  5
20AA
  8
_G01-IND-3GEN_DRILLS
  6
CONTINUOUS
  2
ROUND_237
 10
13.3350000407880902
 20
-176.9109999592118925
 30
0.0
 41
-25.3999999999999986
 42
25.3999999999999986
 43
25.3999999999999986
 50
270.0
  0
INSERT
  5
20AB
  8
_G01-IND-3GEN_DRILLS
  6
CONTINUOUS
  2
ROUND_237
 10
15.3670000407880902
 20
-176.9109999592118925
 30
0.0
 41
-25.3999999999999986
 42
25.3999999999999986
 43
25.3999999999999986
 50
270.0
  0
INSERT
  5
20AC
  8
_G01-IND-3GEN_DRILLS
  6
CONTINUOUS
  2
ROUND_237
 10
32.7660000407881071
 20
-188.8489999592119091
 30
0.0
 41
-25.3999999999999986
 42
25.3999999999999986
 43
25.3999999999999986
 50
270.0
  0
INSERT
  5
20AD
  8
_G01-IND-3GEN_DRILLS
  6
CONTINUOUS
  2
ROUND_237
 10
32.7660000407881071
 20
-186.8169999592118984
 30
0.0
 41
-25.3999999999999986
 42
25.3999999999999986
 43
25.3999999999999986
 50
270.0
  0
INSERT
  5
20AE
  8
_G01-IND-3GEN_DRILLS
  6
CONTINUOUS
  2
ROUND_237
 10
100.7110000407879937
 20
-149.8599999592119048
 30
0.0
 41
-25.3999999999999986
 42
25.3999999999999986
 43
25.3999999999999986
 50
270.0
  0
INSERT
  5
20AF
  8
_G01-IND-3GEN_DRILLS
  6
CONTINUOUS
  2
ROUND_237
 10
15.3670000407880902
 20
-183.2609999592118868
 30
0.0
 41
-25.3999999999999986
 42
25.3999999999999986
 43
25.3999999999999986
 50
270.0
  0
INSERT
  5
20B0
  8
_G01-IND-3GEN_DRILLS
  6
CONTINUOUS
  2
ROUND_237
 10
13.3350000407880902
 20
-183.2609999592118868
 30
0.0
 41
-25.3999999999999986
 42
25.3999999999999986
 43
25.3999999999999986
 50
270.0
  0
INSERT
  5
20B1
  8
_G01-IND-3GEN_DRILLS
  6
CONTINUOUS
  2
ROUND_237
 10
-0.7619999592118983
 20
-196.7229999592119043
 30
0.0
 41
-25.3999999999999986
 42
25.3999999999999986
 43
25.3999999999999986
 50
270.0
  0
INSERT
  5
20B2
  8
_G01-IND-3GEN_DRILLS
  6
CONTINUOUS
  2
ROUND_237
 10
-0.7619999592118983
 20
-194.3099999592118934
 30
0.0
 41
-25.3999999999999986
 42
25.3999999999999986
 43
25.3999999999999986
 50
270.0
  0
INSERT
  5
20B3
  8
_G01-IND-3GEN_DRILLS
  6
CONTINUOUS
  2
ROUND_237
 10
66.1670000407880963
 20
-203.0729999592120123
 30
0.0
 41
-25.3999999999999986
 42
25.3999999999999986
 43
25.3999999999999986
 50
270.0
  0
INSERT
  5
20B4
  8
_G01-IND-3GEN_DRILLS
  6
CONTINUOUS
  2
ROUND_237
 10
-5.0926999592119113
 20
-211.0231999592118939
 30
0.0
 41
-25.3999999999999986
 42
25.3999999999999986
 43
25.3999999999999986
 50
270.0
  0
INSERT
  5
20B5
  8
_G01-IND-3GEN_DRILLS
  6
CONTINUOUS
  2
ROUND_237
 10
65.1510000407880625
 20
-193.5479999592120066
 30
0.0
 41
-25.3999999999999986
 42
25.3999999999999986
 43
25.3999999999999986
 50
270.0
  0
INSERT
  5
20B6
  8
_G01-IND-3GEN_DRILLS
  6
CONTINUOUS
  2
ROUND_148
 10
2.5908000407880931
 20
-141.1731999592118996
 30
0.0
 41
-25.3999999999999986
 42
25.3999999999999986
 43
25.3999999999999986
 50
270.0
  0
INSERT
  5
20B7
  8
_G01-IND-3GEN_DRILLS
  6
CONTINUOUS
  2
ROUND_148
 10
10.2108000407881097
 20
-141.1731999592118996
 30
0.0
 41
-25.3999999999999986
 42
25.3999999999999986
 43
25.3999999999999986
 50
270.0
  0
INSERT
  5
20B8
  8
_G01-IND-3GEN_DRILLS
  6
CONTINUOUS
  2
ROUND_148
 10
2.5908000407880931
 20
-138.6331999592119075
 30
0.0
 41
-25.3999999999999986
 42
25.3999999999999986
 43
25.3999999999999986
 50
270.0
  0
INSERT
  5
20B9
  8
_G01-IND-3GEN_DRILLS
  6
CONTINUOUS
  2
ROUND_148
 10
10.2108000407881097
 20
-138.6331999592119075
 30
0.0
 41
-25.3999999999999986
 42
25.3999999999999986
 43
25.3999999999999986
 50
270.0
  0
INSERT
  5
20BA
  8
_G01-IND-3GEN_DRILLS
  6
CONTINUOUS
  2
ROUND_148
 10
2.5908000407880931
 20
-136.0931999592120007
 30
0.0
 41
-25.3999999999999986
 42
25.3999999999999986
 43
25.3999999999999986
 50
270.0
  0
INSERT
  5
20BB
  8
_G01-IND-3GEN_DRILLS
  6
CONTINUOUS
  2
ROUND_148
 10
10.2108000407881097
 20
-136.0931999592120007
 30
0.0
 41
-25.3999999999999986
 42
25.3999999999999986
 43
25.3999999999999986
 50
270.0
  0
INSERT
  5
20BC
  8
_G01-IND-3GEN_DRILLS
  6
CONTINUOUS
  2
ROUND_148
 10
2.5908000407880931
 20
-133.553199959211895
 30
0.0
 41
-25.3999999999999986
 42
25.3999999999999986
 43
25.3999999999999986
 50
270.0
  0
INSERT
  5
20BD
  8
_G01-IND-3GEN_DRILLS
  6
CONTINUOUS
  2
ROUND_148
 10
10.2108000407881097
 20
-133.553199959211895
 30
0.0
 41
-25.3999999999999986
 42
25.3999999999999986
 43
25.3999999999999986
 50
270.0
  0
INSERT
  5
20BE
  8
_G01-IND-3GEN_DRILLS
  6
CONTINUOUS
  2
ROUND_148
 10
2.5908000407880931
 20
-131.0131999592119882
 30
0.0
 41
-25.3999999999999986
 42
25.3999999999999986
 43
25.3999999999999986
 50
270.0
  0
INSERT
  5
20BF
  8
_G01-IND-3GEN_DRILLS
  6
CONTINUOUS
  2
ROUND_148
 10
10.2108000407881097
 20
-131.013199959211903
 30
0.0
 41
-25.3999999999999986
 42
25.3999999999999986
 43
25.3999999999999986
 50
270.0
  0
INSERT
  5
20C0
  8
_G01-IND-3GEN_DRILLS
  6
CONTINUOUS
  2
ROUND_148
 10
2.5908000407880931
 20
-128.4731999592119109
 30
0.0
 41
-25.3999999999999986
 42
25.3999999999999986
 43
25.3999999999999986
 50
270.0
  0
INSERT
  5
20C1
  8
_G01-IND-3GEN_DRILLS
  6
CONTINUOUS
  2
ROUND_148
 10
10.2108000407881097
 20
-128.4731999592119109
 30
0.0
 41
-25.3999999999999986
 42
25.3999999999999986
 43
25.3999999999999986
 50
270.0
  0
INSERT
  5
20C2
  8
_G01-IND-3GEN_DRILLS
  6
CONTINUOUS
  2
ROUND_148
 10
2.5908000407880931
 20
-125.9331999592119047
 30
0.0
 41
-25.3999999999999986
 42
25.3999999999999986
 43
25.3999999999999986
 50
270.0
  0
INSERT
  5
20C3
  8
_G01-IND-3GEN_DRILLS
  6
CONTINUOUS
  2
ROUND_148
 10
10.2108000407881097
 20
-125.9331999592119047
 30
0.0
 41
-25.3999999999999986
 42
25.3999999999999986
 43
25.3999999999999986
 50
270.0
  0
INSERT
  5
20C4
  8
_G01-IND-3GEN_DRILLS
  6
CONTINUOUS
  2
ROUND_148
 10
2.5908000407880931
 20
-123.3931999592118984
 30
0.0
 41
-25.3999999999999986
 42
25.3999999999999986
 43
25.3999999999999986
 50
270.0
  0
INSERT
  5
20C5
  8
_G01-IND-3GEN_DRILLS
  6
CONTINUOUS
  2
ROUND_148
 10
10.2108000407881097
 20
-123.3931999592118984
 30
0.0
 41
-25.3999999999999986
 42
25.3999999999999986
 43
25.3999999999999986
 50
270.0
  0
INSERT
  5
20C6
  8
_G01-IND-3GEN_DRILLS
  6
CONTINUOUS
  2
ROUND_148
 10
2.5908000407880931
 20
-120.8531999592119064
 30
0.0
 41
-25.3999999999999986
 42
25.3999999999999986
 43
25.3999999999999986
 50
270.0
  0
INSERT
  5
20C7
  8
_G01-IND-3GEN_DRILLS
  6
CONTINUOUS
  2
ROUND_148
 10
10.2108000407881097
 20
-120.8531999592119064
 30
0.0
 41
-25.3999999999999986
 42
25.3999999999999986
 43
25.3999999999999986
 50
270.0
  0
INSERT
  5
20C8
  8
_G01-IND-3GEN_DRILLS
  6
CONTINUOUS
  2
ROUND_148
 10
2.5908000407880931
 20
-118.3131999592119996
 30
0.0
 41
-25.3999999999999986
 42
25.3999999999999986
 43
25.3999999999999986
 50
270.0
  0
INSERT
  5
20C9
  8
_G01-IND-3GEN_DRILLS
  6
CONTINUOUS
  2
ROUND_148
 10
10.2108000407881097
 20
-118.3131999592119996
 30
0.0
 41
-25.3999999999999986
 42
25.3999999999999986
 43
25.3999999999999986
 50
270.0
  0
INSERT
  5
20CA
  8
_G01-IND-3GEN_DRILLS
  6
CONTINUOUS
  2
ROUND_148
 10
2.5908000407880931
 20
-115.7731999592118939
 30
0.0
 41
-25.3999999999999986
 42
25.3999999999999986
 43
25.3999999999999986
 50
270.0
  0
INSERT
  5
20CB
  8
_G01-IND-3GEN_DRILLS
  6
CONTINUOUS
  2
ROUND_148
 10
10.2108000407881097
 20
-115.7731999592118939
 30
0.0
 41
-25.3999999999999986
 42
25.3999999999999986
 43
25.3999999999999986
 50
270.0
  0
INSERT
  5
20CC
  8
_G01-IND-3GEN_DRILLS
  6
CONTINUOUS
  2
ROUND_148
 10
2.5908000407880478
 20
-113.2331999592119018
 30
0.0
 41
-25.3999999999999986
 42
25.3999999999999986
 43
25.3999999999999986
 50
270.0
  0
INSERT
  5
20CD
  8
_G01-IND-3GEN_DRILLS
  6
CONTINUOUS
  2
ROUND_148
 10
10.2108000407881097
 20
-113.2331999592119018
 30
0.0
 41
-25.3999999999999986
 42
25.3999999999999986
 43
25.3999999999999986
 50
270.0
  0
INSERT
  5
20CE
  8
_G01-IND-3GEN_DRILLS
  6
CONTINUOUS
  2
ROUND_148
 10
37.5920000407880508
 20
-41.0209999592119203
 30
0.0
 41
-25.3999999999999986
 42
25.3999999999999986
 43
25.3999999999999986
 50
270.0
  0
INSERT
  5
20CF
  8
_G01-IND-3GEN_DRILLS
  6
CONTINUOUS
  2
ROUND_148
 10
95.3770000407880474
 20
-43.3069999592119075
 30
0.0
 41
-25.3999999999999986
 42
25.3999999999999986
 43
25.3999999999999986
 50
270.0
  0
INSERT
  5
20D0
  8
_G01-IND-3GEN_DRILLS
  6
CONTINUOUS
  2
ROUND_148
 10
-92.5829999592119037
 20
-71.5009999592119811
 30
0.0
 41
-25.3999999999999986
 42
25.3999999999999986
 43
25.3999999999999986
 50
270.0
  0
INSERT
  5
20D1
  8
_G01-IND-3GEN_DRILLS
  6
CONTINUOUS
  2
ROUND_148
 10
-92.5829999592119037
 20
-198.2469999592119052
 30
0.0
 41
-25.3999999999999986
 42
25.3999999999999986
 43
25.3999999999999986
 50
270.0
  0
INSERT
  5
20D2
  8
_G01-IND-3GEN_DRILLS
  6
CONTINUOUS
  2
ROUND_148
 10
-92.5829999592119037
 20
-185.5469999592118882
 30
0.0
 41
-25.3999999999999986
 42
25.3999999999999986
 43
25.3999999999999986
 50
270.0
  0
INSERT
  5
20D3
  8
_G01-IND-3GEN_DRILLS
  6
CONTINUOUS
  2
ROUND_148
 10
-92.5829999592119037
 20
-160.4009999592119868
 30
0.0
 41
-25.3999999999999986
 42
25.3999999999999986
 43
25.3999999999999986
 50
270.0
  0
INSERT
  5
20D4
  8
_G01-IND-3GEN_DRILLS
  6
CONTINUOUS
  2
ROUND_148
 10
98.9330000407881158
 20
-221.8689999592118909
 30
0.0
 41
-25.3999999999999986
 42
25.3999999999999986
 43
25.3999999999999986
 50
270.0
  0
INSERT
  5
20D5
  8
_G01-IND-3GEN_DRILLS
  6
CONTINUOUS
  2
ROUND_148
 10
108.3310000407879983
 20
-216.6619999592118972
 30
0.0
 41
-25.3999999999999986
 42
25.3999999999999986
 43
25.3999999999999986
 50
270.0
  0
INSERT
  5
20D6
  8
_G01-IND-3GEN_DRILLS
  6
CONTINUOUS
  2
ROUND_148
 10
116.5860000407879937
 20
-206.3749999592118911
 30
0.0
 41
-25.3999999999999986
 42
25.3999999999999986
 43
25.3999999999999986
 50
270.0
  0
INSERT
  5
20D7
  8
_G01-IND-3GEN_DRILLS
  6
CONTINUOUS
  2
ROUND_148
 10
112.7760000407880057
 20
-41.9099999592119232
 30
0.0
 41
-25.3999999999999986
 42
25.3999999999999986
 43
25.3999999999999986
 50
270.0
  0
INSERT
  5
20D8
  8
_G01-IND-3GEN_DRILLS
  6
CONTINUOUS
  2
ROUND_148
 10
118.6180000407880044
 20
-54.2289999592118974
 30
0.0
 41
-25.3999999999999986
 42
25.3999999999999986
 43
25.3999999999999986
 50
270.0
  0
INSERT
  5
20D9
  8
_G01-IND-3GEN_DRILLS
  6
CONTINUOUS
  2
ROUND_148
 10
100.8380000407880033
 20
-32.7659999592119391
 30
0.0
 41
-25.3999999999999986
 42
25.3999999999999986
 43
25.3999999999999986
 50
270.0
  0
INSERT
  5
20DA
  8
_G01-IND-3GEN_DRILLS
  6
CONTINUOUS
  2
ROUND_148
 10
-92.5829999592119037
 20
-135.1279999592119054
 30
0.0
 41
-25.3999999999999986
 42
25.3999999999999986
 43
25.3999999999999986
 50
270.0
  0
INSERT
  5
20DB
  8
_G01-IND-3GEN_DRILLS
  6
CONTINUOUS
  2
ROUND_148
 10
-92.5829999592119037
 20
-147.7009999592119129
 30
0.0
 41
-25.3999999999999986
 42
25.3999999999999986
 43
25.3999999999999986
 50
270.0
  0
INSERT
  5
20DC
  8
_G01-IND-3GEN_DRILLS
  6
CONTINUOUS
  2
ROUND_148
 10
-92.5829999592119037
 20
-172.9739999592119943
 30
0.0
 41
-25.3999999999999986
 42
25.3999999999999986
 43
25.3999999999999986
 50
270.0
  0
INSERT
  5
20DD
  8
_G01-IND-3GEN_DRILLS
  6
CONTINUOUS
  2
ROUND_148
 10
-92.5829999592119037
 20
-210.9469999592120075
 30
0.0
 41
-25.3999999999999986
 42
25.3999999999999986
 43
25.3999999999999986
 50
270.0
  0
INSERT
  5
20DE
  8
_G01-IND-3GEN_DRILLS
  6
CONTINUOUS
  2
ROUND_148
 10
119.2530000407879953
 20
-66.9289999592119074
 30
0.0
 41
-25.3999999999999986
 42
25.3999999999999986
 43
25.3999999999999986
 50
270.0
  0
INSERT
  5
20DF
  8
_G01-IND-3GEN_DRILLS
  6
CONTINUOUS
  2
ROUND_148
 10
119.2530000407879953
 20
-193.9289999592118932
 30
0.0
 41
-25.3999999999999986
 42
25.3999999999999986
 43
25.3999999999999986
 50
270.0
  0
INSERT
  5
20E0
  8
_G01-IND-3GEN_DRILLS
  6
CONTINUOUS
  2
ROUND_148
 10
-92.5829999592119037
 20
-122.4279999592119026
 30
0.0
 41
-25.3999999999999986
 42
25.3999999999999986
 43
25.3999999999999986
 50
270.0
  0
INSERT
  5
20E1
  8
_G01-IND-3GEN_DRILLS
  6
CONTINUOUS
  2
ROUND_148
 10
-92.5829999592119037
 20
-109.7279999592118997
 30
0.0
 41
-25.3999999999999986
 42
25.3999999999999986
 43
25.3999999999999986
 50
270.0
  0
INSERT
  5
20E2
  8
_G01-IND-3GEN_DRILLS
  6
CONTINUOUS
  2
ROUND_148
 10
-92.5829999592119037
 20
-84.3279999592119651
 30
0.0
 41
-25.3999999999999986
 42
25.3999999999999986
 43
25.3999999999999986
 50
270.0
  0
INSERT
  5
20E3
  8
_G01-IND-3GEN_DRILLS
  6
CONTINUOUS
  2
ROUND_148
 10
-92.5829999592119037
 20
-97.0279999592119538
 30
0.0
 41
-25.3999999999999986
 42
25.3999999999999986
 43
25.3999999999999986
 50
270.0
  0
INSERT
  5
20E4
  8
_G01-IND-3GEN_DRILLS
  6
CONTINUOUS
  2
ROUND_148
 10
-92.5829999592119037
 20
-47.243999959212033
 30
0.0
 41
-25.3999999999999986
 42
25.3999999999999986
 43
25.3999999999999986
 50
270.0
  0
INSERT
  5
20E5
  8
_G01-IND-3GEN_DRILLS
  6
CONTINUOUS
  2
ROUND_148
 10
-92.5829999592119037
 20
-36.7029999592119722
 30
0.0
 41
-25.3999999999999986
 42
25.3999999999999986
 43
25.3999999999999986
 50
270.0
  0
INSERT
  5
20E6
  8
_G01-IND-3GEN_DRILLS
  6
CONTINUOUS
  2
ROUND_148
 10
-92.5829999592119037
 20
-59.9439999592120216
 30
0.0
 41
-25.3999999999999986
 42
25.3999999999999986
 43
25.3999999999999986
 50
270.0
  0
INSERT
  5
20E7
  8
_G01-IND-3GEN_DRILLS
  6
CONTINUOUS
  2
ROUND_148
 10
-59.1819999592118933
 20
-211.0739999592119034
 30
0.0
 41
-25.3999999999999986
 42
25.3999999999999986
 43
25.3999999999999986
 50
270.0
  0
INSERT
  5
20E8
  8
_G01-IND-3GEN_DRILLS
  6
CONTINUOUS
  2
ROUND_148
 10
-66.6749999592118883
 20
-211.0739999592119034
 30
0.0
 41
-25.3999999999999986
 42
25.3999999999999986
 43
25.3999999999999986
 50
270.0
  0
INSERT
  5
20E9
  8
_G01-IND-3GEN_DRILLS
  6
CONTINUOUS
  2
ROUND_148
 10
-76.58099995921188
 20
-211.0739999592119034
 30
0.0
 41
-25.3999999999999986
 42
25.3999999999999986
 43
25.3999999999999986
 50
270.0
  0
INSERT
  5
20EA
  8
_G01-IND-3GEN_DRILLS
  6
CONTINUOUS
  2
ROUND_148
 10
-82.8039999592119074
 20
-211.0739999592119034
 30
0.0
 41
-25.3999999999999986
 42
25.3999999999999986
 43
25.3999999999999986
 50
270.0
  0
INSERT
  5
20EB
  8
_G01-IND-3GEN_DRILLS
  6
CONTINUOUS
  2
ROUND_148
 10
-78.4859999592118811
 20
-207.6449999592119013
 30
0.0
 41
-25.3999999999999986
 42
25.3999999999999986
 43
25.3999999999999986
 50
270.0
  0
INSERT
  5
20EC
  8
_G01-IND-3GEN_DRILLS
  6
CONTINUOUS
  2
ROUND_148
 10
-69.3419999592119183
 20
-203.9619999592119939
 30
0.0
 41
-25.3999999999999986
 42
25.3999999999999986
 43
25.3999999999999986
 50
270.0
  0
INSERT
  5
20ED
  8
_G01-IND-3GEN_DRILLS
  6
CONTINUOUS
  2
ROUND_148
 10
-78.1049999592118951
 20
-182.1179999592119998
 30
0.0
 41
-25.3999999999999986
 42
25.3999999999999986
 43
25.3999999999999986
 50
270.0
  0
INSERT
  5
20EE
  8
_G01-IND-3GEN_DRILLS
  6
CONTINUOUS
  2
ROUND_148
 10
-82.9309999592119027
 20
-182.1179999592119998
 30
0.0
 41
-25.3999999999999986
 42
25.3999999999999986
 43
25.3999999999999986
 50
270.0
  0
INSERT
  5
20EF
  8
_G01-IND-3GEN_DRILLS
  6
CONTINUOUS
  2
ROUND_148
 10
119.2530000407879953
 20
-79.3749999592119622
 30
0.0
 41
-25.3999999999999986
 42
25.3999999999999986
 43
25.3999999999999986
 50
270.0
  0
INSERT
  5
20F0
  8
_G01-IND-3GEN_DRILLS
  6
CONTINUOUS
  2
ROUND_148
 10
119.2530000407879953
 20
-92.0749999592119366
 30
0.0
 41
-25.3999999999999986
 42
25.3999999999999986
 43
25.3999999999999986
 50
270.0
  0
INSERT
  5
20F1
  8
_G01-IND-3GEN_DRILLS
  6
CONTINUOUS
  2
ROUND_148
 10
119.2530000407879953
 20
-104.7749999592118968
 30
0.0
 41
-25.3999999999999986
 42
25.3999999999999986
 43
25.3999999999999986
 50
270.0
  0
INSERT
  5
20F2
  8
_G01-IND-3GEN_DRILLS
  6
CONTINUOUS
  2
ROUND_148
 10
119.2530000407879953
 20
-117.4749999592118996
 30
0.0
 41
-25.3999999999999986
 42
25.3999999999999986
 43
25.3999999999999986
 50
270.0
  0
INSERT
  5
20F3
  8
_G01-IND-3GEN_DRILLS
  6
CONTINUOUS
  2
ROUND_148
 10
119.2530000407879953
 20
-130.1749999592119025
 30
0.0
 41
-25.3999999999999986
 42
25.3999999999999986
 43
25.3999999999999986
 50
270.0
  0
INSERT
  5
20F4
  8
_G01-IND-3GEN_DRILLS
  6
CONTINUOUS
  2
ROUND_148
 10
119.2530000407879953
 20
-142.8749999592118911
 30
0.0
 41
-25.3999999999999986
 42
25.3999999999999986
 43
25.3999999999999986
 50
270.0
  0
INSERT
  5
20F5
  8
_G01-IND-3GEN_DRILLS
  6
CONTINUOUS
  2
ROUND_148
 10
119.2530000407879953
 20
-155.5749999592119082
 30
0.0
 41
-25.3999999999999986
 42
25.3999999999999986
 43
25.3999999999999986
 50
270.0
  0
INSERT
  5
20F6
  8
_G01-IND-3GEN_DRILLS
  6
CONTINUOUS
  2
ROUND_148
 10
119.2530000407879953
 20
-168.2749999592118968
 30
0.0
 41
-25.3999999999999986
 42
25.3999999999999986
 43
25.3999999999999986
 50
270.0
  0
INSERT
  5
20F7
  8
_G01-IND-3GEN_DRILLS
  6
CONTINUOUS
  2
ROUND_148
 10
119.2530000407879953
 20
-180.9749999592119138
 30
0.0
 41
-25.3999999999999986
 42
25.3999999999999986
 43
25.3999999999999986
 50
270.0
  0
INSERT
  5
20F8
  8
_G01-IND-3GEN_DRILLS
  6
CONTINUOUS
  2
ROUND_148
 10
-91.1859999592119266
 20
-223.1389999592119864
 30
0.0
 41
-25.3999999999999986
 42
25.3999999999999986
 43
25.3999999999999986
 50
270.0
  0
INSERT
  5
20F9
  8
_G01-IND-3GEN_DRILLS
  6
CONTINUOUS
  2
ROUND_148
 10
-78.4859999592118811
 20
-223.1389999592119864
 30
0.0
 41
-25.3999999999999986
 42
25.3999999999999986
 43
25.3999999999999986
 50
270.0
  0
INSERT
  5
20FA
  8
_G01-IND-3GEN_DRILLS
  6
CONTINUOUS
  2
ROUND_148
 10
-65.7859999592118641
 20
-223.1389999592119864
 30
0.0
 41
-25.3999999999999986
 42
25.3999999999999986
 43
25.3999999999999986
 50
270.0
  0
INSERT
  5
20FB
  8
_G01-IND-3GEN_DRILLS
  6
CONTINUOUS
  2
ROUND_148
 10
-53.0859999592119109
 20
-223.1389999592119864
 30
0.0
 41
-25.3999999999999986
 42
25.3999999999999986
 43
25.3999999999999986
 50
270.0
  0
INSERT
  5
20FC
  8
_G01-IND-3GEN_DRILLS
  6
CONTINUOUS
  2
ROUND_148
 10
-35.3059999592118814
 20
-223.1389999592119864
 30
0.0
 41
-25.3999999999999986
 42
25.3999999999999986
 43
25.3999999999999986
 50
270.0
  0
INSERT
  5
20FD
  8
_G01-IND-3GEN_DRILLS
  6
CONTINUOUS
  2
ROUND_148
 10
-14.98599995921189
 20
-223.1389999592119864
 30
0.0
 41
-25.3999999999999986
 42
25.3999999999999986
 43
25.3999999999999986
 50
270.0
  0
INSERT
  5
20FE
  8
_G01-IND-3GEN_DRILLS
  6
CONTINUOUS
  2
ROUND_148
 10
-2.2859999592119098
 20
-223.1389999592119864
 30
0.0
 41
-25.3999999999999986
 42
25.3999999999999986
 43
25.3999999999999986
 50
270.0
  0
INSERT
  5
20FF
  8
_G01-IND-3GEN_DRILLS
  6
CONTINUOUS
  2
ROUND_148
 10
10.4140000407880908
 20
-223.1389999592119864
 30
0.0
 41
-25.3999999999999986
 42
25.3999999999999986
 43
25.3999999999999986
 50
270.0
  0
INSERT
  5
2100
  8
_G01-IND-3GEN_DRILLS
  6
CONTINUOUS
  2
ROUND_148
 10
26.9240000407880515
 20
-30.4799999592119413
 30
0.0
 41
-25.3999999999999986
 42
25.3999999999999986
 43
25.3999999999999986
 50
270.0
  0
INSERT
  5
2101
  8
_G01-IND-3GEN_DRILLS
  6
CONTINUOUS
  2
ROUND_148
 10
35.8140000407880876
 20
-30.4799999592119413
 30
0.0
 41
-25.3999999999999986
 42
25.3999999999999986
 43
25.3999999999999986
 50
270.0
  0
INSERT
  5
2102
  8
_G01-IND-3GEN_DRILLS
  6
CONTINUOUS
  2
ROUND_148
 10
48.5140000407880834
 20
-30.4799999592119413
 30
0.0
 41
-25.3999999999999986
 42
25.3999999999999986
 43
25.3999999999999986
 50
270.0
  0
INSERT
  5
2103
  8
_G01-IND-3GEN_DRILLS
  6
CONTINUOUS
  2
ROUND_148
 10
61.2140000407880791
 20
-30.4799999592119413
 30
0.0
 41
-25.3999999999999986
 42
25.3999999999999986
 43
25.3999999999999986
 50
270.0
  0
INSERT
  5
2104
  8
_G01-IND-3GEN_DRILLS
  6
CONTINUOUS
  2
ROUND_148
 10
73.9140000407880819
 20
-30.4799999592119413
 30
0.0
 41
-25.3999999999999986
 42
25.3999999999999986
 43
25.3999999999999986
 50
270.0
  0
INSERT
  5
2105
  8
_G01-IND-3GEN_DRILLS
  6
CONTINUOUS
  2
ROUND_148
 10
86.6140000407880848
 20
-30.4799999592119413
 30
0.0
 41
-25.3999999999999986
 42
25.3999999999999986
 43
25.3999999999999986
 50
270.0
  0
INSERT
  5
2106
  8
_G01-IND-3GEN_DRILLS
  6
CONTINUOUS
  2
ROUND_148
 10
23.1140000407880883
 20
-223.1389999592119864
 30
0.0
 41
-25.3999999999999986
 42
25.3999999999999986
 43
25.3999999999999986
 50
270.0
  0
INSERT
  5
2107
  8
_G01-IND-3GEN_DRILLS
  6
CONTINUOUS
  2
ROUND_148
 10
35.8140000407880876
 20
-223.1389999592119864
 30
0.0
 41
-25.3999999999999986
 42
25.3999999999999986
 43
25.3999999999999986
 50
270.0
  0
INSERT
  5
2108
  8
_G01-IND-3GEN_DRILLS
  6
CONTINUOUS
  2
ROUND_148
 10
48.5140000407880834
 20
-223.1389999592119864
 30
0.0
 41
-25.3999999999999986
 42
25.3999999999999986
 43
25.3999999999999986
 50
270.0
  0
INSERT
  5
2109
  8
_G01-IND-3GEN_DRILLS
  6
CONTINUOUS
  2
ROUND_148
 10
61.2140000407880791
 20
-223.1389999592119864
 30
0.0
 41
-25.3999999999999986
 42
25.3999999999999986
 43
25.3999999999999986
 50
270.0
  0
INSERT
  5
210A
  8
_G01-IND-3GEN_DRILLS
  6
CONTINUOUS
  2
ROUND_148
 10
73.9140000407880819
 20
-223.1389999592119864
 30
0.0
 41
-25.3999999999999986
 42
25.3999999999999986
 43
25.3999999999999986
 50
270.0
  0
INSERT
  5
210B
  8
_G01-IND-3GEN_DRILLS
  6
CONTINUOUS
  2
ROUND_148
 10
86.6140000407881132
 20
-223.1389999592119864
 30
0.0
 41
-25.3999999999999986
 42
25.3999999999999986
 43
25.3999999999999986
 50
270.0
  0
INSERT
  5
210C
  8
_G01-IND-3GEN_DRILLS
  6
CONTINUOUS
  2
ROUND_148
 10
-26.0603999592119102
 20
-206.5019999592119007
 30
0.0
 41
-25.3999999999999986
 42
25.3999999999999986
 43
25.3999999999999986
 50
270.0
  0
INSERT
  5
210D
  8
_G01-IND-3GEN_DRILLS
  6
CONTINUOUS
  2
ROUND_148
 10
-26.0603999592119102
 20
-204.4699999592120037
 30
0.0
 41
-25.3999999999999986
 42
25.3999999999999986
 43
25.3999999999999986
 50
270.0
  0
INSERT
  5
210E
  8
_G01-IND-3GEN_DRILLS
  6
CONTINUOUS
  2
ROUND_148
 10
-118.1099999592119048
 20
-49.2759999592119797
 30
0.0
 41
-25.3999999999999986
 42
25.3999999999999986
 43
25.3999999999999986
 50
270.0
  0
INSERT
  5
210F
  8
_G01-IND-3GEN_DRILLS
  6
CONTINUOUS
  2
ROUND_148
 10
-118.1099999592119048
 20
-46.7359999592119522
 30
0.0
 41
-25.3999999999999986
 42
25.3999999999999986
 43
25.3999999999999986
 50
270.0
  0
INSERT
  5
2110
  8
_G01-IND-3GEN_DRILLS
  6
CONTINUOUS
  2
ROUND_148
 10
-93.9799999592119377
 20
-56.8959999592119985
 30
0.0
 41
-25.3999999999999986
 42
25.3999999999999986
 43
25.3999999999999986
 50
270.0
  0
INSERT
  5
2111
  8
_G01-IND-3GEN_DRILLS
  6
CONTINUOUS
  2
ROUND_148
 10
-93.9799999592119377
 20
-39.1159999592120329
 30
0.0
 41
-25.3999999999999986
 42
25.3999999999999986
 43
25.3999999999999986
 50
270.0
  0
INSERT
  5
2112
  8
_G01-IND-3GEN_DRILLS
  6
CONTINUOUS
  2
ROUND_148
 10
-113.7284999592119021
 20
-30.4164999592120004
 30
0.0
 41
-25.3999999999999986
 42
25.3999999999999986
 43
25.3999999999999986
 50
270.0
  0
INSERT
  5
2113
  8
_G01-IND-3GEN_DRILLS
  6
CONTINUOUS
  2
ROUND_148
 10
-78.6764999592118954
 20
-30.4164999592120004
 30
0.0
 41
-25.3999999999999986
 42
25.3999999999999986
 43
25.3999999999999986
 50
270.0
  0
INSERT
  5
2114
  8
_G01-IND-3GEN_DRILLS
  6
CONTINUOUS
  2
ROUND_148
 10
-65.976499959211921
 20
-30.4164999592120004
 30
0.0
 41
-25.3999999999999986
 42
25.3999999999999986
 43
25.3999999999999986
 50
270.0
  0
INSERT
  5
2115
  8
_G01-IND-3GEN_DRILLS
  6
CONTINUOUS
  2
ROUND_148
 10
-53.2764999592119111
 20
-30.4164999592120004
 30
0.0
 41
-25.3999999999999986
 42
25.3999999999999986
 43
25.3999999999999986
 50
270.0
  0
INSERT
  5
2116
  8
_G01-IND-3GEN_DRILLS
  6
CONTINUOUS
  2
ROUND_148
 10
-36.1949999592119411
 20
-30.8609999592119593
 30
0.0
 41
-25.3999999999999986
 42
25.3999999999999986
 43
25.3999999999999986
 50
270.0
  0
INSERT
  5
2117
  8
_G01-IND-3GEN_DRILLS
  6
CONTINUOUS
  2
ROUND_241
 10
-6.9849999592119234
 20
-20.5485999592119803
 30
0.0
 41
-25.3999999999999986
 42
25.3999999999999986
 43
25.3999999999999986
 50
270.0
  0
INSERT
  5
2118
  8
_G01-IND-3GEN_DRILLS
  6
CONTINUOUS
  2
ROUND_241
 10
-6.9849999592119234
 20
-23.0885999592119298
 30
0.0
 41
-25.3999999999999986
 42
25.3999999999999986
 43
25.3999999999999986
 50
270.0
  0
INSERT
  5
2119
  8
_G01-IND-3GEN_DRILLS
  6
CONTINUOUS
  2
ROUND_241
 10
-9.5249999592119146
 20
-20.5485999592119803
 30
0.0
 41
-25.3999999999999986
 42
25.3999999999999986
 43
25.3999999999999986
 50
270.0
  0
INSERT
  5
211A
  8
_G01-IND-3GEN_DRILLS
  6
CONTINUOUS
  2
ROUND_241
 10
-9.5249999592119146
 20
-23.0885999592119298
 30
0.0
 41
-25.3999999999999986
 42
25.3999999999999986
 43
25.3999999999999986
 50
270.0
  0
INSERT
  5
211B
  8
_G01-IND-3GEN_DRILLS
  6
CONTINUOUS
  2
ROUND_241
 10
-12.0649999592119492
 20
-20.5485999592119803
 30
0.0
 41
-25.3999999999999986
 42
25.3999999999999986
 43
25.3999999999999986
 50
270.0
  0
INSERT
  5
211C
  8
_G01-IND-3GEN_DRILLS
  6
CONTINUOUS
  2
ROUND_241
 10
-12.0649999592119492
 20
-23.0885999592119298
 30
0.0
 41
-25.3999999999999986
 42
25.3999999999999986
 43
25.3999999999999986
 50
270.0
  0
INSERT
  5
211D
  8
_G01-IND-3GEN_DRILLS
  6
CONTINUOUS
  2
ROUND_241
 10
-14.6049999592119395
 20
-20.5485999592119803
 30
0.0
 41
-25.3999999999999986
 42
25.3999999999999986
 43
25.3999999999999986
 50
270.0
  0
INSERT
  5
211E
  8
_G01-IND-3GEN_DRILLS
  6
CONTINUOUS
  2
ROUND_241
 10
-14.6049999592119395
 20
-23.0885999592119298
 30
0.0
 41
-25.3999999999999986
 42
25.3999999999999986
 43
25.3999999999999986
 50
270.0
  0
INSERT
  5
211F
  8
_G01-IND-3GEN_DRILLS
  6
CONTINUOUS
  2
ROUND_241
 10
-17.1449999592119511
 20
-20.5485999592119803
 30
0.0
 41
-25.3999999999999986
 42
25.3999999999999986
 43
25.3999999999999986
 50
270.0
  0
INSERT
  5
2120
  8
_G01-IND-3GEN_DRILLS
  6
CONTINUOUS
  2
ROUND_241
 10
-17.1449999592119511
 20
-23.0885999592119298
 30
0.0
 41
-25.3999999999999986
 42
25.3999999999999986
 43
25.3999999999999986
 50
270.0
  0
INSERT
  5
2121
  8
_G01-IND-3GEN_DRILLS
  6
CONTINUOUS
  2
ROUND_241
 10
-19.6849999592119502
 20
-20.5485999592119803
 30
0.0
 41
-25.3999999999999986
 42
25.3999999999999986
 43
25.3999999999999986
 50
270.0
  0
INSERT
  5
2122
  8
_G01-IND-3GEN_DRILLS
  6
CONTINUOUS
  2
ROUND_241
 10
-19.6849999592119502
 20
-23.0885999592119298
 30
0.0
 41
-25.3999999999999986
 42
25.3999999999999986
 43
25.3999999999999986
 50
270.0
  0
INSERT
  5
2123
  8
_G01-IND-3GEN_DRILLS
  6
CONTINUOUS
  2
ROUND_241
 10
-22.2249999592119316
 20
-20.5485999592119803
 30
0.0
 41
-25.3999999999999986
 42
25.3999999999999986
 43
25.3999999999999986
 50
270.0
  0
INSERT
  5
2124
  8
_G01-IND-3GEN_DRILLS
  6
CONTINUOUS
  2
ROUND_241
 10
-22.2249999592119316
 20
-23.0885999592119298
 30
0.0
 41
-25.3999999999999986
 42
25.3999999999999986
 43
25.3999999999999986
 50
270.0
  0
INSERT
  5
2125
  8
_G01-IND-3GEN_DRILLS
  6
CONTINUOUS
  2
ROUND_241
 10
-24.7649999592119308
 20
-20.5485999592119803
 30
0.0
 41
-25.3999999999999986
 42
25.3999999999999986
 43
25.3999999999999986
 50
270.0
  0
INSERT
  5
2126
  8
_G01-IND-3GEN_DRILLS
  6
CONTINUOUS
  2
ROUND_241
 10
-24.7649999592119308
 20
-23.0885999592119298
 30
0.0
 41
-25.3999999999999986
 42
25.3999999999999986
 43
25.3999999999999986
 50
270.0
  0
INSERT
  5
2127
  8
_G01-IND-3GEN_DRILLS
  6
CONTINUOUS
  2
ROUND_241
 10
31.8770000407881113
 20
-202.4379999592119077
 30
0.0
 41
-25.3999999999999986
 42
25.3999999999999986
 43
25.3999999999999986
 50
270.0
  0
INSERT
  5
2128
  8
_G01-IND-3GEN_DRILLS
  6
CONTINUOUS
  2
ROUND_241
 10
36.9570000407880883
 20
-202.4379999592119077
 30
0.0
 41
-25.3999999999999986
 42
25.3999999999999986
 43
25.3999999999999986
 50
270.0
  0
INSERT
  5
2129
  8
_G01-IND-3GEN_DRILLS
  6
CONTINUOUS
  2
ROUND_139
 10
36.3982000407880832
 20
-195.3259999592119129
 30
0.0
 41
-25.3999999999999986
 42
25.3999999999999986
 43
25.3999999999999986
 50
270.0
  0
INSERT
  5
212A
  8
_G01-IND-3GEN_DRILLS
  6
CONTINUOUS
  2
ROUND_139
 10
38.9382000407880682
 20
-195.3259999592119129
 30
0.0
 41
-25.3999999999999986
 42
25.3999999999999986
 43
25.3999999999999986
 50
270.0
  0
INSERT
  5
212B
  8
_G01-IND-3GEN_DRILLS
  6
CONTINUOUS
  2
ROUND_139
 10
36.3982000407880832
 20
-192.7859999592118925
 30
0.0
 41
-25.3999999999999986
 42
25.3999999999999986
 43
25.3999999999999986
 50
270.0
  0
INSERT
  5
212C
  8
_G01-IND-3GEN_DRILLS
  6
CONTINUOUS
  2
ROUND_139
 10
38.9382000407880682
 20
-192.7859999592118925
 30
0.0
 41
-25.3999999999999986
 42
25.3999999999999986
 43
25.3999999999999986
 50
270.0
  0
INSERT
  5
212D
  8
_G01-IND-3GEN_DRILLS
  6
CONTINUOUS
  2
ROUND_139
 10
36.3982000407880832
 20
-190.2459999592119004
 30
0.0
 41
-25.3999999999999986
 42
25.3999999999999986
 43
25.3999999999999986
 50
270.0
  0
INSERT
  5
212E
  8
_G01-IND-3GEN_DRILLS
  6
CONTINUOUS
  2
ROUND_139
 10
38.9382000407880682
 20
-190.2459999592119004
 30
0.0
 41
-25.3999999999999986
 42
25.3999999999999986
 43
25.3999999999999986
 50
270.0
  0
INSERT
  5
212F
  8
_G01-IND-3GEN_DRILLS
  6
CONTINUOUS
  2
ROUND_139
 10
59.5630000407880473
 20
-143.7639999592119011
 30
0.0
 41
-25.3999999999999986
 42
25.3999999999999986
 43
25.3999999999999986
 50
270.0
  0
INSERT
  5
2130
  8
_G01-IND-3GEN_DRILLS
  6
CONTINUOUS
  2
ROUND_139
 10
59.5630000407880473
 20
-141.2239999592119091
 30
0.0
 41
-25.3999999999999986
 42
25.3999999999999986
 43
25.3999999999999986
 50
270.0
  0
INSERT
  5
2131
  8
_G01-IND-3GEN_DRILLS
  6
CONTINUOUS
  2
ROUND_139
 10
59.5630000407880473
 20
-120.9039999592119017
 30
0.0
 41
-25.3999999999999986
 42
25.3999999999999986
 43
25.3999999999999986
 50
270.0
  0
INSERT
  5
2132
  8
_G01-IND-3GEN_DRILLS
  6
CONTINUOUS
  2
ROUND_139
 10
59.5630000407880473
 20
-118.3639999592118954
 30
0.0
 41
-25.3999999999999986
 42
25.3999999999999986
 43
25.3999999999999986
 50
270.0
  0
INSERT
  5
2133
  8
_G01-IND-3GEN_DRILLS
  6
CONTINUOUS
  2
ROUND_139
 10
49.4030000407880934
 20
-110.7439999592119051
 30
0.0
 41
-25.3999999999999986
 42
25.3999999999999986
 43
25.3999999999999986
 50
270.0
  0
INSERT
  5
2134
  8
_G01-IND-3GEN_DRILLS
  6
CONTINUOUS
  2
ROUND_139
 10
49.4030000407880934
 20
-113.2839999592118971
 30
0.0
 41
-25.3999999999999986
 42
25.3999999999999986
 43
25.3999999999999986
 50
270.0
  0
INSERT
  5
2135
  8
_G01-IND-3GEN_DRILLS
  6
CONTINUOUS
  2
ROUND_139
 10
49.4030000407880934
 20
-118.3639999592118954
 30
0.0
 41
-25.3999999999999986
 42
25.3999999999999986
 43
25.3999999999999986
 50
270.0
  0
INSERT
  5
2136
  8
_G01-IND-3GEN_DRILLS
  6
CONTINUOUS
  2
ROUND_139
 10
49.4030000407880934
 20
-120.9039999592119017
 30
0.0
 41
-25.3999999999999986
 42
25.3999999999999986
 43
25.3999999999999986
 50
270.0
  0
INSERT
  5
2137
  8
_G01-IND-3GEN_DRILLS
  6
CONTINUOUS
  2
ROUND_139
 10
49.4030000407880934
 20
-125.9839999592119
 30
0.0
 41
-25.3999999999999986
 42
25.3999999999999986
 43
25.3999999999999986
 50
270.0
  0
INSERT
  5
2138
  8
_G01-IND-3GEN_DRILLS
  6
CONTINUOUS
  2
ROUND_139
 10
49.4030000407880934
 20
-128.523999959211892
 30
0.0
 41
-25.3999999999999986
 42
25.3999999999999986
 43
25.3999999999999986
 50
270.0
  0
INSERT
  5
2139
  8
_G01-IND-3GEN_DRILLS
  6
CONTINUOUS
  2
ROUND_139
 10
49.4030000407880934
 20
-133.6039999592119045
 30
0.0
 41
-25.3999999999999986
 42
25.3999999999999986
 43
25.3999999999999986
 50
270.0
  0
INSERT
  5
213A
  8
_G01-IND-3GEN_DRILLS
  6
CONTINUOUS
  2
ROUND_139
 10
49.4030000407880934
 20
-136.1439999592118966
 30
0.0
 41
-25.3999999999999986
 42
25.3999999999999986
 43
25.3999999999999986
 50
270.0
  0
INSERT
  5
213B
  8
_G01-IND-3GEN_DRILLS
  6
CONTINUOUS
  2
ROUND_139
 10
49.4030000407880934
 20
-141.2239999592119091
 30
0.0
 41
-25.3999999999999986
 42
25.3999999999999986
 43
25.3999999999999986
 50
270.0
  0
INSERT
  5
213C
  8
_G01-IND-3GEN_DRILLS
  6
CONTINUOUS
  2
ROUND_139
 10
49.4030000407880934
 20
-143.7639999592119011
 30
0.0
 41
-25.3999999999999986
 42
25.3999999999999986
 43
25.3999999999999986
 50
270.0
  0
INSERT
  5
213D
  8
_G01-IND-3GEN_DRILLS
  6
CONTINUOUS
  2
ROUND_139
 10
49.4030000407880934
 20
-148.8439999592119136
 30
0.0
 41
-25.3999999999999986
 42
25.3999999999999986
 43
25.3999999999999986
 50
270.0
  0
INSERT
  5
213E
  8
_G01-IND-3GEN_DRILLS
  6
CONTINUOUS
  2
ROUND_139
 10
49.4030000407880934
 20
-151.3839999592119057
 30
0.0
 41
-25.3999999999999986
 42
25.3999999999999986
 43
25.3999999999999986
 50
270.0
  0
INSERT
  5
213F
  8
_G01-IND-3GEN_DRILLS
  6
CONTINUOUS
  2
ROUND_139
 10
59.5630000407880473
 20
-80.1369999592118916
 30
0.0
 41
-25.3999999999999986
 42
25.3999999999999986
 43
25.3999999999999986
 50
270.0
  0
INSERT
  5
2140
  8
_G01-IND-3GEN_DRILLS
  6
CONTINUOUS
  2
ROUND_139
 10
59.5630000407880473
 20
-77.5969999592119422
 30
0.0
 41
-25.3999999999999986
 42
25.3999999999999986
 43
25.3999999999999986
 50
270.0
  0
INSERT
  5
2141
  8
_G01-IND-3GEN_DRILLS
  6
CONTINUOUS
  2
ROUND_139
 10
59.5630000407880473
 20
-57.2769999592119206
 30
0.0
 41
-25.3999999999999986
 42
25.3999999999999986
 43
25.3999999999999986
 50
270.0
  0
INSERT
  5
2142
  8
_G01-IND-3GEN_DRILLS
  6
CONTINUOUS
  2
ROUND_139
 10
59.5630000407880473
 20
-54.736999959211893
 30
0.0
 41
-25.3999999999999986
 42
25.3999999999999986
 43
25.3999999999999986
 50
270.0
  0
INSERT
  5
2143
  8
_G01-IND-3GEN_DRILLS
  6
CONTINUOUS
  2
ROUND_139
 10
49.4030000407880365
 20
-47.1169999592119595
 30
0.0
 41
-25.3999999999999986
 42
25.3999999999999986
 43
25.3999999999999986
 50
270.0
  0
INSERT
  5
2144
  8
_G01-IND-3GEN_DRILLS
  6
CONTINUOUS
  2
ROUND_139
 10
49.4030000407880365
 20
-49.6569999592120013
 30
0.0
 41
-25.3999999999999986
 42
25.3999999999999986
 43
25.3999999999999986
 50
270.0
  0
INSERT
  5
2145
  8
_G01-IND-3GEN_DRILLS
  6
CONTINUOUS
  2
ROUND_139
 10
49.4030000407880365
 20
-54.736999959211893
 30
0.0
 41
-25.3999999999999986
 42
25.3999999999999986
 43
25.3999999999999986
 50
270.0
  0
INSERT
  5
2146
  8
_G01-IND-3GEN_DRILLS
  6
CONTINUOUS
  2
ROUND_139
 10
49.4030000407880365
 20
-57.2769999592119206
 30
0.0
 41
-25.3999999999999986
 42
25.3999999999999986
 43
25.3999999999999986
 50
270.0
  0
INSERT
  5
2147
  8
_G01-IND-3GEN_DRILLS
  6
CONTINUOUS
  2
ROUND_139
 10
49.4030000407880365
 20
-62.356999959211997
 30
0.0
 41
-25.3999999999999986
 42
25.3999999999999986
 43
25.3999999999999986
 50
270.0
  0
INSERT
  5
2148
  8
_G01-IND-3GEN_DRILLS
  6
CONTINUOUS
  2
ROUND_139
 10
49.4030000407880365
 20
-64.8969999592119535
 30
0.0
 41
-25.3999999999999986
 42
25.3999999999999986
 43
25.3999999999999986
 50
270.0
  0
INSERT
  5
2149
  8
_G01-IND-3GEN_DRILLS
  6
CONTINUOUS
  2
ROUND_139
 10
49.4030000407880365
 20
-69.9769999592119234
 30
0.0
 41
-25.3999999999999986
 42
25.3999999999999986
 43
25.3999999999999986
 50
270.0
  0
INSERT
  5
214A
  8
_G01-IND-3GEN_DRILLS
  6
CONTINUOUS
  2
ROUND_139
 10
49.4030000407880365
 20
-72.5169999592119723
 30
0.0
 41
-25.3999999999999986
 42
25.3999999999999986
 43
25.3999999999999986
 50
270.0
  0
INSERT
  5
214B
  8
_G01-IND-3GEN_DRILLS
  6
CONTINUOUS
  2
ROUND_139
 10
49.4030000407880365
 20
-77.5969999592119422
 30
0.0
 41
-25.3999999999999986
 42
25.3999999999999986
 43
25.3999999999999986
 50
270.0
  0
INSERT
  5
214C
  8
_G01-IND-3GEN_DRILLS
  6
CONTINUOUS
  2
ROUND_139
 10
49.4030000407880365
 20
-80.1369999592118916
 30
0.0
 41
-25.3999999999999986
 42
25.3999999999999986
 43
25.3999999999999986
 50
270.0
  0
INSERT
  5
214D
  8
_G01-IND-3GEN_DRILLS
  6
CONTINUOUS
  2
ROUND_139
 10
49.4030000407880365
 20
-85.2169999592119609
 30
0.0
 41
-25.3999999999999986
 42
25.3999999999999986
 43
25.3999999999999986
 50
270.0
  0
INSERT
  5
214E
  8
_G01-IND-3GEN_DRILLS
  6
CONTINUOUS
  2
ROUND_139
 10
49.4030000407880365
 20
-87.7569999592119956
 30
0.0
 41
-25.3999999999999986
 42
25.3999999999999986
 43
25.3999999999999986
 50
270.0
  0
INSERT
  5
214F
  8
_G01-IND-3GEN_DRILLS
  6
CONTINUOUS
  2
ROUND_139
 10
65.2780000407880436
 20
-43.814999959211903
 30
0.0
 41
-25.3999999999999986
 42
25.3999999999999986
 43
25.3999999999999986
 50
270.0
  0
INSERT
  5
2150
  8
_G01-IND-3GEN_DRILLS
  6
CONTINUOUS
  2
ROUND_139
 10
77.9780000407880465
 20
-43.814999959211903
 30
0.0
 41
-25.3999999999999986
 42
25.3999999999999986
 43
25.3999999999999986
 50
270.0
  0
INSERT
  5
2151
  8
_G01-IND-3GEN_DRILLS
  6
CONTINUOUS
  2
ROUND_139
 10
5.1308000407880829
 20
-141.1731999592118996
 30
0.0
 41
-25.3999999999999986
 42
25.3999999999999986
 43
25.3999999999999986
 50
270.0
  0
INSERT
  5
2152
  8
_G01-IND-3GEN_DRILLS
  6
CONTINUOUS
  2
ROUND_139
 10
7.6708000407880741
 20
-141.1731999592118996
 30
0.0
 41
-25.3999999999999986
 42
25.3999999999999986
 43
25.3999999999999986
 50
270.0
  0
INSERT
  5
2153
  8
_G01-IND-3GEN_DRILLS
  6
CONTINUOUS
  2
ROUND_139
 10
5.1308000407880829
 20
-138.6331999592119075
 30
0.0
 41
-25.3999999999999986
 42
25.3999999999999986
 43
25.3999999999999986
 50
270.0
  0
INSERT
  5
2154
  8
_G01-IND-3GEN_DRILLS
  6
CONTINUOUS
  2
ROUND_139
 10
7.6708000407880741
 20
-138.6331999592119075
 30
0.0
 41
-25.3999999999999986
 42
25.3999999999999986
 43
25.3999999999999986
 50
270.0
  0
INSERT
  5
2155
  8
_G01-IND-3GEN_DRILLS
  6
CONTINUOUS
  2
ROUND_139
 10
5.1308000407880829
 20
-136.0931999592120007
 30
0.0
 41
-25.3999999999999986
 42
25.3999999999999986
 43
25.3999999999999986
 50
270.0
  0
INSERT
  5
2156
  8
_G01-IND-3GEN_DRILLS
  6
CONTINUOUS
  2
ROUND_139
 10
7.6708000407880741
 20
-136.0931999592120007
 30
0.0
 41
-25.3999999999999986
 42
25.3999999999999986
 43
25.3999999999999986
 50
270.0
  0
INSERT
  5
2157
  8
_G01-IND-3GEN_DRILLS
  6
CONTINUOUS
  2
ROUND_139
 10
5.1308000407880829
 20
-133.553199959211895
 30
0.0
 41
-25.3999999999999986
 42
25.3999999999999986
 43
25.3999999999999986
 50
270.0
  0
INSERT
  5
2158
  8
_G01-IND-3GEN_DRILLS
  6
CONTINUOUS
  2
ROUND_139
 10
7.6708000407880741
 20
-133.553199959211895
 30
0.0
 41
-25.3999999999999986
 42
25.3999999999999986
 43
25.3999999999999986
 50
270.0
  0
INSERT
  5
2159
  8
_G01-IND-3GEN_DRILLS
  6
CONTINUOUS
  2
ROUND_139
 10
5.1308000407880829
 20
-131.0131999592119882
 30
0.0
 41
-25.3999999999999986
 42
25.3999999999999986
 43
25.3999999999999986
 50
270.0
  0
INSERT
  5
215A
  8
_G01-IND-3GEN_DRILLS
  6
CONTINUOUS
  2
ROUND_139
 10
7.6708000407880741
 20
-131.0131999592119882
 30
0.0
 41
-25.3999999999999986
 42
25.3999999999999986
 43
25.3999999999999986
 50
270.0
  0
INSERT
  5
215B
  8
_G01-IND-3GEN_DRILLS
  6
CONTINUOUS
  2
ROUND_139
 10
5.1308000407880829
 20
-128.4731999592119109
 30
0.0
 41
-25.3999999999999986
 42
25.3999999999999986
 43
25.3999999999999986
 50
270.0
  0
INSERT
  5
215C
  8
_G01-IND-3GEN_DRILLS
  6
CONTINUOUS
  2
ROUND_139
 10
7.6708000407880741
 20
-128.4731999592119109
 30
0.0
 41
-25.3999999999999986
 42
25.3999999999999986
 43
25.3999999999999986
 50
270.0
  0
INSERT
  5
215D
  8
_G01-IND-3GEN_DRILLS
  6
CONTINUOUS
  2
ROUND_139
 10
5.1308000407880829
 20
-125.9331999592119047
 30
0.0
 41
-25.3999999999999986
 42
25.3999999999999986
 43
25.3999999999999986
 50
270.0
  0
INSERT
  5
215E
  8
_G01-IND-3GEN_DRILLS
  6
CONTINUOUS
  2
ROUND_139
 10
7.6708000407880741
 20
-125.9331999592119047
 30
0.0
 41
-25.3999999999999986
 42
25.3999999999999986
 43
25.3999999999999986
 50
270.0
  0
INSERT
  5
215F
  8
_G01-IND-3GEN_DRILLS
  6
CONTINUOUS
  2
ROUND_139
 10
5.1308000407880829
 20
-123.3931999592118984
 30
0.0
 41
-25.3999999999999986
 42
25.3999999999999986
 43
25.3999999999999986
 50
270.0
  0
INSERT
  5
2160
  8
_G01-IND-3GEN_DRILLS
  6
CONTINUOUS
  2
ROUND_139
 10
7.6708000407880741
 20
-123.3931999592118984
 30
0.0
 41
-25.3999999999999986
 42
25.3999999999999986
 43
25.3999999999999986
 50
270.0
  0
INSERT
  5
2161
  8
_G01-IND-3GEN_DRILLS
  6
CONTINUOUS
  2
ROUND_139
 10
5.1308000407880829
 20
-120.8531999592119064
 30
0.0
 41
-25.3999999999999986
 42
25.3999999999999986
 43
25.3999999999999986
 50
270.0
  0
INSERT
  5
2162
  8
_G01-IND-3GEN_DRILLS
  6
CONTINUOUS
  2
ROUND_139
 10
7.6708000407880741
 20
-120.8531999592119064
 30
0.0
 41
-25.3999999999999986
 42
25.3999999999999986
 43
25.3999999999999986
 50
270.0
  0
INSERT
  5
2163
  8
_G01-IND-3GEN_DRILLS
  6
CONTINUOUS
  2
ROUND_139
 10
5.1308000407880829
 20
-118.3131999592119996
 30
0.0
 41
-25.3999999999999986
 42
25.3999999999999986
 43
25.3999999999999986
 50
270.0
  0
INSERT
  5
2164
  8
_G01-IND-3GEN_DRILLS
  6
CONTINUOUS
  2
ROUND_139
 10
7.6708000407880741
 20
-118.3131999592119996
 30
0.0
 41
-25.3999999999999986
 42
25.3999999999999986
 43
25.3999999999999986
 50
270.0
  0
INSERT
  5
2165
  8
_G01-IND-3GEN_DRILLS
  6
CONTINUOUS
  2
ROUND_139
 10
5.1308000407880829
 20
-115.7731999592118939
 30
0.0
 41
-25.3999999999999986
 42
25.3999999999999986
 43
25.3999999999999986
 50
270.0
  0
INSERT
  5
2166
  8
_G01-IND-3GEN_DRILLS
  6
CONTINUOUS
  2
ROUND_139
 10
7.6708000407880741
 20
-115.7731999592118939
 30
0.0
 41
-25.3999999999999986
 42
25.3999999999999986
 43
25.3999999999999986
 50
270.0
  0
INSERT
  5
2167
  8
_G01-IND-3GEN_DRILLS
  6
CONTINUOUS
  2
ROUND_139
 10
5.1308000407880829
 20
-113.2331999592119018
 30
0.0
 41
-25.3999999999999986
 42
25.3999999999999986
 43
25.3999999999999986
 50
270.0
  0
INSERT
  5
2168
  8
_G01-IND-3GEN_DRILLS
  6
CONTINUOUS
  2
ROUND_139
 10
7.6708000407880741
 20
-113.2331999592119018
 30
0.0
 41
-25.3999999999999986
 42
25.3999999999999986
 43
25.3999999999999986
 50
270.0
  0
INSERT
  5
2169
  8
_G01-IND-3GEN_DRILLS
  6
CONTINUOUS
  2
ROUND_239
 10
-20.4469999592119009
 20
-50.5459999592119189
 30
0.0
 41
-25.3999999999999986
 42
25.3999999999999986
 43
25.3999999999999986
 50
270.0
  0
INSERT
  5
216A
  8
_G01-IND-3GEN_DRILLS
  6
CONTINUOUS
  2
ROUND_239
 10
-20.4469999592119009
 20
-73.4059999592119681
 30
0.0
 41
-25.3999999999999986
 42
25.3999999999999986
 43
25.3999999999999986
 50
270.0
  0
INSERT
  5
216B
  8
_G01-IND-3GEN_DRILLS
  6
CONTINUOUS
  2
ROUND_239
 10
-4.9529999592119207
 20
-73.4059999592119681
 30
0.0
 41
-25.3999999999999986
 42
25.3999999999999986
 43
25.3999999999999986
 50
270.0
  0
INSERT
  5
216C
  8
_G01-IND-3GEN_DRILLS
  6
CONTINUOUS
  2
ROUND_239
 10
-4.9529999592119207
 20
-50.5459999592119189
 30
0.0
 41
-25.3999999999999986
 42
25.3999999999999986
 43
25.3999999999999986
 50
270.0
  0
INSERT
  5
216D
  8
_G01-IND-3GEN_DRILLS
  6
CONTINUOUS
  2
ROUND_245
 10
59.56300004078809
 20
-157.8609999592119095
 30
0.0
 41
-25.3999999999999986
 42
25.3999999999999986
 43
25.3999999999999986
 50
270.0
  0
INSERT
  5
216E
  8
_G01-IND-3GEN_DRILLS
  6
CONTINUOUS
  2
ROUND_245
 10
49.4030000407880934
 20
-157.8609999592119095
 30
0.0
 41
-25.3999999999999986
 42
25.3999999999999986
 43
25.3999999999999986
 50
270.0
  0
INSERT
  5
216F
  8
_G01-IND-3GEN_DRILLS
  6
CONTINUOUS
  2
ROUND_245
 10
59.5630000407880473
 20
-104.2669999592119012
 30
0.0
 41
-25.3999999999999986
 42
25.3999999999999986
 43
25.3999999999999986
 50
270.0
  0
INSERT
  5
2170
  8
_G01-IND-3GEN_DRILLS
  6
CONTINUOUS
  2
ROUND_245
 10
49.4030000407880934
 20
-104.2669999592119012
 30
0.0
 41
-25.3999999999999986
 42
25.3999999999999986
 43
25.3999999999999986
 50
270.0
  0
INSERT
  5
2171
  8
_G01-IND-3GEN_DRILLS
  6
CONTINUOUS
  2
ROUND_245
 10
49.5300000407880603
 20
-41.2749999592119607
 30
0.0
 41
-25.3999999999999986
 42
25.3999999999999986
 43
25.3999999999999986
 50
270.0
  0
INSERT
  5
2172
  8
_G01-IND-3GEN_DRILLS
  6
CONTINUOUS
  2
ROUND_245
 10
59.6900000407880711
 20
-41.2749999592119607
 30
0.0
 41
-25.3999999999999986
 42
25.3999999999999986
 43
25.3999999999999986
 50
270.0
  0
INSERT
  5
2173
  8
_G01-IND-3GEN_DRILLS
  6
CONTINUOUS
  2
ROUND_245
 10
49.4030000407880365
 20
-93.8529999592119566
 30
0.0
 41
-25.3999999999999986
 42
25.3999999999999986
 43
25.3999999999999986
 50
270.0
  0
INSERT
  5
2174
  8
_G01-IND-3GEN_DRILLS
  6
CONTINUOUS
  2
ROUND_245
 10
59.5630000407880473
 20
-93.8529999592119566
 30
0.0
 41
-25.3999999999999986
 42
25.3999999999999986
 43
25.3999999999999986
 50
270.0
  0
INSERT
  5
2175
  8
_G01-IND-3GEN_DRILLS
  6
CONTINUOUS
  2
ROUND_8
 10
24.4856000407880998
 20
-205.8161999592119003
 30
0.0
 41
-25.3999999999999986
 42
25.3999999999999986
 43
25.3999999999999986
 50
270.0
  0
INSERT
  5
2176
  8
_G01-IND-3GEN_DRILLS
  6
CONTINUOUS
  2
ROUND_8
 10
24.4856000407880998
 20
-203.2761999592119935
 30
0.0
 41
-25.3999999999999986
 42
25.3999999999999986
 43
25.3999999999999986
 50
270.0
  0
INSERT
  5
2177
  8
_G01-IND-3GEN_DRILLS
  6
CONTINUOUS
  2
ROUND_8
 10
24.4856000407880998
 20
-200.7361999592118877
 30
0.0
 41
-25.3999999999999986
 42
25.3999999999999986
 43
25.3999999999999986
 50
270.0
  0
INSERT
  5
2178
  8
_G01-IND-3GEN_DRILLS
  6
CONTINUOUS
  2
ROUND_8
 10
81.5340000407880581
 20
-205.7399999592119002
 30
0.0
 41
-25.3999999999999986
 42
25.3999999999999986
 43
25.3999999999999986
 50
270.0
  0
INSERT
  5
2179
  8
_G01-IND-3GEN_DRILLS
  6
CONTINUOUS
  2
ROUND_8
 10
89.0270000407880957
 20
-205.7399999592119002
 30
0.0
 41
-25.3999999999999986
 42
25.3999999999999986
 43
25.3999999999999986
 50
270.0
  0
INSERT
  5
217A
  8
_G01-IND-3GEN_DRILLS
  6
CONTINUOUS
  2
ROUND_118
 10
98.6790000407880257
 20
-131.1909999592118936
 30
0.0
 41
-25.3999999999999986
 42
25.3999999999999986
 43
25.3999999999999986
 50
270.0
  0
INSERT
  5
217B
  8
_G01-IND-3GEN_DRILLS
  6
CONTINUOUS
  2
ROUND_118
 10
70.7390000407880848
 20
-131.1909999592118936
 30
0.0
 41
-25.3999999999999986
 42
25.3999999999999986
 43
25.3999999999999986
 50
270.0
  0
INSERT
  5
217C
  8
_G01-IND-3GEN_DRILLS
  6
CONTINUOUS
  2
ROUND_118
 10
98.9330000407880732
 20
-103.7589999592119057
 30
0.0
 41
-25.3999999999999986
 42
25.3999999999999986
 43
25.3999999999999986
 50
270.0
  0
INSERT
  5
217D
  8
_G01-IND-3GEN_DRILLS
  6
CONTINUOUS
  2
ROUND_118
 10
70.9930000407880755
 20
-103.7589999592119057
 30
0.0
 41
-25.3999999999999986
 42
25.3999999999999986
 43
25.3999999999999986
 50
270.0
  0
INSERT
  5
217E
  8
_G01-IND-3GEN_DRILLS
  6
CONTINUOUS
  2
ROUND_118
 10
98.9330000407880732
 20
-89.9159999592119306
 30
0.0
 41
-25.3999999999999986
 42
25.3999999999999986
 43
25.3999999999999986
 50
270.0
  0
INSERT
  5
217F
  8
_G01-IND-3GEN_DRILLS
  6
CONTINUOUS
  2
ROUND_118
 10
70.9930000407880755
 20
-89.9159999592119306
 30
0.0
 41
-25.3999999999999986
 42
25.3999999999999986
 43
25.3999999999999986
 50
270.0
  0
INSERT
  5
2180
  8
_G01-IND-3GEN_DRILLS
  6
CONTINUOUS
  2
ROUND_118
 10
98.9330000407880732
 20
-75.9459999592119175
 30
0.0
 41
-25.3999999999999986
 42
25.3999999999999986
 43
25.3999999999999986
 50
270.0
  0
INSERT
  5
2181
  8
_G01-IND-3GEN_DRILLS
  6
CONTINUOUS
  2
ROUND_118
 10
70.9930000407880755
 20
-75.9459999592119175
 30
0.0
 41
-25.3999999999999986
 42
25.3999999999999986
 43
25.3999999999999986
 50
270.0
  0
INSERT
  5
2182
  8
_G01-IND-3GEN_DRILLS
  6
CONTINUOUS
  2
ROUND_118
 10
98.6790000407880257
 20
-117.601999959211895
 30
0.0
 41
-25.3999999999999986
 42
25.3999999999999986
 43
25.3999999999999986
 50
270.0
  0
INSERT
  5
2183
  8
_G01-IND-3GEN_DRILLS
  6
CONTINUOUS
  2
ROUND_118
 10
70.7390000407880848
 20
-117.601999959211895
 30
0.0
 41
-25.3999999999999986
 42
25.3999999999999986
 43
25.3999999999999986
 50
270.0
  0
INSERT
  5
2184
  8
_G01-IND-3GEN_DRILLS
  6
CONTINUOUS
  2
ROUND_118
 10
68.961000040788079
 20
-140.3349999592118991
 30
0.0
 41
-25.3999999999999986
 42
25.3999999999999986
 43
25.3999999999999986
 50
270.0
  0
INSERT
  5
2185
  8
_G01-IND-3GEN_DRILLS
  6
CONTINUOUS
  2
ROUND_118
 10
73.964800040788063
 20
-140.3349999592118991
 30
0.0
 41
-25.3999999999999986
 42
25.3999999999999986
 43
25.3999999999999986
 50
270.0
  0
INSERT
  5
2186
  8
_G01-IND-3GEN_DRILLS
  6
CONTINUOUS
  2
ROUND_118
 10
78.9686000407880755
 20
-140.3349999592118991
 30
0.0
 41
-25.3999999999999986
 42
25.3999999999999986
 43
25.3999999999999986
 50
270.0
  0
INSERT
  5
2187
  8
_G01-IND-3GEN_DRILLS
  6
CONTINUOUS
  2
ROUND_118
 10
83.9724000407880169
 20
-140.3349999592118991
 30
0.0
 41
-25.3999999999999986
 42
25.3999999999999986
 43
25.3999999999999986
 50
270.0
  0
INSERT
  5
2188
  8
_G01-IND-3GEN_DRILLS
  6
CONTINUOUS
  2
ROUND_118
 10
88.9762000407879867
 20
-140.3349999592118991
 30
0.0
 41
-25.3999999999999986
 42
25.3999999999999986
 43
25.3999999999999986
 50
270.0
  0
INSERT
  5
2189
  8
_G01-IND-3GEN_DRILLS
  6
CONTINUOUS
  2
ROUND_118
 10
88.9762000407880436
 20
-155.5749999592119082
 30
0.0
 41
-25.3999999999999986
 42
25.3999999999999986
 43
25.3999999999999986
 50
270.0
  0
INSERT
  5
218A
  8
_G01-IND-3GEN_DRILLS
  6
CONTINUOUS
  2
ROUND_118
 10
83.9724000407880595
 20
-155.5749999592119082
 30
0.0
 41
-25.3999999999999986
 42
25.3999999999999986
 43
25.3999999999999986
 50
270.0
  0
INSERT
  5
218B
  8
_G01-IND-3GEN_DRILLS
  6
CONTINUOUS
  2
ROUND_118
 10
78.9686000407880755
 20
-155.5749999592119082
 30
0.0
 41
-25.3999999999999986
 42
25.3999999999999986
 43
25.3999999999999986
 50
270.0
  0
INSERT
  5
218C
  8
_G01-IND-3GEN_DRILLS
  6
CONTINUOUS
  2
ROUND_118
 10
73.9648000407881057
 20
-155.5749999592119082
 30
0.0
 41
-25.3999999999999986
 42
25.3999999999999986
 43
25.3999999999999986
 50
270.0
  0
INSERT
  5
218D
  8
_G01-IND-3GEN_DRILLS
  6
CONTINUOUS
  2
ROUND_118
 10
68.961000040788079
 20
-155.5749999592119082
 30
0.0
 41
-25.3999999999999986
 42
25.3999999999999986
 43
25.3999999999999986
 50
270.0
  0
INSERT
  5
218E
  8
_G01-IND-3GEN_DRILLS
  6
CONTINUOUS
  2
ROUND_147
 10
64.2620000407881093
 20
-170.5609999592118982
 30
0.0
 41
-25.3999999999999986
 42
25.3999999999999986
 43
25.3999999999999986
 50
270.0
  0
INSERT
  5
218F
  8
_G01-IND-3GEN_DRILLS
  6
CONTINUOUS
  2
ROUND_147
 10
36.0680000407880783
 20
-170.5609999592118982
 30
0.0
 41
-25.3999999999999986
 42
25.3999999999999986
 43
25.3999999999999986
 50
270.0
  0
INSERT
  5
2190
  8
_G01-IND-3GEN_DRILLS
  6
CONTINUOUS
  2
ROUND_244
 10
78.1050000407881129
 20
-165.7349999592119048
 30
0.0
 41
-25.3999999999999986
 42
25.3999999999999986
 43
25.3999999999999986
 50
270.0
  0
INSERT
  5
2191
  8
_G01-IND-3GEN_DRILLS
  6
CONTINUOUS
  2
ROUND_244
 10
83.1850000407880827
 20
-165.7349999592119048
 30
0.0
 41
-25.3999999999999986
 42
25.3999999999999986
 43
25.3999999999999986
 50
270.0
  0
INSERT
  5
2192
  8
_G01-IND-3GEN_DRILLS
  6
CONTINUOUS
  2
ROUND_244
 10
88.2650000407880668
 20
-165.7349999592119048
 30
0.0
 41
-25.3999999999999986
 42
25.3999999999999986
 43
25.3999999999999986
 50
270.0
  0
INSERT
  5
2193
  8
_G01-IND-3GEN_DRILLS
  6
CONTINUOUS
  2
ROUND_244
 10
98.425000040788035
 20
-165.7349999592119048
 30
0.0
 41
-25.3999999999999986
 42
25.3999999999999986
 43
25.3999999999999986
 50
270.0
  0
INSERT
  5
2194
  8
_G01-IND-3GEN_DRILLS
  6
CONTINUOUS
  2
ROUND_244
 10
103.5050000407880049
 20
-165.7349999592119048
 30
0.0
 41
-25.3999999999999986
 42
25.3999999999999986
 43
25.3999999999999986
 50
270.0
  0
INSERT
  5
2195
  8
_G01-IND-3GEN_DRILLS
  6
CONTINUOUS
  2
ROUND_244
 10
108.5850000407880032
 20
-165.7349999592119048
 30
0.0
 41
-25.3999999999999986
 42
25.3999999999999986
 43
25.3999999999999986
 50
270.0
  0
INSERT
  5
2196
  8
_G01-IND-3GEN_DRILLS
  6
CONTINUOUS
  2
ROUND_244
 10
108.5850000407881026
 20
-191.1349999592119104
 30
0.0
 41
-25.3999999999999986
 42
25.3999999999999986
 43
25.3999999999999986
 50
270.0
  0
INSERT
  5
2197
  8
_G01-IND-3GEN_DRILLS
  6
CONTINUOUS
  2
ROUND_244
 10
103.5050000407881043
 20
-191.1349999592119104
 30
0.0
 41
-25.3999999999999986
 42
25.3999999999999986
 43
25.3999999999999986
 50
270.0
  0
INSERT
  5
2198
  8
_G01-IND-3GEN_DRILLS
  6
CONTINUOUS
  2
ROUND_244
 10
98.425000040788035
 20
-191.1349999592119104
 30
0.0
 41
-25.3999999999999986
 42
25.3999999999999986
 43
25.3999999999999986
 50
270.0
  0
INSERT
  5
2199
  8
_G01-IND-3GEN_DRILLS
  6
CONTINUOUS
  2
ROUND_244
 10
93.3450000407880509
 20
-191.1349999592119104
 30
0.0
 41
-25.3999999999999986
 42
25.3999999999999986
 43
25.3999999999999986
 50
270.0
  0
INSERT
  5
219A
  8
_G01-IND-3GEN_DRILLS
  6
CONTINUOUS
  2
ROUND_244
 10
88.2650000407880668
 20
-191.1349999592119104
 30
0.0
 41
-25.3999999999999986
 42
25.3999999999999986
 43
25.3999999999999986
 50
270.0
  0
INSERT
  5
219B
  8
_G01-IND-3GEN_DRILLS
  6
CONTINUOUS
  2
ROUND_244
 10
83.1850000407880827
 20
-191.1349999592119104
 30
0.0
 41
-25.3999999999999986
 42
25.3999999999999986
 43
25.3999999999999986
 50
270.0
  0
INSERT
  5
219C
  8
_G01-IND-3GEN_DRILLS
  6
CONTINUOUS
  2
ROUND_244
 10
78.1050000407881129
 20
-191.1349999592119104
 30
0.0
 41
-25.3999999999999986
 42
25.3999999999999986
 43
25.3999999999999986
 50
270.0
  0
INSERT
  5
219D
  8
_G01-IND-3GEN_DRILLS
  6
CONTINUOUS
  2
ROUND_244
 10
73.1520000407880957
 20
-206.7305999592119008
 30
0.0
 41
-25.3999999999999986
 42
25.3999999999999986
 43
25.3999999999999986
 50
270.0
  0
INSERT
  5
219E
  8
_G01-IND-3GEN_DRILLS
  6
CONTINUOUS
  2
ROUND_244
 10
68.072000040788069
 20
-206.7305999592119008
 30
0.0
 41
-25.3999999999999986
 42
25.3999999999999986
 43
25.3999999999999986
 50
270.0
  0
INSERT
  5
219F
  8
_G01-IND-3GEN_DRILLS
  6
CONTINUOUS
  2
ROUND_244
 10
62.992000040788092
 20
-206.7305999592119008
 30
0.0
 41
-25.3999999999999986
 42
25.3999999999999986
 43
25.3999999999999986
 50
270.0
  0
INSERT
  5
21A0
  8
_G01-IND-3GEN_DRILLS
  6
CONTINUOUS
  2
ROUND_244
 10
52.8320000407880812
 20
-206.7305999592119008
 30
0.0
 41
-25.3999999999999986
 42
25.3999999999999986
 43
25.3999999999999986
 50
270.0
  0
INSERT
  5
21A1
  8
_G01-IND-3GEN_DRILLS
  6
CONTINUOUS
  2
ROUND_244
 10
47.7520000407880971
 20
-206.7305999592119008
 30
0.0
 41
-25.3999999999999986
 42
25.3999999999999986
 43
25.3999999999999986
 50
270.0
  0
INSERT
  5
21A2
  8
_G01-IND-3GEN_DRILLS
  6
CONTINUOUS
  2
ROUND_244
 10
42.6720000407880775
 20
-206.7305999592119008
 30
0.0
 41
-25.3999999999999986
 42
25.3999999999999986
 43
25.3999999999999986
 50
270.0
  0
INSERT
  5
21A3
  8
_G01-IND-3GEN_DRILLS
  6
CONTINUOUS
  2
ROUND_244
 10
42.6720000407880775
 20
-181.3305999592118951
 30
0.0
 41
-25.3999999999999986
 42
25.3999999999999986
 43
25.3999999999999986
 50
270.0
  0
INSERT
  5
21A4
  8
_G01-IND-3GEN_DRILLS
  6
CONTINUOUS
  2
ROUND_244
 10
47.7520000407880971
 20
-181.3305999592118951
 30
0.0
 41
-25.3999999999999986
 42
25.3999999999999986
 43
25.3999999999999986
 50
270.0
  0
INSERT
  5
21A5
  8
_G01-IND-3GEN_DRILLS
  6
CONTINUOUS
  2
ROUND_244
 10
52.8320000407880812
 20
-181.3305999592118951
 30
0.0
 41
-25.3999999999999986
 42
25.3999999999999986
 43
25.3999999999999986
 50
270.0
  0
INSERT
  5
21A6
  8
_G01-IND-3GEN_DRILLS
  6
CONTINUOUS
  2
ROUND_244
 10
57.9120000407881008
 20
-181.3305999592118951
 30
0.0
 41
-25.3999999999999986
 42
25.3999999999999986
 43
25.3999999999999986
 50
270.0
  0
INSERT
  5
21A7
  8
_G01-IND-3GEN_DRILLS
  6
CONTINUOUS
  2
ROUND_244
 10
62.992000040788092
 20
-181.3305999592118951
 30
0.0
 41
-25.3999999999999986
 42
25.3999999999999986
 43
25.3999999999999986
 50
270.0
  0
INSERT
  5
21A8
  8
_G01-IND-3GEN_DRILLS
  6
CONTINUOUS
  2
ROUND_244
 10
68.072000040788069
 20
-181.3305999592118951
 30
0.0
 41
-25.3999999999999986
 42
25.3999999999999986
 43
25.3999999999999986
 50
270.0
  0
INSERT
  5
21A9
  8
_G01-IND-3GEN_DRILLS
  6
CONTINUOUS
  2
ROUND_244
 10
73.1520000407880957
 20
-181.3305999592118951
 30
0.0
 41
-25.3999999999999986
 42
25.3999999999999986
 43
25.3999999999999986
 50
270.0
  0
INSERT
  5
21AA
  8
_G01-IND-3GEN_DRILLS
  6
CONTINUOUS
  2
ROUND_112
 10
2.1590000407880621
 20
-67.0051999592119927
 30
0.0
 41
-25.3999999999999986
 42
25.3999999999999986
 43
25.3999999999999986
 50
270.0
  0
INSERT
  5
21AB
  8
_G01-IND-3GEN_DRILLS
  6
CONTINUOUS
  2
ROUND_112
 10
2.1590000407880621
 20
-52.0191999592119103
 30
0.0
 41
-25.3999999999999986
 42
25.3999999999999986
 43
25.3999999999999986
 50
270.0
  0
INSERT
  5
21AC
  8
_G01-IND-3GEN_DRILLS
  6
CONTINUOUS
  2
ROUND_112
 10
2.1590000407880621
 20
-47.0153999592119334
 30
0.0
 41
-25.3999999999999986
 42
25.3999999999999986
 43
25.3999999999999986
 50
270.0
  0
INSERT
  5
21AD
  8
_G01-IND-3GEN_DRILLS
  6
CONTINUOUS
  2
ROUND_112
 10
2.1590000407880621
 20
-42.0115999592119493
 30
0.0
 41
-25.3999999999999986
 42
25.3999999999999986
 43
25.3999999999999986
 50
270.0
  0
INSERT
  5
21AE
  8
_G01-IND-3GEN_DRILLS
  6
CONTINUOUS
  2
ROUND_112
 10
9.6520000407880602
 20
-42.0115999592119493
 30
0.0
 41
-25.3999999999999986
 42
25.3999999999999986
 43
25.3999999999999986
 50
270.0
  0
INSERT
  5
21AF
  8
_G01-IND-3GEN_DRILLS
  6
CONTINUOUS
  2
ROUND_112
 10
9.6520000407880602
 20
-47.0153999592119334
 30
0.0
 41
-25.3999999999999986
 42
25.3999999999999986
 43
25.3999999999999986
 50
270.0
  0
INSERT
  5
21B0
  8
_G01-IND-3GEN_DRILLS
  6
CONTINUOUS
  2
ROUND_112
 10
9.6520000407880602
 20
-52.0191999592119103
 30
0.0
 41
-25.3999999999999986
 42
25.3999999999999986
 43
25.3999999999999986
 50
270.0
  0
INSERT
  5
21B1
  8
_G01-IND-3GEN_DRILLS
  6
CONTINUOUS
  2
ROUND_112
 10
9.6520000407880602
 20
-67.0051999592119927
 30
0.0
 41
-25.3999999999999986
 42
25.3999999999999986
 43
25.3999999999999986
 50
270.0
  0
INSERT
  5
21B2
  8
_G01-IND-3GEN_DRILLS
  6
CONTINUOUS
  2
ROUND_242
 10
101.7270000407879991
 20
-61.7219999592119493
 30
0.0
 41
-25.3999999999999986
 42
25.3999999999999986
 43
25.3999999999999986
 50
270.0
  0
INSERT
  5
21B3
  8
_G01-IND-3GEN_DRILLS
  6
CONTINUOUS
  2
ROUND_242
 10
96.2660000407880574
 20
-61.7219999592119493
 30
0.0
 41
-25.3999999999999986
 42
25.3999999999999986
 43
25.3999999999999986
 50
270.0
  0
INSERT
  5
21B4
  8
_G01-IND-3GEN_DRILLS
  6
CONTINUOUS
  2
ROUND_242
 10
90.8050000407880447
 20
-61.7219999592119493
 30
0.0
 41
-25.3999999999999986
 42
25.3999999999999986
 43
25.3999999999999986
 50
270.0
  0
INSERT
  5
21B5
  8
_G01-IND-3GEN_DRILLS
  6
CONTINUOUS
  2
ROUND_242
 10
84.3280000407879839
 20
-56.2609999592119507
 30
0.0
 41
-25.3999999999999986
 42
25.3999999999999986
 43
25.3999999999999986
 50
270.0
  0
INSERT
  5
21B6
  8
_G01-IND-3GEN_DRILLS
  6
CONTINUOUS
  2
ROUND_242
 10
84.3280000407879839
 20
-61.7219999592119493
 30
0.0
 41
-25.3999999999999986
 42
25.3999999999999986
 43
25.3999999999999986
 50
270.0
  0
INSERT
  5
21B7
  8
_G01-IND-3GEN_DRILLS
  6
CONTINUOUS
  2
ROUND_242
 10
84.3280000407879839
 20
-67.1829999592119407
 30
0.0
 41
-25.3999999999999986
 42
25.3999999999999986
 43
25.3999999999999986
 50
270.0
  0
INSERT
  5
21B8
  8
_G01-IND-3GEN_DRILLS
  6
CONTINUOUS
  2
ROUND_243
 10
68.8340000407880979
 20
-170.5609999592118982
 30
0.0
 41
-25.3999999999999986
 42
25.3999999999999986
 43
25.3999999999999986
 50
270.0
  0
INSERT
  5
21B9
  8
_G01-IND-3GEN_DRILLS
  6
CONTINUOUS
  2
ROUND_243
 10
68.8340000407880979
 20
-166.7509999592118959
 30
0.0
 41
-25.3999999999999986
 42
25.3999999999999986
 43
25.3999999999999986
 50
270.0
  0
INSERT
  5
21BA
  8
_G01-IND-3GEN_DRILLS
  6
CONTINUOUS
  2
ROUND_243
 10
108.0770000407879934
 20
-154.6859999592118982
 30
0.0
 41
-25.3999999999999986
 42
25.3999999999999986
 43
25.3999999999999986
 50
270.0
  0
INSERT
  5
21BB
  8
_G01-IND-3GEN_DRILLS
  6
CONTINUOUS
  2
ROUND_243
 10
108.0770000407879934
 20
-150.8759999592118959
 30
0.0
 41
-25.3999999999999986
 42
25.3999999999999986
 43
25.3999999999999986
 50
270.0
  0
INSERT
  5
21BC
  8
_G01-IND-3GEN_DRILLS
  6
CONTINUOUS
  2
ROUND_243
 10
20.9677000407880811
 20
-21.9201999592120416
 30
0.0
 41
-25.3999999999999986
 42
25.3999999999999986
 43
25.3999999999999986
 50
270.0
  0
INSERT
  5
21BD
  8
_G01-IND-3GEN_DRILLS
  6
CONTINUOUS
  2
ROUND_243
 10
3.8227000407880638
 20
-21.9201999592120416
 30
0.0
 41
-25.3999999999999986
 42
25.3999999999999986
 43
25.3999999999999986
 50
270.0
  0
INSERT
  5
21BE
  8
_G01-IND-3GEN_DRILLS
  6
CONTINUOUS
  2
ROUND_122
 10
23.4950000407880992
 20
-192.7859999592118925
 30
0.0
 41
-25.3999999999999986
 42
25.3999999999999986
 43
25.3999999999999986
 50
270.0
  0
INSERT
  5
21BF
  8
_G01-IND-3GEN_DRILLS
  6
CONTINUOUS
  2
ROUND_122
 10
23.4950000407880992
 20
-213.9949999592118957
 30
0.0
 41
-25.3999999999999986
 42
25.3999999999999986
 43
25.3999999999999986
 50
270.0
  0
INSERT
  5
21C0
  8
_G01-IND-3GEN_DRILLS
  6
CONTINUOUS
  2
ROUND_146
 10
-116.2049999592119036
 20
-220.0909999592118993
 30
0.0
 41
-25.3999999999999986
 42
25.3999999999999986
 43
25.3999999999999986
 50
270.0
  0
INSERT
  5
21C1
  8
_G01-IND-3GEN_DRILLS
  6
CONTINUOUS
  2
ROUND_146
 10
105.4100000407881055
 20
-209.930999959211988
 30
0.0
 41
-25.3999999999999986
 42
25.3999999999999986
 43
25.3999999999999986
 50
270.0
  0
INSERT
  5
21C2
  8
_G01-IND-3GEN_DRILLS
  6
CONTINUOUS
  2
ROUND_146
 10
90.1700000407879969
 20
-41.6559999592118828
 30
0.0
 41
-25.3999999999999986
 42
25.3999999999999986
 43
25.3999999999999986
 50
270.0
  0
INSERT
  5
21C3
  8
_G01-IND-3GEN_DRILLS
  6
CONTINUOUS
  2
ROUND_238
 10
-76.8349999592119133
 20
-201.7775999592118978
 30
0.0
 41
-25.3999999999999986
 42
25.3999999999999986
 43
25.3999999999999986
 50
270.0
  0
INSERT
  5
21C4
  8
_G01-IND-3GEN_DRILLS
  6
CONTINUOUS
  2
ROUND_238
 10
-76.8349999592119133
 20
-158.597599959211891
 30
0.0
 41
-25.3999999999999986
 42
25.3999999999999986
 43
25.3999999999999986
 50
270.0
  0
INSERT
  5
21C5
  8
_G01-IND-3GEN_DRILLS
  6
CONTINUOUS
  2
ROUND_238
 10
4.4450000407881021
 20
-201.7775999592118978
 30
0.0
 41
-25.3999999999999986
 42
25.3999999999999986
 43
25.3999999999999986
 50
270.0
  0
INSERT
  5
21C6
  8
_G01-IND-3GEN_DRILLS
  6
CONTINUOUS
  2
ROUND_238
 10
4.4450000407881021
 20
-158.597599959211891
 30
0.0
 41
-25.3999999999999986
 42
25.3999999999999986
 43
25.3999999999999986
 50
270.0
  0
INSERT
  5
21C7
  8
_G01-IND-3GEN_DRILLS
  6
CONTINUOUS
  2
ROUND_238
 10
-12.5729999592119395
 20
-49.6315999592119823
 30
0.0
 41
-25.3999999999999986
 42
25.3999999999999986
 43
25.3999999999999986
 50
270.0
  0
INSERT
  5
21C8
  8
_G01-IND-3GEN_DRILLS
  6
CONTINUOUS
  2
ROUND_238
 10
-70.9929999592119145
 20
-91.5669999592119694
 30
0.0
 41
-25.3999999999999986
 42
25.3999999999999986
 43
25.3999999999999986
 50
270.0
  0
INSERT
  5
21C9
  8
_G01-IND-3GEN_DRILLS
  6
CONTINUOUS
  2
ROUND_238
 10
-12.5729999592118897
 20
-135.9915999592118965
 30
0.0
 41
-25.3999999999999986
 42
25.3999999999999986
 43
25.3999999999999986
 50
270.0
  0
INSERT
  5
21CA
  8
_G01-IND-3GEN_DRILLS
  6
CONTINUOUS
  2
ROUND_238
 10
12.3952000407880707
 20
-21.9201999592120416
 30
0.0
 41
-25.3999999999999986
 42
25.3999999999999986
 43
25.3999999999999986
 50
270.0
  0
INSERT
  5
21CB
  8
_G01-IND-3GEN_DRILLS
  6
CONTINUOUS
  2
ROUND_240
 10
25.5270000407880993
 20
-166.2429999592118861
 30
0.0
 41
-25.3999999999999986
 42
25.3999999999999986
 43
25.3999999999999986
 50
270.0
  0
POLYLINE
  5
21CC
  8
_G01-IND-3GEN_OUTLINE
  6
CONTINUOUS
 66
     1
 10
0.0
 20
0.0
 30
0.0
  0
VERTEX
  5
5B5D
  8
_G01-IND-3GEN_OUTLINE
  6
CONTINUOUS
 10
24.7798897299222709
 20
-27.2449023489978686
 30
0.0
  0
VERTEX
  5
5B5E
  8
_G01-IND-3GEN_OUTLINE
  6
CONTINUOUS
 10
24.765000040788081
 20
-14.8589999592120705
 30
0.0
  0
VERTEX
  5
5B5F
  8
_G01-IND-3GEN_OUTLINE
  6
CONTINUOUS
 10
5.0800000407880672
 20
-13.7159999592120307
 30
0.0
  0
VERTEX
  5
5B60
  8
_G01-IND-3GEN_OUTLINE
  6
CONTINUOUS
 10
-17.2211999592119582
 20
-13.7159999592120307
 30
0.0
  0
VERTEX
  5
5B61
  8
_G01-IND-3GEN_OUTLINE
  6
CONTINUOUS
 10
-36.1949999592119411
 20
-14.8589999592120705
 30
0.0
  0
VERTEX
  5
5B62
  8
_G01-IND-3GEN_OUTLINE
  6
CONTINUOUS
 10
-36.1949999592119411
 20
-27.050999959211989
 30
0.0
 42
-0.4142135999999658
  0
VERTEX
  5
5B63
  8
_G01-IND-3GEN_OUTLINE
  6
CONTINUOUS
 10
-37.46499995921193
 20
-28.320999959211921
 30
0.0
  0
VERTEX
  5
5B64
  8
_G01-IND-3GEN_OUTLINE
  6
CONTINUOUS
 10
-39.242999959211943
 20
-28.3209999592120987
 30
0.0
  0
VERTEX
  5
5B65
  8
_G01-IND-3GEN_OUTLINE
  6
CONTINUOUS
 10
-39.242999959211943
 20
-28.4479999592119803
 30
0.0
 42
-0.414213599999978
  0
VERTEX
  5
5B66
  8
_G01-IND-3GEN_OUTLINE
  6
CONTINUOUS
 10
-40.258999959211927
 20
-29.4639999592119608
 30
0.0
  0
VERTEX
  5
5B67
  8
_G01-IND-3GEN_OUTLINE
  6
CONTINUOUS
 10
-47.1169999592119169
 20
-29.4639999592119608
 30
0.0
 42
-0.4142135999999811
  0
VERTEX
  5
5B68
  8
_G01-IND-3GEN_OUTLINE
  6
CONTINUOUS
 10
-48.1329999592119933
 20
-28.4479999592119803
 30
0.0
  0
VERTEX
  5
5B69
  8
_G01-IND-3GEN_OUTLINE
  6
CONTINUOUS
 10
-48.1329999592119222
 20
-28.3209999592120987
 30
0.0
  0
VERTEX
  5
5B6A
  8
_G01-IND-3GEN_OUTLINE
  6
CONTINUOUS
 10
-120.0149999592119059
 20
-28.3209999592120987
 30
0.0
 42
0.414213599999986
  0
VERTEX
  5
5B6B
  8
_G01-IND-3GEN_OUTLINE
  6
CONTINUOUS
 10
-121.2849999592119019
 20
-29.5909999592120307
 30
0.0
  0
VERTEX
  5
5B6C
  8
_G01-IND-3GEN_OUTLINE
  6
CONTINUOUS
 10
-121.2849999592119019
 20
-66.4209999592119118
 30
0.0
  0
VERTEX
  5
5B6D
  8
_G01-IND-3GEN_OUTLINE
  6
CONTINUOUS
 10
-95.8849999592119246
 20
-66.4209999592119118
 30
0.0
 42
-0.4142135999999958
  0
VERTEX
  5
5B6E
  8
_G01-IND-3GEN_OUTLINE
  6
CONTINUOUS
 10
-94.6149999592119002
 20
-67.6909999592120215
 30
0.0
  0
VERTEX
  5
5B6F
  8
_G01-IND-3GEN_OUTLINE
  6
CONTINUOUS
 10
-94.6149999592119002
 20
-185.8009999592119073
 30
0.0
 42
-0.4142135999999956
  0
VERTEX
  5
5B70
  8
_G01-IND-3GEN_OUTLINE
  6
CONTINUOUS
 10
-95.8849999592119246
 20
-187.0709999592118891
 30
0.0
  0
VERTEX
  5
5B71
  8
_G01-IND-3GEN_OUTLINE
  6
CONTINUOUS
 10
-121.2849999592119019
 20
-187.0709999592118891
 30
0.0
  0
VERTEX
  5
5B72
  8
_G01-IND-3GEN_OUTLINE
  6
CONTINUOUS
 10
-121.2849999592119019
 20
-223.9009999592119016
 30
0.0
 42
0.4142135999999961
  0
VERTEX
  5
5B73
  8
_G01-IND-3GEN_OUTLINE
  6
CONTINUOUS
 10
-120.0149999592119059
 20
-225.1709999592119118
 30
0.0
  0
VERTEX
  5
5B74
  8
_G01-IND-3GEN_OUTLINE
  6
CONTINUOUS
 10
-48.1329999592119009
 20
-225.1709999592119118
 30
0.0
  0
SEQEND
  5
5B75
  8
_G01-IND-3GEN_OUTLINE
  6
CONTINUOUS
  0
POLYLINE
  5
21CD
  8
_G01-IND-3GEN_OUTLINE
  6
CONTINUOUS
 66
     1
 10
0.0
 20
0.0
 30
0.0
  0
VERTEX
  5
5B76
  8
_G01-IND-3GEN_OUTLINE
  6
CONTINUOUS
 10
-48.1329999592119009
 20
-225.0439999592119023
 30
0.0
 42
-0.4142136000000073
  0
VERTEX
  5
5B77
  8
_G01-IND-3GEN_OUTLINE
  6
CONTINUOUS
 10
-47.1169999592118671
 20
-224.0279999592119964
 30
0.0
  0
VERTEX
  5
5B78
  8
_G01-IND-3GEN_OUTLINE
  6
CONTINUOUS
 10
-40.2589999592118772
 20
-224.0279999592119964
 30
0.0
 42
-0.4142136000000038
  0
VERTEX
  5
5B79
  8
_G01-IND-3GEN_OUTLINE
  6
CONTINUOUS
 10
-39.2429999592119074
 20
-225.0439999592119023
 30
0.0
  0
VERTEX
  5
5B7A
  8
_G01-IND-3GEN_OUTLINE
  6
CONTINUOUS
 10
-39.2429999592119074
 20
-225.1709999592119118
 30
0.0
  0
VERTEX
  5
5B7B
  8
_G01-IND-3GEN_OUTLINE
  6
CONTINUOUS
 10
-29.2099999592118991
 20
-225.1709999592119118
 30
0.0
  0
VERTEX
  5
5B7C
  8
_G01-IND-3GEN_OUTLINE
  6
CONTINUOUS
 10
-29.2099999592118991
 20
-222.3769999592119007
 30
0.0
 42
-0.4142136000000073
  0
VERTEX
  5
5B7D
  8
_G01-IND-3GEN_OUTLINE
  6
CONTINUOUS
 10
-28.1939999592119008
 20
-221.3609999592119095
 30
0.0
  0
VERTEX
  5
5B7E
  8
_G01-IND-3GEN_OUTLINE
  6
CONTINUOUS
 10
-26.4159999592118915
 20
-221.3609999592119095
 30
0.0
 42
-0.4142136000000076
  0
VERTEX
  5
5B7F
  8
_G01-IND-3GEN_OUTLINE
  6
CONTINUOUS
 10
-25.3999999592119217
 20
-222.3769999592119007
 30
0.0
  0
VERTEX
  5
5B80
  8
_G01-IND-3GEN_OUTLINE
  6
CONTINUOUS
 10
-25.3999999592118897
 20
-225.1709999592119118
 30
0.0
  0
VERTEX
  5
5B81
  8
_G01-IND-3GEN_OUTLINE
  6
CONTINUOUS
 10
90.8050000407881015
 20
-225.1709999592119118
 30
0.0
 42
0.4142135999999999
  0
VERTEX
  5
5B82
  8
_G01-IND-3GEN_OUTLINE
  6
CONTINUOUS
 10
121.2850000407881055
 20
-194.6909999592118936
 30
0.0
  0
VERTEX
  5
5B83
  8
_G01-IND-3GEN_OUTLINE
  6
CONTINUOUS
 10
121.285000040788006
 20
-58.8009999592119001
 30
0.0
 42
0.4142136
  0
VERTEX
  5
5B84
  8
_G01-IND-3GEN_OUTLINE
  6
CONTINUOUS
 10
90.8050000407880447
 20
-28.3209999592120099
 30
0.0
  0
VERTEX
  5
5B85
  8
_G01-IND-3GEN_OUTLINE
  6
CONTINUOUS
 10
26.0350000407880486
 20
-28.3209999592120099
 30
0.0
 42
-0.4142135999999656
  0
VERTEX
  5
5B86
  8
_G01-IND-3GEN_OUTLINE
  6
CONTINUOUS
 10
24.7650000407878998
 20
-27.0509999592119001
 30
0.0
  0
SEQEND
  5
5B87
  8
_G01-IND-3GEN_OUTLINE
  6
CONTINUOUS
  0
DIMENSION
  5
358E
  8
0
  2
*D23
 10
232.0201200405005864
 20
-279.40000911860011
 30
0.0
 11
232.0201200405005011
 21
-252.2855045389059967
 31
0.0
 70
   128
 13
90.8050000407881015
 23
-225.1709999592119118
 33
0.0
 14
192.9638021221699944
 24
-279.4000091185999963
 34
0.0
 50
90.0
1001
ACAD
1000
DSTYLE
1002
{
1070
   171
1070
     3
1070
   143
1040
0.03937
1070
   170
1070
     1
1070
   271
1070
     0
1070
    45
1040
0.0
1070
   140
1040
6.0
1070
    41
1040
5.0
1002
}
  0
DIMENSION
  5
35A9
  8
0
  2
*D24
 10
276.164930724483213
 20
4.826000040788041
 30
0.0
 11
276.164930724483213
 21
-137.2870045389061033
 31
0.0
 70
   128
 13
192.9638021221699944
 23
-279.4000091185999963
 33
0.0
 14
90.8050019986142019
 24
4.8260000407880099
 34
0.0
 50
90.0
1001
ACAD
1000
DSTYLE
1002
{
1070
    41
1040
5.0
1070
   140
1040
6.0
1070
   143
1040
0.03937
1070
   170
1070
     1
1070
   171
1070
     3
1070
   271
1070
     0
1002
}
  0
DIMENSION
  5
35C3
  8
0
  2
*D25
 10
315.7290274192351944
 20
-279.40000911860011
 30
0.0
 11
315.7290274192350807
 21
78.9820979614594734
 31
0.0
 70
   128
 13
192.9638021221699944
 23
279.400003040379886
 33
0.0
 14
192.9638021221699944
 24
-279.4000091185999963
 34
0.0
 50
90.0
1001
ACAD
1000
DSTYLE
1002
{
1070
    41
1040
5.0
1070
   140
1040
6.0
1070
   143
1040
0.03937
1070
   170
1070
     1
1070
   171
1070
     3
1070
   271
1070
     0
1002
}
  0
DIMENSION
  5
35DD
  8
0
  2
*D26
 10
121.2850000407881055
 20
-311.2551400864206244
 30
0.0
 11
168.8192319302416138
 21
-311.2551400864206244
 31
0.0
 70
   128
 13
215.9000121577099094
 23
-256.4637990830599961
 33
0.0
 14
121.2850000407881055
 24
35.3060000407880494
 34
0.0
1001
ACAD
1000
DSTYLE
1002
{
1070
    41
1040
5.0
1070
   140
1040
6.0
1070
   143
1040
0.03937
1070
   170
1070
     1
1070
   171
1070
     3
1070
   271
1070
     0
1002
}
  0
DIMENSION
  5
35F7
  8
0
  2
*D27
 10
-215.9000000012698877
 20
-345.8453674512966245
 30
0.0
 11
0.0000060782200001
 21
-345.8453674512966245
 31
0.0
 70
   128
 13
215.9000121577099094
 23
-256.4637990830599961
 33
0.0
 14
-215.9000000012698877
 24
-279.4000091185999963
 34
0.0
1001
ACAD
1000
DSTYLE
1002
{
1070
    41
1040
5.0
1070
   140
1040
6.0
1070
   143
1040
0.03937
1070
   170
1070
     1
1070
   171
1070
     3
1070
   271
1070
     0
1002
}
  0
ENDSEC
  0
EOF
